Phenylephrine,Epinephrine
A
Metyrosine
CoA,A

H,H,ECG,H,H,H
CoA,D
A

CAM,K,CAM,CAM,CAM,CAM,CAM,60,37
SDS
A


A
M

A,A,A,A

SDS,4-Methylpyrazole,50%
A
Flaxedil

90
Carbimazole,CBZ,CBZ,CBZ,CBZ,CBZ,CBZ,CBZ


A,A
U,U,U


I,Hydroxocobalamin,I,Cyanocobalamin
40
I,60%,60,Spironolactone
Histamine
A,A


Amodiaquine,80%
Cycrimine,A
A,PTU,TPO,PTU,PTU,PTU,PTU,60,TPO,H2O2

37,EACA
Felodipine,KI,Felodipine,Felodipine
Nilvadipine,Nilvadipine,Nilvadipine
37
20%,A
mAMSA

17,Finasteride
Candoxatril
SON,SON
TSH,A,TSH,TSH
Disulfiram,DDC,Metronidazole,M,Beta-Mercaptoethanol,DDC


S,S,S,S,S,S,S,S,S,S,S,S,S
A
Norgestimate
M
A

60

L
60%

A,D,H,H,H,H,D
A,A
S.T.D.,S.T.D.,S.T.D.
60,40
Metipranolol
A,GABA,GABA

M,43
A,IOP,60,Yohimbine,IOP,IOP
Sulfasalazine

Procarbazine
Zileuton
Salmeterol,Salmeterol,200,Salmeterol
Phenindamine

Analgesic
Iloprost,50%,Iloprost,Iloprost
Clotrimazole
Amlexanox,A,Amlexanox
35,Cilazapril,MAP,ECG

Candoxatril,Body
50%
GSSG,GSSG,GSSG,GSH,GSSG,GSH,GSSG,GSSG

Dehydroepiandrosterone,DHEA
salt
47,CGS,CP
Etoposide,S,Etoposide,Teniposide,40%,60%,A,50%,200
GM-CSF
M3

A,ATP
I,I,I,I

60,d-tubocurarine
I,I,OXT,OXT

60%,80%
Ketoconazole,[3H]R1881,M,[3H]R1881,50%,Ketoconazole
Reserpine,Reserpine

Terbinafine,Terbinafine

REM
Edrophonium
Alcohol,ADH,4-methylpyrazole,ADH,17

MAP
A,A


TNF,TNF,TNF,TNF

70%
K,K,L-noradrenaline,L-noradrenaline,L-noradrenaline

Estramustine
A,A,A,ACTH

I
A
Carfentanil,Diprenorphine
Aprindine,M,Aprindine,200
ATP
cAMP,TSH,cAMP,TPO,TPO,TSH,TPO
GABA

A

A
ATP
I,Doxapram,I,Doxapram,I,I
M
IOP,IOP,IOP,70%
60
Lisuride,Lisuride,Lisuride


cAMP,GDP,40%,GTP

Ropinirole,Domperidone,A
Procaterol
Clenbuterol
Daytime


(+)-tubocurarine
P

Fluspirilene,Fluspirilene,K,K,K,Fluspirilene,Fluspirilene
M
DHPG,DHPG,20%,DHPG,A
Enalkiren,Enalkiren
A,Release,Suramin
Carvedilol,Carvedilol,Carvedilol
A,Formoterol,Formoterol
NADH,Barbitone,Dicumarol,34
Cold,P,P,P,P,P,P,Cold,60,60
Homoharringtonine
360,Cysteine,DFMO
TNF

134,CGS,CGS,A,P
Methionine,tetrahydrofolate
d-tubocurarine
A
Lisuride,Lisuride,Lisuride

Colchicine,A,Taxol,GTP

I,GnRH,GnRH


A,37
Etoposide,50%

A,A
M3,Difenidol,M3,M3
Probucol

PGE2
A
17,200,50%,A
35
GH,GH,A,I

P,A


M,GABA
200,Procaterol
Cisapride
PG
A,A
30%
ICI


168
KCl,ICI,M,ICI
Cetirizine,Cetirizine
A
MDMA,MDMA,MDMA,MDMA,MDMA

17,17,17

Glycerol

Famotidine

FSH,FSH,FSH-beta,FSH-beta,FSH,FSH,FSH-beta
K,K,NADH,200,NADH,K,K
M
135,A,50%
30%

Danazol
GnRH,Nafarelin,Nafarelin,Nafarelin,GnRH,Nafarelin
ATP,Almitrine
Verapamil,Verapamil,Nifedipine
A
Nafarelin,GnRH,Nafarelin,Nafarelin
Amperozide,Amperozide
ACTH,ACTH,ACTH(1-24),ACTH(1-24)
Almitrine,Almitrine,ATP
40,A,50%,Protection
A
A
Penbutolol
Bepridil,Perhexiline
L-noradrenaline,L-noradrenaline,L-noradrenaline
35,40

Moclobemide,Moclobemide


17,17,190,Cyproterone
TPA,TPA,TPA
Chlorotrianisene,TACE,TACE,TACE,TACE
LH,LH,LH,Danazol,LH
Agmatine
360,CD
AP,AP,BOS,Ecothiopate

C17
50%,Pimozide,I,Pimozide
85
Danocrine,Danazol
I,K,I,I,I,Dicumarol
Pentostatin
40,Alprenolol,Pindolol,50%,Bopindolol,40%,ISA
Felodipine
Azacitidine,Azacitidine
A
S

cAMP,cAMP,cAMP,H-8,cAMP,cAMP,cAMP
A

A,60
GSH,GSH,LAAM,LAAM,GSH,GSH,LAAM,GSH,Morphine,GSH,GSH,GSH
I,50%,His,I,I
H,H,H

Danazol,Danazol


DHT,DHT,DHT
Loratadine
ATP
Metoclopramide,60
Minaprine
AP5



Ethosuximide
A
Methoxamine

DCA,DCA,DCA,DCA,DCA,DCA

772
Terfenadine,Loratadine,Terfenadine,60
90,Bevantolol,Bevantolol,60,60,Bevantolol
80%,20%
A,Bromazepam,Temazepam
CsA,CsA
200,200

Alcohol,85,95%,ADH,ADH,NADH
Carvedilol,Carvedilol,KCl,KCl
30%

TEA,TEA,TEA,TEA
S,S
Minaprine,Minaprine,86
Ceruletide,CLT,CLT,CLT

A,A


M,MAP,MAP,MAP,MAP
I
40,K,K,K,Warfarin,K,K
M,980,60,M


60
4-methylpyrazole,KI,I,ADH
37,37,Mepenzolate,Verapamil,A,37
Ouabain,200

A
cAMP,cAMP,Felodipine,cAMP,cAMP,Felodipine,Felodipine
I,I

20%
96,50%,50%,50%,Enoxacin,50%,96,96
Chlorpromazine
GABA,Secobarbitone,Secobarbitone,A

Diazepam
43,88
Ambenonium,Ambenonium
Nizatidine,ICI,Nizatidine,ICI,ICI
Bevantolol,Bevantolol,Bevantolol,Bevantolol,I,Bevantolol
40,30%,Alprenolol,ISA
A


Hydergine,Hydergine,Hydergine,Hydergine,Hydergine,Hydergine,Hydergine,Hydergine


"3,4-Methylenedioxymethamphetamine",3310
A,Phenytoin,GABA,GABA,Ethosuximide
ICI,ICI,ICI,50%
43


A
Nizatidine,Nizatidine,Nizatidine,Equal
Terfenadine,Terfenadine
A,37

A,50%

cAMP,cAMP,cAMP,cAMP
DPPE,DPPE,pyrilamine,pyrilamine,DPPE,DPPE,DPPE,DPPE,DPPE,DPPE,DPPE,DPPE,DPPE,TAM

SKF
Bevantolol
Triazolam
A,Levobunolol,Levobunolol,IOP
17,40
Quazepam,BZ1
Nizatidine
Astemizole,Astemizole,Astemizole,Astemizole
Levobunolol,30%,Levobunolol
A
60
37,Nizatidine,pyrilamine
Ergometrine
Levomepromazine
1001,1001,1001,1001


A
60
60,30%,A
Tacrine,CD,CD,Tacrine,DFP,DFP,40,60%,DFP
A,4HPR,4HPR,K,4HPR
Nifedipine,Prenylamine,Felodipine,Felodipine,Felodipine
Bepridil,ATP,ATP
37

Acarbose,M,M
20%
A
Minaprine,Minaprine
ACTH,Megestrol,ACTH,ACTH,ACTH,ACTH,ACTH,50%,ACTH,ACTH,Megestrol
K,K,88
GABA,Progabide,A,GABA
I,I,I,Norepinephrine,ICI
A
Enprofylline,Enprofylline,Enprofylline
96
Diethylcarbamazine,40
A
40%,40,33,40
43

Novobiocin,50%,Ofloxacin
GABA,BZ1,BZ1
51,NIL,NIL,NIL,A,A,NIL,43,NIL,NIL,102,190,NIL

I,I
cAMP,cis-thiothixene,I,SKF,cAMP,DA2,cAMP

A
LH-RH,20%,LH-RH,17,LH-RH
K
TYR,P,P,P,TYR


Serine,NADH
EACA

Bethanidine

A
50%,I50,I50,I50,I50,I50,I50,A

K,90


40,A,17
M,Ara-C,S,Ara-C,TPA

Estramustine,Estramustine
Anandron,Anandron,LHRH,Anandron
17,17,17,17,17,17
37,37,20%,A

H2O2,60,4-methylpyrazole,ADH,50%,H2O2,H2O2,H2O2,H2O2,ADH
A,A

50%


Gly,Gly,Asp,Gly,Gly,A
Phenylbutazone,Phenylbutazone,Phenylbutazone,Phenylbutazone
I,A

40%,40%,60%
A,A

A,Caffeine,A
DES

17,17,A,[3H]DHT

I,I,I

A,Methionine
S1A,60,90
A,A
Minaprine,Minaprine,A,Minaprine
Triflusal
Guanadrel,Guanadrel
Phenylbutazone,H,H2O2,H2O2
Clinoril,Clinoril,36
Allylestrenol,37
A,A,A,A
A,A
HN2,Estracyt,HN2,HN2,S,Estracyt,S,MTX,S,HN2,Estracyt,Estracyt,S,Estracyt,S
A,M,M,M,M,A
A
A,A
A,Prenylamine,A
Cysteamine,GH,TSH,MEA,MEA,GH,TSH,MEA,MEA,MEA,MEA,MEA,MEA,MEA,MEA,GH,MEA




K
Diethyldithiocarbamate,Carmustine

F,F,F,F,F,F
A,36

Cirazoline,A
A
SKF,A,SKF,SKF

Domperidone
Sulfasalazine,Sulfasalazine,A
GABA,GABA,GABA,GABA,GABA,GABA

920,20%,60,920,Ketanserin,A
A
Cysteamine,Cysteamine

80%,A,P,Astemizole

37,80%,37,37
M
Adinazolam,M
Bevantolol,40
Remoxipride,Remoxipride,Remoxipride
Amitriptyline

37,A
Aprindine,Aprindine

cAMP,cAMP,cAMP,cAMP
Astemizole,A
Indecainide,I
A,Medroxyprogesterone,A
Acarbose,Acarbose,Acarbose
A
A,A,67,A,A

A

SKF
1140
SKF
Mianserin,A
[3H]GABA,(+)-etomidate,GABA,GABA,GABA,GABA,GABA
Adinazolam,Adinazolam,Adinazolam
Antrafenine,750
A,17

Anandron,LH,LH,LH,LH,LH,LHRH,LH
ATP,A,K,K

50%,M,M
Sulindac
Mequitazine,Mequitazine,Terfenadine,Mequitazine

H,PGH
A
Fluoxymesterone

Practolol,40,40,Practolol,20%,40
A
37,37

A,I,I,I,A,I
50%,60%
H2O2,I,H2O2,H2O2




Histamine
Amodiaquine,Amodiaquine
A,dATP,ATP,200,dATP,ATP
Bethanidine,Bretylium,Bethanidine



K
ICI,TACE,ICI,Tamoxifen
A
L-DOPA,PLP,L-DOPA,PLP,L-DOPA,L-DOPA,L-DOPA,L-DOPA,PLP
Tamoxifen,50%,60%,Fluoxymesterone

Pirbuterol,Pirbuterol

37,30%
Aspirin
34
A





Famotidine

Dolasetron,36,A
Prazosin

A,FGF-7,FGF-7,FGF-7,FGF-7

Risperidone,RIS,RIS,20%,RIS,20%,RIS,RIS

20%

TNF,M,I,I,I,I,I,37,I
L-NMMA
Risperidone,Clozapine,Risperidone,A,50%

200
AP,AP
Loratadine,Loratadine
50%,A
Menthol
ICI
Risperidone,Risperidone,Risperidone,Risperidone,LSD,Risperidone,Risperidone,Risperidone

Procaine
Danazol,Danazol,50%,Danazol
Risperidone
H
Vapreotide,P,Vapreotide,P
43,227,43
P,P,P
50%
PS,Lindane,PS,PS,PS
I,"L-3,4-dihydroxyphenylalanine"
P,A
Loratadine,Loratadine,Loratadine,60

I,I,I,I,A,I
33,47,A,43,Q



ICI,ICI
Calcitonin,K

A
37
I,I,Doxapram
50%,Mepenzolate,80%
47
Drospirenone,Drospirenone,Drospirenone,Progesterone,Drospirenone,Drospirenone,Drospirenone
LMWH,LMWH,LMWH
K,K

80%,60%,50%
A,A,A,A,A
Terfenadine,260
A,K,K,K
KI,47
37,A
A
Formoterol,Formoterol,P,ICI,P,P,P,P
Alprenolol,M,Alprenolol,M,60

TTX

P,NG,37,NG,NG,NG,G,NG,NG,NG
Prazosin,Risperidone

NET,Methylphenidate,NET
37,Glycine,Anesthetic
54,A


G,GTP,S,GDP,S,S,S,S,S,S
Atovaquone,A,Atovaquone
A,GPI
95%

Vinorelbine,90,17

30%,20%
50%


FSH,FSH,FSH,FSH,FSH,FSH,FSH,FSH,FSH,FSH,FSH,FSH,FSH,FSH
50%
40,BRL49653
salt,40
A
GABA,I
A
A,A,A,B3
MDMA,MDMA,MDMA
80%
GABA
Indomethacin
86,AT1,95%,P,AT1,I,AT1

A

17
Zonisamide
ETA,Bosentan,63,60,P
Anesthetic
A
FSH
Norepinephrine
cAMP,A,Salmeterol,TNF,Salmeterol,50%
200,GABA,GABA,Gly,Ser
Nilvadipine,Nilvadipine,Nilvadipine,90,80%,Nilvadipine


Agmatine
36,Clozapine


1990,1990
N20,95%

Bosentan,Bosentan,Bosentan
A
STZ,STZ,STZ,STZ,STZ

A,51
Sucralfate,Sucralfate
A,1993,50%,A,60%,50%,40%
A

5-Ethynyluracil,190,M,NADH,5-Ethynyluracil,5-Ethynyluracil
A
PA,PA
60
Fenoterol,ICI,Fenoterol,ICI
Nadolol,N20,95%,N20
I,35

Trilostane,Pregnenolone,Trilostane,Progesterone,P,LH,Progesterone
A
60
A,P
GnRH,GnRH,GnRH,GnRH

Astemizole,Astemizole,pyrilamine,20%,Astemizole,pyrilamine
Cyclothiazide
Sumatriptan

212,ICI
A,M3
I
Zileuton,Zileuton


FSH,FSH,FSH,FSH
AMCA,EACA
Pimozide
A
Atropine,Cisapride,70%,Cisapride,90,M,M
ICI,A
ICI

VIP,PHM,A

200,200

A

17,37
17,17,17,17
190
PMA,PMA,Cefdinir
37
Dolasetron,Dolasetron,40
A,80%
A
Norepinephrine
Glimepiride

Ceruletide,38,Ceruletide,Ceruletide
I,I,I,I,P,I,I


50%,(+)-tubocurarine,30%,(+)-tubocurarine,(+)-tubocurarine
Valsartan,200,60%,200

Scopolamine,80%
141

A,240,36,Ridogrel,36
D
Diazoxide,K,K
A,M
A
A

FSH-beta,FSH-beta,FSH-beta,FSH,FSH,FSH-beta,FSH,FSH,FSH-beta,FSH

I,I,I
A
U,323,212
Dihydrotachysterol,D,D,DHT2,D,D,D,DHT,D
cAMP
A,Moxonidine,Moxonidine,Moxonidine

cAMP
LSD

200
A

Cocaine

K,K,K

Alcohol,4-methylpyrazole,4-methylpyrazole,4-methylpyrazole,CoA,CoA,CoA,4-methylpyrazole,4-Methylpyrazole,CoA,CoA,CoA,H2O2,ADH,ADH

IOP,Demecarium,IOP,Echothiophate,IOP
C5
DPE,DPE,DPE,DPE
Flunisolide

K,K,35


A,Tolazoline
Butenafine,50%
I
17
Temocapril
Vinblastine,d-tubocurarine,200,88
2-Chloro-2'-deoxyadenosine,CldAdo,CldAdo,PNP,CldAdo,PNP,CldAdo
60,50%,60,A,60%
STZ,Sulindac


A


Amantadine


AT1,AT1,AT1,AT1,AT1,Valsartan,AT1,AT1



Naloxone


Dexamethasone,IL-4,M,IL-4
60%
M3,M3
GH,GH,salt,GH,Verapamil,cAMP,cAMP,cAMP,GH

Halotestin
Prazosin,Methoxamine,Methoxamine
Mirtazapine,Mirtazapine,Mirtazapine,Mirtazapine
CB1,CB1,CB1,CP,CB1,CB1,CB1,CP,CP,CB1,CP

IL-11,IL-11,IL-11,IL-11,IL-11
A,Reserpine
A
A,A
80%
Remoxipride,Remoxipride
AL,88,AL
IL-11,TNF,IL-11,IL-11
Flumazenil
Remifentanil,MAP,Remifentanil
Perhexiline,148,Perhexiline

40%,ADP
A,A
Teniposide,I
LMWH,LMWH

50%,Arbutamine,Arbutamine
KCl
17,A,Drospirenone
Diflunisal

70%,96%
GABA

70%
AGP,AGP
I,I,I,Miconazole,60,I,I
P,Metaproterenol,36,P,cAMP
Suramin,Suramin,UTP,Suramin,UTP
Triamterene,17
cAMP,cAMP,A,cAMP,Fenoterol,cAMP

190

Recovery
cAMP

A
A
I
ATP,ATP,35,60,MAP,MAP


G,G,S,S,G,S,S
cAMP,cAMP,Forskolin,cAMP

60
M,63,M,M,M,33,M,91,33

A,EGF,I,EGF
Ridogrel,Ridogrel
Morphine,Morphine
I,I,I,I,I
GABA,GABA,GABA

CP,CP,CP,CP,3162,200,CB1,CP
P,P,P
A,A
Phenylephrine,70%
Remifentanil,Remifentanil
Moclobemide,Moclobemide,Moclobemide
136,203,298
Cyclothiazide,Cyclothiazide,Cyclothiazide,Cyclothiazide
ICI

ADP,Tiludronate
Phenylephrine
Rizatriptan,Rizatriptan,KCl

Glimepiride
Q

Drospirenone,Drospirenone
Prazosin,Risperidone,A
Mirtazapine
Moxonidine,Naphazoline,Norepinephrine
Risperidone,A,Sertindole,Risperidone,Risperidone,Clozapine,A,A
CD,CD,36,CD,CD,CD,CD

Cabergoline,Cabergoline


SC-52458,SC-52458,SC-52458,AT1
[3H]SR141716A,294,[3H]SR141716A,[3H]SR141716A,[3H]SR141716A,A,cAMP

BHT,BHT
A

Iloperidone,Iloperidone,Iloperidone,Iloperidone

PGE2,PGE2
Indomethacin
GABA
360,Glibenclamide,60
90,K
G,GDP,G,S,S,S,GTP,GDP,G,G
Tazarotene,Tazarotene,Tazarotene



17,ICI-164384,17,17,ICI-164384,17,17,17

MK-462
FGF-7,FGF-7,FGF-7,FGF-7
212,60
Remifentanil
Felbamate,Felbamate,GABA,Meprobamate
A
A,A

Haloperidol,A

IL-8
SKF,SKF,L-DOPA
M
Remifentanil,Remifentanil,50%
Pyrimethamine
Nadroparin,60,Nadroparin,Nadroparin

Mitotane
Rizatriptan
Prazosin,40,Prazosin,723,723

Tiludronate,Tyrosine
GABA

COX,Indomethacin,COX,63,PGE2,A
PGE2,PGE2,PGE2,PGE2,PGE2,PGE2,PGE2,PGE2,PGE2,PGE2
Acitretin
200,SC-52458,SC-52458,SC-52458
PPA,PPA,PPA

Tenoxicam
A
Megestrol
Risperidone

50%,PGE2,PG

Tripelennamine
I,I,I
A
A,Felodipine
A
Sulfasalazine,Sulfasalazine,200,Sulfasalazine
Dolasetron,50%,60,80%,200,200,Dolasetron,Dolasetron,200,A,40%,Dolasetron,Dolasetron,ECG
90,240,67,38,240
90,143,Riluzole,Riluzole
DHEA,[3H]GABA,GABA,GABA,GABA,DHEA
Ridogrel
Lansoprazole,60,Lansoprazole,Lansoprazole,Lansoprazole,70%,Lansoprazole,60,Lansoprazole

D

Atenolol,Spirapril
PLP,PLP,PLP
IL-11,IL-11,50%,IL-11
D,F,I,A,PGE2,PGE2,PGE2,PGE2,PGE2
I
A,A
A,U
LAAM,LAAM

Mibefradil,Mibefradil,Mibefradil

NET,NET,Cocaine,NET,NET
G-CSF,G-CSF
A,F,Y,F,Y,200
Methionine,tetrahydrofolate,757,Glu,tetrahydrofolate
Zolmitriptan,Zolmitriptan,Zolmitriptan
Naloxone,A
A,D,Dapiprazole,A,D,A,D
60,37
40,STZ,STZ,STZ,STZ,STZ
CTP,CTP,dATP
MAP,MAP,PD-98059,TNF,A
I,Sulodexide

GABA,GABA,200

tetrahydrofolate,Gly,96,60%,96,THF,THF
Mequitazine,Mequitazine
243,338,cAMP

K



Mibefradil
Terfenadine,2E1
A
Adriamycin,D
"U-101,387"
Ondansetron
Formoterol,Formoterol,Formoterol
A,P,P,54,P,P,P

A,cAMP
M,GTP


M3,M3,M3
Met
Lindane,90,A,GABA
37
Dehydroepiandrosterone,DHEA,DHEA,DHEA,DHEA,DHEA

60,Ouabain,60
Triflusal
80%
Deramciclane,Deramciclane,168,Deramciclane,Deramciclane
Methamphetamine,GABA,GABA,GABA,GABA,GABA
Adapalene
Diethylstilbestrol,DES,DES,ICI

Fluticasone
60,90
I,I


37,60%,90

Nisoldipine

A

50%,1983


LSD,LSD,LSD,LSD,17,LSD,LSD


PGE2,PGE2
Triflusal,70%
A,GnRH,GnRH,GnRH,GnRH,GnRH,GnRH,GnRH



A
Levodopa

50%,Trp,Tyr
Phenylalanine
Diazoxide,50%
ATP,UTP,UDP,ATP,UTP
83,ATP

320,GDP,GDP,GDP,GDP,GDP



A,METH,METH,METH,METH,METH
Leflunomide,S
A
I,NAC,43,I,I,NAC,I,P,I,I,I,I
A,A
tetrahydrofolate
A


pyrilamine,Tripelennamine,pyrilamine,MED,ALA,MED
A,Sertindole,Sertindole
A,40,L,Basiliximab,20%,A
A,Cisapride,Cisapride
A
1990,A,COX
Orlistat,360,A


tetrahydrofolate,Methionine,757,70%,AdoMet,AdoMet
A,Tyr,Tyr,L
A

320,320,320
I,Carbetocin,50%,I,I,I,Carbetocin
17,Clozapine

60,149,1118

Sulfasalazine
A,A
Bosentan

90
PA,PA,PA,200,PA,PA,WAY,ICI,PA,PA,A,PA,PA,PA,PA,PA
A,Entacapone,200

COX,COX
ACTH,A,40



TNF,TNF,I,TNF,TNF,TNF
Tacrine,Atropine,M3
Zolmitriptan,Zolmitriptan,Zolmitriptan

A
A
L-Arg,L-Arg,Clotrimazole,L-Arg
Cocaine,Cocaine
Telmisartan,AT1,40,40,Telmisartan

Bumetanide,A,Bumetanide,M
RU486
Tolcapone,Tolcapone,A




Insulin

salt,A,ATP,ATP
Adapalene
A,Adapalene,Adapalene
Methionine,54,54,tetrahydrofolate,50%
A,A,A,PLP

EACA,A,EACA,EACA,R71,EACA,EACA,EACA,salt
Nicergoline
Atropine
Tomudex,S,Tomudex,A,A,Tomudex,Tomudex,Tomudex,Tomudex,S,Tomudex
I,I,I,I,I,I
95%
85,A
d-tubocurarine
AT1
A,33
Irbesartan,I

AT1,AT1
Ascorbate,NOS,NOS

Estramustine,Estramustine



AT1


Pindolol,Pindolol



17


GABA,Gabapentin,GABA
40,35,Orlistat,30%,200,Orlistat


Edrophonium
Basiliximab

A,K

A
A,GABA,GABA,GABA
A,85,40,85,P,85,85
A
EPA,GW2433,EPA,GW2433,EPA
88,60,Quinacrine,Quinacrine,M,M,M

Diphenoxylate
Candesartan,Candesartan,Candesartan,Candesartan,I
GABA,GABA,GABA,50%,GABA
TNF,TNF-R2

tetrahydrofolate




40,60
Atropine,Terfenadine

Troglitazone
Felbamate,Felbamate,Felbamate,201
COX,Meloxicam
PGD2
Zuclopenthixol
A,A,A
Argatroban
Olanzapine,Olanzapine,S,Olanzapine,Olanzapine,cAMP,S,Olanzapine
37,Halothane,S-adenosyl-L-methionine
tetrahydrofolate,95%


BB-94,A,BB-94,A,BB-94,51,80%,BB-94,BB-94
Baclofen,GABA

A


TNF,CD,CD
Y
COX
Protection

Argatroban,40,60


TNF,TNF,TNF-R2


A,A
Methimazole,TPO,PTU,TPO,PTU,TPO,TPO,TPO,TPO,TPO,TPO,PTU,PTU,TPO,TPO
A,GPI
Asp,Glu,I
60
Mibefradil,35,A
Diclofenac,Nimesulide
37
cAMP,cAMP,cAMP,cAMP


A,M3
A
Infliximab,Infliximab
Astemizole,Astemizole,A
NDGA
DFP,DFP
A,50%,BCNU,GSH,GSSG,GSH

GTP,I

Arg,Ser,F,Ser
37,37,60

Glycopyrrolate,Glycopyrrolate,50%,50%
GABA,GABA,GABA
AND


A

tetrahydrofolate
NOS
60%,60,34
20%
Physostigmine,Physostigmine,50%
Care,A
Torasemide,salt,A


Ginkgo
D,K,168,P,D,P,K

CB1954,Ser,NADH,CB1954
A

Edrophonium
Terfenadine,Terfenadine,431
ZD1694,ZD1694,60,ZD1694,ZD1694,20%,20%,ZD1694,20%,40%,ZD1694,ZD1694,ZD1694,ZD1694,ZD1694,ZD1694,ZD1694,ZD1694




Entacapone,Entacapone



Amrinone
Baclofen,4-AP,Baclofen,4-AP,4-AP
Deramciclane
Ropinirole

Mirtazapine
96%,Mirtazapine,Mirtazapine
AT1,Cilazapril,AT1
A,54,Quinacrine

ATP,ATP,ATP,ATP
Mirtazapine,GH,60,240,240
COX,P,IL-1ra,COX

ATP,ATP,ATP,UTP,ATP,ATP
BHT,BHT,BHT
Sumatriptan
A,D



Tetrahydrobiopterin,BH4,GTP,BH4,GTP,I,GCH,GCH,40%,20%
60,37
Salmeterol,GTP,A
Troglitazone

A
A,63,50%
Thymidylate,Tomudex,83,70%,83,83,Tomudex,83
137,750



Lucanthone


BRL-49653
Phencyclidine
Aniracetam
Tomudex,A,Tomudex,Tomudex,A,Tomudex,S,Tomudex
M,M3,M3
50%,50%,50%,50%,60%,50%,S,50%,50%,50%
I,Raltitrexed,A,A


LH,LH,LH,THC,LH,LH,THC,LH
GABA,GABA,GVG,GVG,GVG,GVG,GVG
Lepirudin

Cisapride,37
Daclizumab,Daclizumab,Basiliximab
Donepezil,346
GABA


Diazoxide,ADP,ADP,ADP,ADP
G


Amifostine


Vigabatrin,GABA,GABA
A,M3,A
60%
Methazolamide,A,RBC
Rituximab,Ibritumomab,Zevalin
A,ATP,ATP
GTP,L-DOPA,87
60,ATP,ATP,SON
Rosiglitazone
Amifostine,Amifostine
CRC


37,37

Remoxipride

Ouabain,40%,A
200,200,60,P,P

salt,Ouabain

Glu
Bumetanide
Basiliximab,80%,80%,80%


CB1,CB1,CB1,D,CB1,CB1,THC,CB1,CB1
A
AT1,I,AT1,AT1,AT1,AT1,AT1
Imipramine
Rofecoxib
33,33,ATP,86,ATP
Streptokinase,Streptokinase,Urokinase

tetrahydrofolate

Ouabain,Ouabain,60,60,Caffeine
I,200,200
FGF-7,FGF-7,FGF-7,FGF-7,FGF-7,FGF-7,FGF-7,FGF-7
A
AGS
40,A
Astemizole,Terfenadine
1990
1990,Lofexidine,A
MTA,MTA
Muscle
VEGF,P,VEGF,Implanon,VEGF,Implanon
EGF,K10,I,PD98059,K10


43,A,43,Daclizumab
MDMA,MDMA,MDMA

Argatroban,NOVASTAN,90
TOR,TBF,ITZ
Yohimbine,Yohimbine

salt
Dexfenfluramine,Fenfluramine
Flecainide,Flecainide,UDB,UDB,UDB,Recovery
D,Ginkgo
CD,AMCHA,CD,AMCHA,AND,AND,CD,AND,AND,AMCHA
COX,Paclitaxel,NDGA


Levocabastine,A
PG,PG,PG,PG,PG,PG,PG,PG,PG,PG,PG

Clenbuterol,I


POMC
A
I
Leflunomide,Leflunomide
M,M,CD2665,M

90
A
Serine,A
COX,P,COX
A
50%,Atovaquone,60


IOP,IOP,Brinzolamide,Brinzolamide,Brinzolamide
Mibefradil,Mibefradil,201,Mibefradil,Mibefradil,Mibefradil
Streptokinase,Streptokinase,A
NADH,NADH,NADH,Carvedilol,NADH,NADH,NADH,NADH,Carvedilol,NADH,Carvedilol
Suramin,Suramin
A
tetrahydrofolate


GABA,A
A,NADH

Procaine,[3H]GABA,GABA,NET

P,P
NR2,Felbamate,60

148

Troglitazone,Troglitazone
Ornithine,S

60%
Rosiglitazone,Rosiglitazone
RAD,CsA,RAD,CsA,RAD,CsA,RAD
I

I,I,I,I,I,I
Trimetazidine,Trimetazidine,A,CoA,CoA
36,17
Methotrexate,Probenecid,ATP,G
Orlistat
GM-CSF,GM-CSF,GM-CSF,GM-CSF,GM-CSF,GM-CSF,GM-CSF
A
Eserine
920,920
Campath-1H,Campath-1H,Campath-1H,Campath-1H,Campath-1H
70%,50%


EPA,EPA,EPA,EPA

DM,PEP,PEP,PEP,PEP,PEP,PEP

DPPE,DPPE,DPPE,DPPE
Mitomycin,MMC,MMC,MMC,MMC,MMC,MMC
ECG
Mirtazapine,60,Mirtazapine
Pimozide,Pimozide

I,EPA,DGLA,DGLA
A,A



OVA,OVA,OVA,OVA,50%
Nateglinide
METH,METH,METH,METH,METH,GABA,METH,METH,METH,METH
A
I
20%
NAC,TNF,TNF,TNF,NAC,NAC,NAC

60,Furosemide,200,Mannitol
70%,60%,A,WAY,WAY,WAY

RU-486
Fenofibrate,Rosiglitazone,CoA


ALA
ZD-1839,ZD-1839,ZD-1839,A,ZD-1839,GEO,GEO,ZD-1839,GEO,GEO,50%,ZD-1839


Clonidine
VIP,VIP,VIP
AT1,Irbesartan

I

Celecoxib,Aspirin

Differin,Tazorac,Differin
P,P,P
AE2

PTH,PTH,A
Tetrahydrobiopterin
95%,Zolmitriptan
A,200

Diclofenac,Diclofenac,PGE2
G
BMS-275291,I



Troglitazone
P,P,Troglitazone,P,P,P,P
Phenylalanine
70%,Eserine
GSH,P,GSH

Leflunomide,Leflunomide,Leflunomide

Flutamide,GH,GH,GH,GH,Flutamide,GH,GH
200,ALA
40%
Entacapone,Entacapone,Tolcapone,Levodopa,Tolcapone
G
40,200,Guanabenz
Hyaluronan

Leflunomide,Leflunomide,ACR,ACR

salt


G
GABA,GABA,GABA,GABA,GABA,GABA,GABA,GABA,GABA,GABA,GABA

35,A

cAMP,cAMP
G,G,G,Ethanol,A,50%,G
GSH,GSH,GSH,GSH,GSH
EPA,EPA,EPA,EPA
A,30%
VCR,VLB,GTP,VLB,GTP,VLB,VLB
Amlexanox

A
40%,A
90,ACTH,POMC,ACTH,POMC,ACTH
Sibutramine
A,Orlistat,30%,30%
S
ATP
A
CMA-676,CMA-676,A,CMA-676,CMA-676,CMA-676,CMA-676,CMA-676
A,Pindolol,Penbutolol


SEM,Levamisole,Levamisole
Halofantrine,Halofantrine,Halofantrine
K,K,Mexiletine,Diphenylhydantoin,K,K,K

uPA
Bosentan,Bosentan

NET

cAMP,cAMP

tetrahydrofolate
A,A
hemicholinium-3
37

METH,A,METH,METH,METH
Clozapine
Amifostine,Amifostine,37,37,WR-2721,Amifostine
BH4,NOS,Arg,Arg,431,BH4,Arg,NOS

P,Mianserin
Q,F

PS,60%,17
I,A,I,G,G


Vincristine

cAMP
A,m-AMSA
A,A
Etodolac
70%
IL-11,IL-11,IL-11,IL-11
Ergotamine
Fenofibrate,COX
Drospirenone
A
Captopril,Lisinopril,50%
PLP

Ornithine

VEGF,VEGF,Implanon,VEGF,Implanon
PMA,MDMA,PMA,MDMA,MDMA,PMA,MDMA,PMA,MDMA,PMA,PMA,PMA

Tasosartan,Tasosartan,80%,AT1,40%,20%,60,70%,AT1
P,P,P,P,P
triptan

Leflunomide


A,Orlistat,30%,30%
20%,A,LMWH
GnRH

Bivalirudin,Bivalirudin
Parecoxib,Parecoxib
CRC,Ketanserin,CRC
40,240

DAC,DAC
Eletriptan,Eletriptan
87,98


Glibenclamide,Tolbutamide
40,Gliclazide
DDC,DDC,DDC
Tetrodotoxin,TTX,A

30%,Trastuzumab,MBC,Trastuzumab,MBC


Pyridoxine,A
A
Perhexiline,60
Sulindac,Sulindac,Sulindac,COX
H,DHLA,A,DHLA,DHLA,DHLA,A

Iloperidone
ACTH,ATP,A,ACTH,ATP,ATP,ATP,ACTH

Clenbuterol,Clenbuterol,D,A


Sumatriptan,83,40%,Rizatriptan
34,Sibutramine
Nimesulide
gamma-HCH,GABA,GABA,GABA,GABA,HCH,gamma-HCH

A,ADX,ADX,ADX,ADX,ADX,ADX
A,GTP

Spermine

DHT,DHEA,DHEA,DHT,DHEA,DHEA,DHT,DHT,DHT,Flutamide,DHT,DHT,DHT,30%,40%
Phenylalanine

Dofetilide,WAY
Vincristine,Vincristine

Folate,Methionine,tetrahydrofolate,tetrahydrofolate

Troglitazone,P
200,Cyclophosphamide
IOP,IOP
salt
A

A
BNP,BNP,BNP
PGE2
Tegaserod,Tegaserod,Tegaserod,Tegaserod
CAM
Phencyclidine,PCP


Tropisetron,Cisapride,Cisapride


Lisuride
ICI,Fenfluramine
A,A
ATP,ATP,ATP,A
723


A,tetrahydrofolate,tetrahydrofolate,tetrahydrofolate,tetrahydrofolate
PTU,KCl,PTU,PTU
S
Sulindac,Sulindac,U0126,U0126
50%,90,50%
Reboxetine,Reboxetine
CMA-676,CMA-676,60,CMA-676,2004
SDS
ABX-EGF,EGF,ABX-EGF,ABX-EGF,ABX-EGF,ABX-EGF,ABX-EGF,ABX-EGF,ABX-EGF
200
A
P


Pranlukast



CRC,CRC,17,17,CRC,17,CRC,PGE2,CRC

ATP,ADP
Serine,A,30%

Butalbital,P
90
LMWH,LMWH
Cetirizine
Bumetanide
G


FSH-beta,FSH,FSH,FSH,FSH
30%,50%
Methionine,50%,AdoMet,AdoMet,AdoMet
EACA,H,H,EACA,H,134,90,P,H,H,P,H,EACA,20%,EACA,H,EACA
36,750,MIN,MIN
50%

I
Digoxin,Digoxin,Digoxin,Digoxin
IL-12,cAMP,cAMP

Mefenamic,Iodine
A,NDGA,NDGA,NDGA
CoA,A,A,CoA
ACS,Troglitazone,A
ACS,ACS,ACS,ACS,ACS
tetrahydrofolate
tetrahydrofolate,tetrahydrofolate,1958,A,A,A,95%,A,A,A,A,A


Glimepiride,Glimepiride,Glimepiride

A,85
A
COX,A,COX,PG,IL-8,IL-8,IL-8

Pyridoxal,17,40%
ADP
A
Mylotarg,Mylotarg,Mylotarg,Mylotarg,Mylotarg,Mylotarg,Mylotarg,Mylotarg,Mylotarg,Mylotarg,Mylotarg,Mylotarg,Mylotarg
Fenofibrate,Fenofibrate
Apomorphine,Apomorphine
Albendazole,ABZ,ABZ

60,P
A
P,P,Cholesterol,200,P,20%,P,30%,P
Beclomethasone

Testosterone
ATP,ATP,ATP
Serine,tetrahydrofolate,CC,CC
4-Methylpyrazole,ADH,ADH
GH,GH,GH,GH,GH
Fulvestrant,Fulvestrant,Fulvestrant
Rofecoxib,Rofecoxib,Rofecoxib,Rofecoxib,Rofecoxib,Rofecoxib,Rofecoxib

ATP,A,ADP,ATP,ATP,ATP,ADP,ATP
I,Guanethidine
TPN,TPN,TPN
DFP,DFP,DFP,DFP
Putrescine,Spermidine
AT1,60,A,Telmisartan,AT1

A


Bexxar,Zevalin,Bexxar,60%,Zevalin,Bexxar,Zevalin
Morphine

KW-3902,KW-3902,KW-3902,KW-3902


VEGF,VEGF,VEGF
Mylotarg
Glycine,SAM,SAM,SAH,CRA,CRA,ATRA

Prucalopride,Prucalopride,Prucalopride
Entacapone
70%,70%


Mebendazole,Mebendazole
A,Bosentan
A,A
M,Cerivastatin
G,Halothane,G,60

G
C1-INH,C1-INH,C1-INH,C1-INH,C1-INH,C1-INH,C1-INH

GABA
Lepirudin,Lepirudin
Cerivastatin,A,GGPP
Tryptophan,BH4,L-DOPA,L-DOPA
VP-16,200
Fenofibrate,A,Rosiglitazone
H,EPA,EPA,DHLA,EPA,EPA,EPA,EPA,EPA,EPA


Domperidone

AT1,AT1,Irbesartan,Irbesartan,CC,AT1
Rizatriptan,triptan
50%,40,tetrahydrofolate
Trp,Trp,Trp,A,Trp,Trp,Trp,M,M,M,36

A
ATP,1254



A
43,Pimozide
40
cAMP,50%
P
ATRA,M,ATRA,M,ATRA,ATRA,ATRA,M
40%

Tiapride,Tiapride,60,200,40

P,EGF,EGF,EGF,EGF,EGF
S-adenosyl-L-methionine,AdoMet,AdoMet,AdoMet,Tryptophan,PLP
200
NOS
40



K,K,K,K





Telmisartan,Telmisartan,40,Telmisartan,40,Telmisartan,40,Hydrochlorothiazide,Telmisartan,40,Telmisartan
Glucagon,30%,Methionine

Zileuton
LAAM
(+)-tubocurarine
COX
A,80%,20%

AT1
IL-11,IL-11,IL-11,IL-11,IL-11,IL-11
cAMP,Levobunolol
A
Terfenadine,Loratadine,Cetirizine,ECG

ZD1839,ZD1839
D,A
Sulfasalazine,Sulfasalazine
Eptifibatide
I,A,A,I,I
Zolmitriptan
Sertindole
I,A,AdoMet,AdoMet,AdoMet,A
MLR
Mirtazapine,Mirtazapine



K,A
A,OTA,OTA,OTA
Vardenafil
ZD1839

K,38,K
AT1,Candesartan,17,Candesartan
Ornithine
A

Aspirin,ATP,A,ATP


Lansoprazole,Lansoprazole,60,40,40,Lansoprazole,40,Lansoprazole,Lansoprazole

Alverine,WAY
CB1,CB1,CB1


Betahistine


Bexarotene

P,P,85
Tetrodotoxin
"L-3,4-dihydroxyphenylalanine",L-DOPA,L-DOPA,L-DOPA


Mitiglinide,Nateglinide

37,SEM,40
A
Dofetilide
G,D
Serine
Bosentan
Orlistat


Ketoprofen,Caffeine,60,COX,COX
37,37,Fenoterol,Fenoterol,70%


Serine,I,I,I,tetrahydrofolate


Bimatoprost,Bimatoprost
A
IFN-beta
Toremifene
A
40
A,A,Target
tetrahydrofolate,tetrahydrofolate
GTP,GTP,S,GTP,S
Zonisamide
Alvimopan

NADP
A
I,I,50%

A,I

Piroxicam,ACTH,ACTH,Piroxicam,ACTH,ACTH,ACTH,ACTH
Nabilone,Nabilone
200,60
Drospirenone
A

SPP100,50%,Aliskiren,40,Aliskiren,Aliskiren,40,Aliskiren,Aliskiren,Aliskiren,Aliskiren,Aliskiren,Aliskiren



98,86
Glycine,AdoMet
Nicotine,A,A,A
Procaine,Procaine,50%
A,A
40
A

366
I,Sulfinpyrazone,Vinblastine,Furosemide

Basiliximab,30%
Fluspirilene



A

Ridogrel
METH,MDMA,METH,METH,MDMA,MDMA,MDMA,METH,MDMA,METH
I,A,201,A,Flumazenil
Metyrapone,Ketoconazole,Aminoglutethimide

Levodopa
Cisapride
Serine,tetrahydrofolate,tetrahydrofolate


COX,COX,COX,COX

A,A


"o,p'-DDD"
Vardenafil,Vardenafil,Vardenafil,Vardenafil
96,A
ABX-EGF,ABX-EGF,ABX-EGF

GABA,GABA,GABA
200,Morphine
50%,Raloxifene,Tamoxifen,I,A
Melatonin
Levocabastine,Levocabastine,P,Levocabastine


ICI,ICI,ICI,Fulvestrant

EACA,EACA,EACA
Tirofiban,Tirofiban,Tirofiban,87
Captopril,Captopril,Lisinopril
90,Hirulog,Thrombin,90,17,Bivalirudin,5674

17

mexiletine
Mirtazapine
DGLA,DGLA,DGLA
cAMP

Amlexanox

tetrahydrofolate,tetrahydrofolate
35,Release

Piroxicam,COX
A,CoA
Alendronate
TNF,GM-CSF,TNF,TNF,Amrinone,TNF,EHNA,4021,TNF,TNF,GM-CSF,GM-CSF,TNF,GM-CSF
Alefacept

Levodopa
A,CC
Zafirlukast,Zafirlukast,Zafirlukast,Zafirlukast


A
cAMP,cAMP,PGE2,Iloprost

[3H]-PGE2,PGE2,PGE1,PGE2,PGE1,[3H]-PGE2,PGE2,PGE1,137
BH4,BH4,NOS,NOS,BH4,BH4,BH4,NOS,BH4


Orlistat,Orlistat,Orlistat
EACA,EACA,EACA
A,GH,GH,GH,GH,GH



143


A,A,80%
502

AdoMet,AdoMet

A
GSH,GSH
IFN-beta,IFN-beta

Adalimumab,ABN
TNF



17

A


A,OTA,OTA,OTA,OTA,OTA,OTA,OTA
A
KCl,KCl



A


Tadalafil,Tadalafil

Tolterodine,Tolterodine,200,54

ALA,A,A
Mecamylamine
A,A,Fulvestrant
A,CC,GGPP,CC
Vioxx,Naproxen,Celecoxib,Celecoxib

Glimepiride,Glimepiride,Glimepiride,70%,ADP,ADP,ADP,ATP
"(R,R)-formoterol",cAMP,"(R,R)-formoterol","(R,R)-formoterol","(R,R)-formoterol"
Celecoxib
Rizatriptan,Rizatriptan,Rizatriptan
G
P
60,60
Thalidomide,Thalidomide,Thalidomide,Thalidomide
Celecoxib
Thalidomide


17
GSH,GSSG




60,GABA
Thalidomide
Fulvestrant,ICI,Fulvestrant
Tacrolimus,Tacrolimus


Azathioprine
Biotin,PLP

A,2329
G

A,BLAST
I,I
Glibenclamide,ATP,ATP,ATP,ADP
ACS,ACS,ACS,ACS,40%
Tegaserod
Drotaverine
80%


ADP,A
A

PLP
Valdecoxib,Valdecoxib,I,I,I


A

A
Flibanserin,Flibanserin,Flibanserin,Flibanserin,Flibanserin,Flibanserin,Flibanserin,Flibanserin
Cilostazol,cAMP,Cilostazol,Cilostazol,Cilostazol




A,Dexamethasone
5-Aminolevulinate,5-Aminolevulinate,CoA,CoA

Repaglinide,Nateglinide,Nateglinide
A
A,ATP,50%,38,34
A,Pravastatin

Lumigan
5-ASA



A
A,35,A,D,D

Phenylbutazone,PBZ,647,486,PBZ,PBZ,PBZ,PBZ
ATP,ATP

GW572016,GW572016,GW572016
PLP

Glycine
Travoprost
SQS,A,SQS,A,SQS,SQS,A,SQS
A,P

d-tubocurarine,d-tubocurarine,d-tubocurarine
Gemfibrozil,GAS,GAS
Terfenadine,Ketoconazole
A,AdoMet,AdoMet,AdoMet,AdoMet,AdoMet
Rizatriptan,Rizatriptan,Rizatriptan
Halothane,GMP,Halothane
IL1RN,IL1RN,IL1RN
A,COX,deoxycholate,COX
cAMP
A

Tacrolimus
Mirtazapine,Mirtazapine




17

GTN,GTN,GTN,GTN
Clenbuterol,20%,CSA,CSA,20%,CSA

A

cAMP
Imipramine


MDMA,MDMA
Guanethidine,95%,80%,Procaine,Cocaine
Moricizine,Moricizine,Moricizine,Moricizine
salt,salt
Zaleplon,Zaleplon,Zaleplon
Amisulpride,Amisulpride,Amisulpride
Lovastatin,A,Lovastatin
Glucosamine,Glucosamine,Glucosamine
Glibenclamide
NADH,NADH,NADH,Succinate,I,NADH,I,I
GTP,I,GCH,NOS,NOS,BH4,GCH,BH4
MTX
Norepinephrine
GABA,GABA,GABA,GABA

50%

Arduan,Arduan
Arg,Gly,Arg,Gly
A,M

Morphine
Yohimbine,cAMP


60

METH





GSH
I
H2O2,H2O2,H2O2


Troglitazone
BCNU,GSSG,GSSG
Terbinafine,Itraconazole,Terbinafine
BLAST
A

Bicalutamide
A
725
Eletriptan,Eletriptan
Erlotinib,I


A


40,COX,COX

Iressa,Tarceva,Gleevec
Bicalutamide
Simvastatin
Bupranolol
40,G
Mirtazapine
Ergotamine
I

A
A,H89
G
SU11248,SU11248,SU11248,SU11248,VEGF,SU11248,SU11248,SU11248
A,PLP,PLP,PLP,PLP,PLP,PLP,PLP,PLP,PLP,PLP,A,PLP

SU11248,SU11248,SU11248,SU11248,SU11248
67,Entacapone
Fulvestrant,Tamoxifen,Fulvestrant
50%,60%
A
salt,ICI
cAMP,cAMP,A,cAMP,cAMP


Ergotamine,Ergotamine
D-Serine,L-Ser,D-Serine
EPA
A,cAMP

37,37,DFP

Sulindac,Sulindac,Sulindac,MAP,EGF,EGF
H,EPA,EPA,cAMP,EPA

40,Sulindac

Aprepitant,A,A
cAMP,Yohimbine,Clozapine
17,17


Flecainide,50%,UDB,UDB

Apomorphine,Vardenafil,Alprostadil
A,Nateglinide,Nateglinide
37,S-4,S-4,S-4,S-4
mexiletine,Mexiletine,35,mexiletine,Mexiletine
GnRH,GnRH,GnRH,35,A,35,GnRH,GnRH,GnRH,Cetrorelix,Cetrorelix,GnRH
ICI,ICI
G,200
Zaleplon

GABA,Lindane,A
L,5alpha-dihydrotestosterone,L,L,AP
A
I,CRC
"(R,R)",NET,NET,60
Tadalafil

190
Ornithine,PLP,PLP


AdoMet,AdoMet,I,AdoMet
SP600125




98
Lindane,gamma-HCH,Lindane,Lindane,Lindane,Lindane,Lindane,PIP2,Lindane,Lindane,Lindane,G,PIP2
cAMP,GTP,S


mexiletine,mexiletine
TRP
Urokinase
AdoMet,AdoMet,AdoMet


uPA


T3),THR,D
Serine,tetrahydrofolate,Ser,Ser,Ser,Ser,Gly,Ser,Ser


Simvastatin,A

A
G,30%
Ornithine,G418,A,G418,A,G418
mexiletine
A,HMG,CoA,HMG,CoA,HMG,CoA,HMG,CoA


Procyclidine
Glucosamine
Serine,tetrahydrofolate

A,A,A


Risedronate,Risedronate
Pranlukast,IL-4
Glycine,S,S,AdoMet,AdoMet,AdoMet,AdoMet
5-Aminolevulinate,A
Insulin,Insulin

212,212,212
S,EPA

MMAE,Release,MMAE,cAC10-vcMMAE,cAC10-vcMMAE,cAC10-vcMMAE,cAC10-vcMMAE
Pirenzepine

Argatroban,uPA,uPA,uPA
Thalidomide
P,80%,50%,P,A
Cabergoline,Cabergoline,Cabergoline,Cabergoline,Cabergoline,Cabergoline,Cabergoline



Morphine
"3,4-Methylenedioxymethamphetamine",MDMA,MDMA,MDMA,MDMA,MDMA,MDMA
Sirolimus,Sirolimus,Sirolimus,43,38,Sirolimus,Sirolimus,TOR,S


SU11248,SU11248,SU11248,SU11248,SU11248,SU11248,SU11248,SU11248,SU11248,SU11248
Abciximab,Abciximab,TARGET,CADILLAC,60,90,SPEED,Abciximab
S,S

Auranofin
H2O2,H2O2,H2O2,PTU,H2O2,PTU,H2O2,H2O2,PTU,PTU,H2O2,H2O2,PTU,H2O2
20%,FSH,AMH
MDMA,MDMA,MDMA
cAMP,cAMP,cAMP
Marimastat
Nateglinide,Nateglinide,Nateglinide,Nateglinide

200,Minoxidil,ATP,ATP
A
Finasteride
PTU


I
Aprepitant
EPA,ACS,70%,EPA,EPA,ACS


A,A,salt
d-tubocurarine,60
salt
Miglustat
Tyrosine




Ginkgo,Ginkgo,GABA
TEA,TEA,TEA,TEA,TEA,TEA,TEA,A,TEA

60,60
A
50%




Propofol,A,Intralipid,95%,SR141716
Erlotinib
I
Temazepam,91
A,200,Simvastatin
A,COX


Iloperidone,1998,60%
ICE,1989


40,Ritodrine

PPA,PPA,PPA
SU11248,SU11248,SU11248,SU11248,SU11248,SU11248,SU11248



NET,NET,NET,NET,NET,His,H
Theophylline,Rolipram,ADP
Dronedarone
Flibanserin
NOS,GTN,BNP



Bexxar,Bexxar,Bexxar,Bexxar,Bexxar,Bexxar,Bexxar,Bexxar,Bexxar,CHOP,Bexxar,40,Zevalin,Zevalin,Zevalin,Bexxar
200



Topiramate,Topiramate,Topiramate
5-aza-2'-deoxycytidine,P,96,P,F
G,G,G
Val,Met,80%
Clozapine,G,G
Aliskiren
A
ATG
Tazarotene,34
G-CSF,G-CSF
A,A
A,MAP,COX


CGS



GABA
GABA
Zuclopenthixol
A,A
40%,ICI

Histamine
NOS


S-Adenosylmethionine
A,tetrahydrofolate



Ambenonium
G,G
Tadalafil


Aldosterone,Spironolactone,Eplerenone,Eplerenone,Eplerenone,Eplerenone

WAY,WAY,CP
C19,17,Anastrozol
Sulindac,Sulindac
Histamine,M,Pheniramine,M,M,M,Histamine,M


CAM,COX,COX
1055,806
20%
A,LY294002
Imipramine,Imipramine
Pyridoxal,A,PLP,PLP,1978,292,PLP,A,BLAST,PLP,PLP,A,PLP
ONO-6818

TNF,TNF,1997,TNF,TNF
GABA,GABA,PLP
GABA,A,G,Propofol,G,Propofol,Propofol,G,G
Rofecoxib,Rofecoxib,60
GnRH,GnRH,GnRH,35,50%,GnRH,GnRH,GnRH,Cetrorelix,Cetrorelix,GnRH
GABA,A,GABA,GABA,GABA,96,GABA
GnRH
F
136,36,36,33

A



Azacytidine,Decitabine
A

A,A,PLP,PLP,PLP,A
A

GnRH,GnRH,LH,FSH,FSH,LH,GnRH,GnRH,GnRH,GnRH,GnRH,GnRH

mexiletine
cAMP,cAMP
Miglustat,Miglustat,36,30%

A,DOX,CsA,A,DOX,DOX

Mirtazapine
Imiquimod

GTP,GTP
Vardenafil,Bayer,Vardenafil,60,Vardenafil
A
Trimethoprim,tetrahydrofolate

40,C5,Metoclopramide,Ondansetron
GW572016,KI,GW572016,GW572016
40
GABA,A

Terbinafine
Palonosetron,40,Palonosetron,Palonosetron
Ginseng,Ginseng
251
GnRH
K,A,90
A,AFP-168,IOP,AFP-168
Aripiprazole
Permethrin,67
SU11248,30%,SU11248

A
A


Formoterol,cAMP

Spironolactone,Spironolactone


A
P,MPA


154
NN2211,NN2211
HMG,FSH,LH,LH,95%,HMG,70%
A
A,I,I
Anastrozole
GnRH
Release,40%
PLP,37,PLP


54
37,40,MDMA,MDMA
Zonisamide
Olanzapine,Aripiprazole
I,I,CoA,I,I

AT1,Irbesartan,A
Thymidine
40,Formoterol,40,200,40
CldAdo,CldAdo
A

119,Epirubicin,Cyclophosphamide,A,20%,A
A
ICI
Travoprost,35,3501,Travoprost,PG,98,119,Bimatoprost,83,Bimatoprost,Bimatoprost,PG
ICI
GW572016,D,HRG,GW572016


COX,5-ASA,Aspirin

COX
Tositumomab,G,Tositumomab


Rolipram,ICI,Atenolol
SU11248,I,A,SU11248,96,A,SU11248
A,PLP,PLP
P
IBMX,cAMP

FSH-beta,FSH,A,A,5alpha-dihydrotestosterone,A,DHT,A,DHT,A,DHT,A,DHT,A
Carvedilol,ICI,ICI
HCT,A,A,HCT
D,I,D
A
Etoricoxib
30%
ABX-EGF,ABX-EGF,EGF,ABX-EGF,ABX-EGF,A,I
30%

A,43,50%,50%
I
Celecoxib,38,200,Celecoxib,200

Spironolactone,Dexamethasone
Alprazolam,Alprazolam

17
Theophylline
EPA,EPA,EPA,EPA,EPA,EPA,50%,EPA,EPA,EPA
A,I,A




BZD,A


Glutamine,K,I,I,I,I,I,I
Lumiracoxib
Fulvestrant,Fulvestrant,Fulvestrant
Murine,Infliximab
IDEC-Y2B8,A,Bexxar,Zevalin,Ibritumomab

Orlistat,Orlistat


Irbesartan,Irbesartan,Irbesartan
Paracetamol,PG,PG,A
AFP-168,IOP,IOP,A,AFP-168,IOP,IOP,AFP-168,IOP,Latanoprost,AFP-168,IOP,AFP-168


Simvastatin,CoA

A,A,His,Arg
Ibritumomab,I,I,A,A,143,80%,54
Adalimumab,Adalimumab,Adalimumab,ACR,ACR,ACR,Adalimumab,Adalimumab
G
Putrescine,Cold
Bexarotene,50%,A,Bexarotene
Marimastat
Rizatriptan,Rizatriptan
A,5-aza-2'-deoxycytidine,M
salt
Phenytoin
IL-4
Arg,Arg,Gly,Arg,Gly,Gly,Arg
PGE2,47,PGE2
50%,83
Carvedilol,Carvedilol,VEGF,PMA,VEGF,PMA
Imiquimod

G-CSF,A


A,tetrahydrofolate
A,Pertuzumab,EGF
Isometheptene
Caffeine
triptan,Sumatriptan,triptan,triptan

Irbesartan,Irbesartan,Irbesartan,Irbesartan,Irbesartan,Irbesartan
A
Palonosetron,90,40
I,ATP
A
BCNU,BCNU,BCNU,BCNU
G,G
PGE2
555,198,P,P
G,G,cAMP
A
Topiramate,Topiramate,Topiramate,Protection
SKF
I,A
Norepinephrine,NET,NET,NET,NET,60,NET,NET,CTL,NET,NET,CTL,NET,NET,NET
H,K
tetrahydrofolate,2800,47

K
Aprepitant,P

37,Ribavirin
I3A,I3A,I3A,I3A,I3A,I3A,I3A,PMA,I3A,PMA,I3A,I3A
Aldosterone

5-FU,5-FU,Capecitabine
Spermine
A


Murine,cAMP,cAMP,EGF,cAMP,cAMP
Palonosetron,40,Palonosetron,Palonosetron
Risperidone,A
CP
Amsacrine,Amsacrine

cAMP,cAMP,cAMP,G

Pentagastrin,ACTH,Pentagastrin,ACTH

A,MAP
34,85
I,43
G,Glutathione

96,A

Heparin,LMWH
ATP,SU5416,PKC412

triptan
Leflunomide

Auranofin,Auranofin
40%,K119

Aspirin,A,Aspirin,Aspirin,Aspirin

Suramin,40

ATP,ATP,60

90,LEV,LEV,LEV,LEV,LEV,LEV,LEV,LEV

20%,135,134,50%
A
Nabilone
GTP,I,40,BH4,17

Melatonin,Melatonin
Clofarabine,I,Clofarabine,1998,2004,2004,Clofarabine,A,37,A,Clofarabine,I,A
P,P
80%,A,GABA
T3),D,GH,GH,GH

Phe
IBMX,GMP,GMP,A,G

Aspirin


Ospemifene,60,90,I,I,I,Ospemifene,60,90,CTX,90,A,60,90,60,90
Aripiprazole,Aripiprazole,Aripiprazole,Aripiprazole,Aripiprazole,Aripiprazole

Clonidine,60
30%,MDMA
Flecainide,I,Flecainide
A
40%,DES




Verapamil,201

Cys,A,Cys,Cys




NET,NET,NET,NET,NET,KI,NET,NET,NET,NET,KI
SU11248,SU11248,SU11248,SU11248,SU11248,SU11248

Diazoxide
Glycine,I,D-Serine




Carmustine,200,GSH

Oxaprozin,Oxaprozin,Oxaprozin
40,BNP,BNP,BNP
AP,AP,AP,Lucanthone,AP
Insulin,Glucose,Glucagon,360

37,VEGF,VEGF
P,IL-8,Theophylline,IL-8
Cabergoline


cAMP,cAMP
Cocaine,A
37,A,A,A,A
G,G,G,G
6-Mercaptopurine
54,168,P,P,FFA,P,P,P,P,FFA
A
EPA,EPA
A,Olanzapine
Glibenclamide,Glibenclamide
17
A,Levetiracetam
Tamoxifen
A

GW572016,OSI-774,GW572016,OSI-774,ZD-1839,GW572016,GW572016
A,Probenecid
Palonosetron,96,37,40%,50%,Palonosetron,Palonosetron
Harris
NDGA,NDGA
83,Insulin
PLK,PLK,PLK,PLK,PLK,PLK,PLK,PLK,PLK,PLK,PLK,PLK,PLK,GABA,GABA
G,G,cAMP,cAMP
Sibutramine,Sibutramine,Orlistat,30%
Tazarotene,Tazarotene,Tazarotene
Thalidomide,Thalidomide,PG,PG

Nabumetone,Nabumetone,80%,Nabumetone,COX,COX,COX,COX
Ecabet
Spermidine,Spermine
COX
salt,Troglitazone,Bosentan,200,Glibenclamide

Tegaserod,Tegaserod,Tegaserod,Tegaserod
Thiethylperazine
Pranlukast,Pranlukast,Pranlukast,Pranlukast
Ornithine,A,A,A,PLP
COX,COX,COX
I,A
PG,PG,Infliximab,PG,PG,60,54,PG,Infliximab,PG,PG,PG,Infliximab,Infliximab
37
50%,50%
Ritonavir,BNX,Ritonavir
Drospirenone
RAMP
Ezetimibe,Ezetimibe,Ezetimibe,A,Ezetimibe,Ezetimibe,Ezetimibe,Ezetimibe,Ezetimibe,Ezetimibe
Celecoxib,COX,Valdecoxib,7000,51,260,98,Valdecoxib,Valdecoxib,COX,200

AT1
AVP


33,P
Vilazodone,90,Vilazodone,Vilazodone,Vilazodone,40,Vilazodone,Vilazodone,Vilazodone,Vilazodone

Zonisamide,Zonisamide,Zonisamide
Thiamine,ATP

K
37,A,A,37,A

G,cAMP
Bazedoxifene,Premarin

36


U0126

CMP,UMP,CMP,ATP,ATP,ATP,CMP,CMP
Eplerenone,Eplerenone
A

A,A,50%
LAF237
Mibefradil,Mibefradil,Mibefradil
I,I
Safinamide,1998,Safinamide,I,I,Safinamide
Tamibarotene,Tamibarotene,2004
Orlistat,Orlistat
G,[3H]PGD2,Sulindac
COX,COX,PGE2,Phenylbutazone,PGE2,Etodolac


Trifluorothymidine,TFT,TFT,5-Fluorouracil,TFT
Aminophylline
A

AT1,I


Arginine,A
F,F,F,P,F,WAY
Megestrol,Megestrol,Megestrol

CC-5013,CC-4047

Phenylpropanolamine,Phenylpropanolamine
G,G,CTX
Methotrexate,MTX,MTX

cAMP,LY-294002,Wortmannin
salt,A,A,A
60,SCOP,SCOP,SCOP
Mycophenolate,MMF,MMF,MMF

Olanzapine
Diphenylpyraline,DPP,DPP,DPP,DPP,DPP,DPP
Bosentan,Bosentan
Bexarotene,I,Bexarotene
I,GnRH-I,I,A,GnRH-I,I
A
Roflumilast,Roflumilast
Y,A
Tegaserod
Oxytocin,OTA,Oxytocin,OTA,I,I


A
Lumiracoxib,67,Lumiracoxib,33,Lumiracoxib

Conivaptan

Y,Glucose,Glucose,P,P,Glucose

243,A,A
240,TEA,4-AP

MTX,MTX,MTX,MTX,MTX,U,U,MTX,36,MTX,MTX,MTX,MTX,MTX,MTX

cAMP

Ezetimibe
90

PRED,F,PRED,A,IOP,A,IOP

141,PLP,PLP
D,VEGF,VEGF,VEGF,VEGF
EGF,EGF,EGF,cAMP,IBMX,cAMP,EGF,EGF
PLP
A,TNF,A

A,135,A
NDGA,NDGA
A

Ramelteon,Ramelteon,MT1,Ramelteon,cAMP,MT1
Tolcapone,Tolcapone


Indomethacin,Indomethacin


Degarelix,GnRH,GnRH,GnRH
Capecitabine
ACTH,ACTH,ACTH,ACTH,POMC,ACTH


1972,Colchicine
I50,I50
Thalidomide,1961

G
Histamine,Body,Betahistine





PG,NOS,PG,PG,Indomethacin,PG
A,A,A,Iopidine,Apraclonidine

PRPP,PRPP
40
A
Tenoxicam,Tenoxicam,Tenoxicam,Tenoxicam,Tenoxicam,Tenoxicam
96%,cAMP,cAMP,Cocaine,cAMP

Thrombin
1400,W,1400,1400,W,1400,W,Indomethacin,1400,W,1400,Indomethacin,Rofecoxib
A
Topiramate,A,A,A,A
PLP

Miconazole,Miconazole,Miconazole
BCM,BCM
Zaleplon
K,30%,50%
PLP

17
D,D,A,Sensipar,Mimpara,Cinacalcet
Gemcitabine
50%

P,P
TNF
Aldosterone,salt
K
M,p75
Verapamil,Dofetilide,Dofetilide,A



A
PLP,A,ANS,M,PLP,ANS,M
5-ASA,5-ASA,5-ASA,5-ASA,5-ASA

Fentanyl
Indomethacin,Indomethacin,PGE2,PGE2,Indomethacin,PG


240
PGE2,PGE2,PGE2,PGE2
330,330,330,330
VEGF
60

A
GABA,GABA,GABA,GABA,GABA,GABA,GABA
60
Clozapine
70%,PTH

Serine,Gly,Met,PLP,PLP,PLP,PLP,PLP
Fulvestrant
A


Ramelteon,MT1

Orlistat,50%
ASA,A,200


"(R,R)",DMF,"(R,R)",NET
K,KCl,K,KCl,K,K
A,50%
Alvimopan,Alvimopan
PTH,D,PTH,Paricalcitol,D,PTH


I,I,COX,COX,COX
Imatinib,Gefitinib,Cetuximab,Bevacizumab,R115777
A,AP,AP



ATRA,ATRA,ATRA
40,40,A
PS,Glyburide
Risperidone,Risperidone,Risperidone,Risperidone
Norepinephrine,85,36,9268
A,ICI

D
ATP,ATP,88
G
Ezetimibe

40%

Nitisinone,P,P
37,CD
Diethylcarbamazine

cAMP,A,G

Progesterone,MPA,MPA
Cocaine,Norepinephrine,Cocaine,A,Apraclonidine
80%,50%
Histamine,GM-CSF
Carvedilol,VEGF,VEGF,BNP,BNP,BNP



30%
Spironolactone,Eplerenone,Eplerenone,Eplerenone

NET,NET
Amphetamine

Troglitazone
Pyridoxine,DDC,A,P,P
GnRH,I,GnRH,GnRH,I,GnRH,GnRH,I,GnRH,GnRH,I,GnRH,GnRH,GnRH,I,GnRH,GnRH,GnRH,GnRH,I

CXCL8,CXCL8
Methionine,A


Thalidomide,GSH,Thalidomide,Thalidomide,GSH
G,cAMP,cAMP

EPA,EPA,PGE1
Lubiprostone,Lubiprostone,Lubiprostone,Lubiprostone,Lubiprostone
Risperidone,A
Ezetimibe

MT1

Dehydroepiandrosterone,DHEA,DHEA,DHEA,DHEA,DHEA,DHEA,200,DHEA,90,DHEA,DHEA

Trifluorothymidine,TFT,I,TFT,TFT,TFT,ZD1694
Vasopressin
A
5-aza-2'-deoxycytidine,Decitabine
A




Cinacalcet
BMS-477118
G-CSF,D,G-CSF,Tyr,Tyr,Tyr


Auranofin
A,A

P,cAMP,Iloprost,cAMP
70%,60%,80%,200,60%,50%
tetrahydrofolate,5-FU,Cytidine
200,VEGF,VEGF,DIC,VEGF

37


A,Levothyroxine,TSH,TSH,TSH
salt,ATP
A,50%
A
Hum
D,D,D,D,PTH,D
A,BMI,A
A,RU486
43

TG,TG



INH,THL,THL,THL

A
Ornithine,A,A
200
A
Glu,K,K,K,K,K,K,K
D,D,P,D,P,PTH
A,Body,A,A,A,I
Remifentanil,Remifentanil
A
5-Aminolevulinate,A
A,TPA,90,A,40%
A
AT1

Astemizole,40
Sorafenib,I,50%,A
A,Aripiprazole

102

Alitretinoin,Alitretinoin,Tretinoin
RBV
Ospemifene,Ospemifene,37,A
A
Progesterone,CXCL12
Palonosetron,Palonosetron
A
A,Bezafibrate
mexiletine
Acarbose,Acarbose,M,M,M,M,M
A,A,Glibenclamide,Glibenclamide
A,ATP,THF,ATP
Ethosuximide

A,50%


Bepridil,Bepridil,60

cAMP,cAMP,P
D
A

A

EPA
38,225

A,K

PLK,PLK,PLK,PLK,PLK,PLK,PLK,PLK
MAP,FFA



Dasatinib,Dasatinib
S



Treprostinil
A,G,Ethanol
Aminoglutethimide,A,Melatonin





A,A

Orlistat,Orlistat
C1-INH,C1-INH,C1-INH,C1-INH,HAE,C1-INH,C1-INH
P,P,P,A,P,P,P

96
DOX,A,DOX,DOX
Alcohol
CoA,96%,A,A



DRSP,DRSP,DRSP
Ribavirin
Choline,Choline
A,5-aza-2'-deoxycytidine,51
Maraviroc



A,A
Daclizumab


P,P
Norplant

40%
Ibudilast,Ibudilast
Carvedilol,ICI,ICI,Atenolol,Carvedilol
Clofarabine
p75,I


PMA,PMA,PMA

Morphine,40

Tamoxifen,Tamoxifen
Remifentanil,Remifentanil
Androstenedione
A,G,Desmopressin,2004,G
40,Bosentan

PLP,PLP,PLP,33,33,PLP
A
A,A,A,AGN194204,AGN194204
Glycine,A

Exenatide,Exenatide,Exenatide,Exenatide
A,A
H,H
Abatacept,Abatacept
CPA,CPA,CPA,Yohimbine
A



COX
Gabapentin,K
Fentanyl
50%,200,Choline
Fentanyl

S
ATP,A,ATP,ATP,ATP

ATRA,ATRA
Met,Met,Met,Met,Met,Met
Dasatinib,ABL

Histamine
I
COX

Tesmilifene,Tesmilifene,ATP
Bupivacaine
A
Advanced,VEGF,VEGF,EGF
A
GTP,MPA

Sorafenib
Pentoxifylline
Cytidine,CTP,UTP,ATP,ATP,UTP,CTP,ATP,ATP,UTP,CTP,ATP

A,Yohimbine
Ramelteon,Ramelteon
Formoterol,Formoterol,P,A


LEV,I,I
Dasatinib
200,Uracil,GABA
BMS-354825,BMS-354825,BMS-354825,50%,BMS-354825,BMS-354825,BMS-354825,BMS-354825,BMS-354825,BMS-354825
Anastrozole



P,Candoxatrilat
MDMA,MDMA
5-FU
CD,CD,Infliximab,CD
ATRA,ATRA,ATRA,ATRA,ATRA

D,Phosphatidylcholine,PTH,PTH,Choline,60,PTH,PTH,D
Cysteine




Cilostazol,Cilostazol,CK2,Cilostazol,CK2

4-AP,4-AP

Aminoglutethimide,Aminoglutethimide
A,I,Sorafenib,A
A,200
A,A
ACTH,ACTH,ACTH,ACTH,ACTH


P,P,Ethanol,P,P,P




Toremifene
Sorafenib,Sorafenib,Sorafenib
POMC,POMC,ACTH,A,ATP,POMC,ATP
F,IOP

A
EPA,EPA,EPA,EPA


70%,VEGF,IL-8,BMS-354825

A,A


Histamine,Histamine


Arg
Progesterone
Spermidine
A
ATP,VEGF,VEGF,VEGF,VEGF


cAMP,A
LMWH,LMWH
Morphine,Analgesic

A,A,A,A
A,A
A

POMC,40,POMC
IOP,IOP,IOP,Morphine,IOP,GSH
Exenatide
Pyridoxine

G

50%

A,PGE2,PGE2,ONO-AE1-329,PGE2,PGE2
Sulindac,GMP,U0126,U0126
A,A
GABA
A,30%,200



Choline,Choline,Choline,Choline



Abatacept,ACR,Abatacept,Abatacept
G,Pindolol


A,328,Val
cAMP,Theophylline,cAMP,cAMP,cAMP


Anti-CD3
Aldosterone,Prednisone,ACTH,DHEA,DHEA,DHEA,DHEA,DHEA
I,Advanced


Dacarbazine,PD-0325901
CK2,CK2
A,A,A,A,A,A,95%,P,95%,P,A,95%,P,A,A


tetrahydrofolate
A,Glucose,Glucose

A,PCP
40,Miglustat

tetrahydrofolate,THF,50%,THF
Tegaserod,A
MPA,MPA,I,I,I,I,MPA,I,MPA,I,P,P,I





GM-CSF
A
A,VEGF
STS,A,STS,STS,STS


A,CoA,CoA,CoA
MPA
A,SU11248,AG013736,CHIR258
Histamine,M3,A

S,Theophylline
A,A
Ginkgo

K,K,K
Morphine

G,G,Morphine
VEGF,Bevacizumab,Sunitinib,Sorafenib,VEGF,VEGF
Nicotine,FAD,Succinate

A,A

Verapamil,Verapamil
Dicoumarol,Dicoumarol,A,Tyr,Phe,Tyr,Phe

EPA,EPA,EPA,EPA
Famotidine

A,M

30%


GnRH,GnRH,GnRH,GnRH,GnRH,GnRH,GnRH,GnRH,GnRH,A,GnRH,GnRH,GnRH,GnRH,GnRH
tetrahydrofolate,S,S
A,Voglibose


37
Nicotine,Nicotine,TC-2403-12,(E)-metanicotine,TC-2403-12
H-89
60
GnRH,GnRH,cAMP,GnRH,40,GnRH,GnRH,cAMP,GnRH-I,40,GnRH,cAMP,GnRH,GnRH,GnRH,GnRH,GnRH,GnRH-I,GnRH,GnRH,I,GnRH,GnRH
Imatinib,Dasatinib
60%
Exenatide,Exenatide
Cimetidine,A,H89
d-tubocurarine,A
cAMP,A,MAP,RU486
I
Sorafenib
Ramelteon,Melatonin,Ramelteon
80%,80%
Bevacizumab,A



I

Glucosamine
A,Sorafenib,I
GM-CSF
Pyridoxal,50%
40
C19
Varenicline,Varenicline,Varenicline
A,A,214
A

Malathion

ATRA
S-adenosyl-L-methionine,SAM,SAM,SAM
Methionine
A,Histidine
ADH,4-methylpyrazole

Thiocolchicoside,A,TCC,TCC,TCC,TCC,TCC,TCC
OHT,OHT,OHT,A,OHT
GABA
salt


GnRH,GnRH,GnRH,GnRH,GnRH,GnRH,GnRH,GnRH,GnRH,GnRH,GnRH
CoA
Prazosin


MGA



ATRA
Tamoxifen,A,A
Methionine,A,134

Simvastatin

Tyloxapol
AVP,OPC-41061

A,A
K
PLP,AOAA



A
KGF,KGF,KGF,KGF,KGF,KGF,KGF,KGF,KGF,ICI,KGF,KGF,KGF
CRD,CRD
A
30%,85
Clozapine
Tacrine,KI,KI




I

A,Acenocoumarol
A



D,D,PIP2

D,D

37,34,37,PFS,PFS,34

NET,NET,TA1,35,54,NET,TA1,TA1,NET
Dipyridamole,Dipyridamole

I
Sorafenib
90,P,P,P,P,P,P


I

cAMP,cAMP,P,P,cAMP,P,cAMP

50%,50%,TNF,50%,TNF
47,Gabapentin
A,149

A
A,200




Bepotastine,Bepotastine,P,P
GnRH,I,GnRH,A,GnRH,GnRH,I,GnRH,GnRH,GnRH,GnRH-I
Fumagillin
Tamoxifen,A,Fulvestrant
GH1,GH

Choline,Met,Met,Met,Met,Met
A
D,PA,D,D,ARF
Sertindole,Sertindole

Aripiprazole,Aripiprazole

50%

5-FU





Triflusal,A,cAMP
GABA,GABA

ATRA,ATRA,ATRA
D,D,D,D,D,D
CC



CEE,CEE,CEE,CEE
Orlistat,Orlistat
PRO,PRO,PRO

40


A,GnRH,LH,GnRH,LH


A,Aliskiren,Aliskiren,Clevidipine,Darusentan

50%,PLP,ATP
Abatacept,Abatacept,Abatacept

P,P,96%,ICI,Clenbuterol,P,P,P,Fenoterol,P,P

salt
Serine,tetrahydrofolate,251,Arg

ACS,ACS,ACS,ACS


30%,50%,CHD,A
AP,AP
A,A,95%,A,95%,95%
GnRH,GnRH,GnRH,GnRH,GnRH
LHRH,Abarelix,GnRH,LHRH,LHRH
GnRH


C5
Arginine



G-CSF,G-CSF
GnRH,GnRH,GnRH,GnRH,GnRH,GnRH,GnRH,GnRH,GnRH,GnRH,GH,GH,GnRH,GnRH,GnRH,GnRH,GnRH,GnRH

200,200,D,D,D



Progesterone

Glibenclamide
Ramelteon,MT1

Bayer,I

Meloxicam,Tenoxicam
Anastrozole,Exemestane




Decitabine
A,LGD2226,LGD2226,LGD2226,LGD2226,LGD2226,LGD2226,LGD2226
292,292,95%,95%,95%,95%,95%

A,Palonosetron,Palonosetron,Palonosetron
Icatibant
Aspirin
A,Glycine,GABA


Folate
Creatine
Celecoxib
ECG,40

ATP
RU-486
36


P
Efalizumab,Efalizumab,A,A,36
Risperidone


GnRH,GnRH,GnRH,GnRH,GnRH
34

ADP,ADP,ATP,ADP
A

Gabapentin
I,GnRH,Cholesterol,GnRH

Omalizumab


Methionine


GH,GH,GH,GH,GH

IL-7,IL-7
A




A,cAMP,cAMP,cAMP,cAMP,cAMP,cAMP

GM-CSF,GM-CSF,GM-CSF,GM-CSF,AG490,GM-CSF


LH,Estradiol,ICI,ICI,Estradiol,LH
GnRH

A
A,A
Tyrosine
Tyrosine,Imatinib,Gefitinib,Erlotinib,Canertinib,Sunitinib,Zactima,Vatalanib,Sorafenib,Leflunomide

Palonosetron
Norgestimate,A
Trilostane
Cocaine,Progesterone,60
Flupentixol

G,A

A,TTS,TTS

40%



Morphine,Yohimbine

Estradiol,ICI,ICI

Pregabalin,Pregabalin,Pregabalin,Pregabalin



43




Cytidine,salt
Progestin,Progestin,Progestin
Tamoxifen,96%,88,95%



DM,DM,DM,DM,DM,DM
Serine,tetrahydrofolate,95%,tetrahydrofolate

Pregabalin,GABA,Pregabalin,Pregabalin
A
LBH589,I,LBH589,LBH589,LBH589,LBH589,LBH589,LBH589,LBH589,LBH589,LBH589

Dasatinib
50%

TNF,60,Dasatinib
cAMP,Cilomilast,Cilomilast
ABL,ABL,ABL,Dasatinib,I


TMJ,TMJ,TMJ,TMJ,TMJ,TMJ,ICI,TMJ,TMJ,TMJ,TMJ
Histidine
CAM,33

ATRA,ATRA,I,ATRA
A,CLR,ARF
80%,80%
COX,COX

COC,COC,COC,COC,COC
A
G
Progesterone,Progesterone,FK-506
Sorafenib,Sorafenib,Sorafenib,A,50%
TFT,Xeloda,TFT,Capecitabine


cAMP,cAMP,cAMP,A,cAMP,cAMP
Choline

NVP-TAE684,NVP-TAE684,NVP-TAE684
Cortisol,ACTH,ACTH,ACTH
Dofetilide
A,A

CC,30%,A,A



GnRH,GnRH,GnRH,GnRH,GnRH,GnRH,GnRH,GnRH,GnRH,GnRH,GnRH



Amphetamine
TA1,TA1,TA1,TA1,TA1,TA1,TA1
Abatacept
40%,A,40%

PLP
I
A
VIP,VIP,VIP,VIP,VIP,VIP,VIP,VIP,VIP
D
cAMP,METH,METH,cAMP,TYR,METH
Tacrine
Ranolazine,Ranolazine,60,P,P,20%,P,Ranolazine
Disulfiram
A

Amodiaquine,IL-12
I,ACTH,ACTH
A,Doxapram
I,A,Better
cAMP,AC5,AC5
Sorafenib



Marimastat,Marimastat,Dexamethasone
Thiocolchicoside,A,GABA,Thiocolchicoside,47
G,cAMP,A
G,cAMP


Aripiprazole,Aripiprazole

A


COX,PGE2
Aspirin,ATV,ASA,ASA,ASA,200,ASA,ASA,200,ASA,1400,W,ASA,1400,W,ASA
Rosiglitazone
Sulfasalazine
A,cAMP,A,cAMP,cAMP
Lubiprostone,Lubiprostone
Aripiprazole

CC,CC


I,Iloprost

AVP,AVP,AVP,AVP,AVP,AVP,AVP,AVP
A
Diazoxide


G,PTH
ATP,ATP,ATP,ATP,ATP,Diazoxide,ATP,ATP,ATP,Diazoxide,ATP
Pazopanib,I

cAMP
Trimethadione
BYETTA,Exenatide
Glibenclamide,S
Sorafenib,Sorafenib,Sunitinib,Sorafenib
A,A

Aspirin
Adenylate,CoA-SH,CoA-SH,ATP
AVP,AVP
A,40%,A,A,PLP
I,I,Dicoumarol
G,A,A

cAMP,cAMP,A,60
RAL
CC-4047,CC-4047,PG,CC-4047,PG,CC-4047,CC-4047,PG,CC-4047
1997


A

Haloperidol
Insulin,I
Warfarin,60%,Ximelagatran

I,ICI
Pegvisomant,GH,GH,GH


A,Estradiol
137



CTP,CTP,CTP,UTP,CTP,UTP,CTP,CTP,Target

Histamine,A,cAMP,Histamine,cAMP

Creatine,17


Alvimopan
Medroxyprogesterone,MPA,MPA
Histamine
Creatine,35,35,NAA
PTC,85
85
ACS,ACS
IVIg,IVIg


TNF
50%,60%,A,Exenatide
Fenofibrate,Fenofibrate
Glutamine,200,A
Glutamine,A
Zofenopril
GABA,GABA,U,GABA,U,GABA,U,GABA,GABA,200



Histamine
A

IL-7


Sunitinib,Sunitinib,Sunitinib,ATP

CC-4047
Metformin,36

K
KCl




Histamine,pyrilamine,pyrilamine,pyrilamine,Pyrilamine



Ramelteon,Ramelteon,Ramelteon
557,95%,TCN,TCN

Atropine,96
Zileuton

ATP


I,CGS,I
A,Picrotoxin

Fenfluramine
Nateglinide,Insulin
ALA,ALA,ALA,ALA,ALA
Sulindac,Sulindac,Indomethacin,Sulindac,Sulindac
63
Lubiprostone,Lubiprostone
40,90,P,P,P,P


cAMP
Arginine,AVP,AVP,AVP,AVP,Conivaptan,A,4133
ATP,ATP,ATP,200,ATP,A,20%,A,A,I
Dasatinib
Dasatinib,I
Levetiracetam,LEV,A,LEV,LEV,50%,LEV

Lumiracoxib,50%,COX,Leu,Ile

D,D
Phe
Rifaximin,Rifaximin
Perhexiline
36,DHEA,50%

THC,THC



Advanced,MS275,SAHA,MS275,MGCD0103,A,SAHA,MS275
FGF-7
EPA,GW9662,EPA

LEV,LEV,LEV,LEV
Natalizumab,Natalizumab,Natalizumab
60
ACTH,ACTH,ACTH,ACTH,ACTH,ACTH,ACTH,ACTH
Inosine
A,CD

5-Aminolevulinate,PLP,PLP,330,PLP,PLP
A,91,S,ATP,A


33
ADR
A,FPP,DMAPP,GPP,IPP,GPP,50%,GPP,Zoledronate,GPP,FPP

Histamine

PLP,60%,PLP


Nimesulide
GABA,GABA,GABA
Glycine
"o,p'-DDD","o,p'-DDD","o,p'-DDD",GSH,GSH,"o,p'-DDD"
Gabapentin
A
G-CSF
Inosine
CoA
I

GM-CSF
Aripiprazole
1400,RBC,37,37,IBMX

Tamoxifen,Raloxifene

GABA




A
Caffeine
Digitoxin

Lornoxicam

A,D
A,K,K
COX,COX
A

SRL,TOR,S,TOR,SRL,SRL,SRL,SRL,Sirolimus
Daclizumab

Pyridoxal,Pyridoxal,80%,67,GABA,GABA,GABA
Glutathione,A
EGF,EGF,EGF


154,95%
240,Glucagon,P,80%
D
Fosamax,FPP,GGPP
Rofecoxib






Alefacept
CC
A

37,83,200,51

IL-12
948,1998




P
Nicotine
AHA
40,Sorafenib,Sorafenib,Sorafenib
Erythropoietin,EPO,EPO


Regadenoson,34,Regadenoson,MAP,P,Caffeine,P,Caffeine,MAP

A
Zonisamide,36,351,50%,Zonisamide


Daclizumab,Daclizumab,Daclizumab
Mirtazapine,Ondansetron,Mirtazapine,Mirtazapine


H2O2,GSH,GSH,GSH
Dehydroepiandrosterone,DHEA,DHEA,DHEA,DHEA,DHEA,DHEA,DHEA,DHEA
Carfilzomib,Carfilzomib

Mitiglinide,P

413,S,S,Arformoterol

SCI,SCI,SCI,SCI,SCI,SCI,SCI
A
Aminoglutethimide,MPO,MPO,MPO,MPO,MPO,MPO



Nimesulide
Tyr,Tyr,Tyr,Tyr
Leflunomide,Leflunomide,Leflunomide,Leflunomide,Leflunomide
Sunitinib
Fenofibrate,Aldosterone,Aldosterone,Fenofibrate,I,A,A

EPA,EPA,EPA,EPA
M,95%,A
MTX

Vidaza,Dacogen
Methionine,A
Caffeine
A,154,95%,P,95%,P,95%,P,95%,P,95%,P,95%,P,95%,P
A
Succinate
Sutent,Temsirolimus,VEGF
Glucagon,A,A


Insulin
Miglustat,Miglustat,Miglustat
P
Alcohol,Alcohol
D,LTR,LTR
Atenolol,60%

Enoxaparin,M,M,M
GABA

FID,FID,FID
IL-7,IL-7,IL-7,IL-7,IL-7
tetrahydrofolate
ACTH,ACTH,ACTH,cAMP,ACTH,ACTH,ACTH,ACTH,LH
P,P

Danazol,Danazol
SM,SM,SM,SM,SM,SM,SM
GSH,GSH,GSH
Infliximab,TNF,MTX
Butenafine,A,Butenafine
P
A
Serine,L-Ser,tetrahydrofolate,Gly,tetrahydrofolate,Gly,L-Ser,Q,Gly,L-Ser,tetrahydrofolate,L-Ser,Gly,tetrahydrofolate,Gly,tetrahydrofolate,Gly,Gly,tetrahydrofolate,tetrahydrofolate,tetrahydrofolate

Tapentadol,A,SNL
Prazosin
salt,NFA,NFA,NFA,NFA,NFA,NFA,NFA,NFA,NFA
A,Trastuzumab
IL-4,IL-4,IL-4,IL-4

A
Prazosin

Methamphetamine,Methamphetamine
90
A

Etoricoxib

A
A,Anastrozole,Tamoxifen,Tamoxifen,Letrozole,Anastrozole
SAHA
cAMP,cAMP

Imatinib,ABL,Dasatinib,A,ABL,Dasatinib,Nilotinib


A,SAH
MMF,I,MMF
A

Nilotinib

A,Naltrexone,A



I
IL-23,IL-12,IL-23,IL-12,IL-12
Zonisamide,Zonisamide




Inosine,MPA

Clofarabine,Clofarabine
5-FU,54,87
G,TA1
Asp,A,A
Desloratadine,Desloratadine,Desloratadine,CIU,Desloratadine

IVIg,IVIg,IVIg,IVIg
AVP,Conivaptan,AVP,Conivaptan,AVP

Tamibarotene,ATRA,APL,Tamibarotene,APL
A
Imatinib,ATP,Dasatinib,PD166326,SKI-606,ATP,MAP
Sorafenib
Gallamine
Vardenafil
2004,Alteplase,Reteplase

GABA,GABA,GABA,GABA

CNTO-1275,IL-12,CNTO-1275
IBMX,IBMX
5-ASA,CRC,5-ASA,CRC,5-ASA,5-ASA,PGE2,CRC,PGE2,CRC,5-ASA,CRC,5-ASA,CRC,5-ASA,CRC
A,Gabapentin
A
EGF,LY294002
FSH,FSH,A,I,FSH,FSH
80%

Nelarabine
Abatacept,Abatacept,Abatacept,Abatacept
S


M3,M3,Darifenacin
Tolcapone,Tolcapone
Carbimazole,Methimazole

Progesterone,Dydrogesterone,Norethisterone,Medroxyprogesterone,Danazol
G

A
A

5-ASA,5-ASA,5-ASA,5-ASA
Dehydroepiandrosterone,C19,DHEA,DHEA,DHEA,DHEA,DHEA,DHEA
K
A
CCNU,CCNU,CCNU


Orlistat,Orlistat





Ginkgo,A
Myeloperoxidase,Melatonin,MPO,MPO,MPO,MPO,MPO,MPO,I,MPO,MPO,MPO,MPO,MPO,MPO


Tetrahydrozoline,36
GABA


A
Varenicline
D,D,D

Gabapentin
Cabergoline




Triflusal
Dutasteride,AUR,Dutasteride

Alitretinoin
ACTH,ACTH,ACTH,ACTH

Desloratadine





36,200,Solabegron,I,200

Ixabepilone,Ixabepilone,Ixabepilone,MBC

35

K
Decitabine
Megestrol,ACTH,Megestrol



Zonisamide
190

Cholesterol
GABA,A,GABA,gamma-HCH
Betahistine

A
A,Flavopiridol,DM,750
36,36,96,36

34


ADP,Cangrelor
A,SAM,R78

Arformoterol

Cetuximab,Cetuximab,Cetuximab,Cetuximab,FOLFIRI,FOLFIRI,Panitumumab,Advanced

Abciximab





Mesalazine
Safinamide,Safinamide
Gallamine
VEGF,A

Mepolizumab



Telmisartan,Ramipril,Telmisartan
A,MAP
Calcitonin,RAMP,G,cAMP
CCNU
Probenecid,Probenecid,ATP,ATP,ATP,Probenecid
A,I
Indapamide
Trifluorothymidine,TFT,TFT,TFT

I,Nitrazepam,Triazolam,Nitrazepam
GABA,A,BZD


Butenafine
Irbesartan,Irbesartan
40
CHD,Bezafibrate



G,G,G,Cholesterol
Oxytocin,AVP,AVP,AVP,AVP,AVP,AVP,AVP,Conivaptan

Sibutramine
A

ADP

Formoterol,Formoterol,Formoterol
Lubiprostone

Trastuzumab,Trastuzumab,Trastuzumab

A,A
Rotigotine

COX,COX,COX


I,Miglustat,I
Clofarabine,Clofarabine,I,Clofarabine
G,cAMP
Bexarotene,I
Thymidylate,Thymidylate,A,RTX,RTX

Zonisamide
C5,Eculizumab,87,RBC,96,43,RBC

Histamine
5-FU

Lenalidomide

86,30%,Naloxone,60
TSH,TSH,320,TSH
Spironolactone,Spironolactone,Spironolactone,Spironolactone,Spironolactone
cAMP,cAMP,G,G
50%
(+)-tubocurarine,Metocurine,(+)-tubocurarine,(+)-tubocurarine,(+)-tubocurarine
G-CSF,G-CSF,Plerixafor,Plerixafor,G-CSF,G-CSF
Sorafenib
1998,A
Vioxx


Domperidone,Celiprolol
D,A,BZD


Diphenylpyraline,Diphenylpyraline,A
PG

A,Etomidate
Suramin,Suramin


Cabergoline,Cabergoline,Cabergoline,cAMP,Cabergoline,90,IOP,IOP,IOP,IOP
Nicotinamide



A,mexiletine
Muscle



20%
A,Now,IOP,A,PG
A,ABL,Bosutinib,ABL
A,D,D,D,D



Ranolazine,Ranolazine,Ranolazine,200
Dexbrompheniramine
Miglitol,40


Histamine
378,200,CIR,CIR


2520,I,Chlorthalidone
Verapamil

A,I
D,A,1997
Telmisartan,Telmisartan
Tyrosine,Imatinib,Dasatinib,ABL,Gefitinib,Erlotinib,Sunitinib,VEGF,Canertinib,Zactima,Vatalanib,Sorafenib,Leflunomide
DPP,DPP,Vildagliptin,DPP,DPP
LAAM,LAAM,LAAM
95%
37,40

Canakinumab
Efalizumab
2147,A,33


ATP,ATP,ATP,ATP,ATP,ATP,60%,ATP
Cilostazol

Cesamet,Marinol,Sativex,Marinol,Sativex,A
A,Ramelteon,Ramelteon
A,Glycerol
IOP,PGE2,IOP,IOP
Lubiprostone,Lubiprostone,Lubiprostone,A,Lubiprostone
ICI
GABA

LMWH
AP,AP
Pramlintide,DM



Podophyllotoxin,A,36,D,LIE,LIE
Insulin

A


Tolvaptan,Tolvaptan,AVP,Tolvaptan,AVP
40
Amisulpride,Amisulpride


Sirolimus


A
Ambrisentan,A

A
P

CK2,CK2,CK2


Topiramate,Topiramate,GABA,GABA

Tositumomab,Ofatumumab,Ofatumumab,Ofatumumab

Ginkgo

Oxybuprocaine


A,DES,CEE
Exemestane,A

Bupranolol

BPN,BPN,BPN,BPN,CLZ,BPN
Melatonin,G,Melatonin,MAP
GnRH,Degarelix,GnRH,Degarelix

IL-8,M3,IL-8,M3,IL-8,M3,M3
Acetaminophen,APAP,APAP,APAP,APAP,APAP,APAP
Melatonin,Melatonin
Tibolone

NOS,NOS,CC,DM,CC,Udenafil
Anastrozole

salt,salt,salt
Morphine

Iloprost
17


A,D,D,D,D,D
G,G,G

Levodopa,Tolcapone,Tolcapone

Vedolizumab,Vedolizumab,17,Vedolizumab
F,Roche,I
A,A
Finasteride,A
Clofarabine,Clofarabine,2004

K,K,47,35,17,Menadione
GTP,Hexachlorophene
A,Target


DHT,Dutasteride,DHT

Histamine,40
Zonisamide
Ramelteon,Ramelteon,A

2200,2200

Combretastatin






Methamphetamine,MAP,MAP,MAP,MAP,MAP
Chloropyramine

Temsirolimus,Everolimus,Rapamycin,Temsirolimus,Everolimus,Temsirolimus,40,50%,Temsirolimus,Temsirolimus

A

A,A
TPO,2008,TPO,TPO,TPO,Eltrombopag,TPO,TPO

Zileuton

Lidocaine,A
Arginine,Conivaptan


Brinzolamide,Brinzolamide,IOP,Brinzolamide,IOP,Brinzolamide,IOP
Ezetimibe,A,40
Alitretinoin,PGA,80%,Alitretinoin
Insulin

TA1,TA1,TA1,TA1
Conivaptan



5-ASA,5-ASA


Clofarabine,Clofarabine
Methadone,60%



ATP
Etomidate,A,Asn


30%,40%,50%,A,Melatonin
UDCA,UDCA
A
Tamoxifen
LMWH
I
Ramelteon,MT1,Ramelteon
Everolimus,95%,P,Everolimus,VEGF
Mecamylamine
A,Probenecid
Daclizumab,IL-7,Daclizumab,IL-7,IL-7,Daclizumab
G,COX

ICI,780,ICI,780
Glyburide
cAMP,Crofelemer,60%,Crofelemer,Crofelemer,Crofelemer,Crofelemer
A
Trifluorothymidine,TFT,TFT,TFT,TFT,TFT,5-FU,TFT,5-FU,TFT,5-FU,TFT,TFT

GH,GH
Nilotinib,38,Nilotinib

Glucose,Glucose

Bayer,A,A,A,Progesterone,Progesterone

Methadone

ABZ
Roche,COX
Palonosetron,Palonosetron
A
Terbinafine,A

AP24534,AP24534
70%,Finasteride,DHT,Dutasteride,Dutasteride,I,DHT,A
Erlotinib,TFT,Erlotinib,TFT
Heparin,A,Tinzaparin
Tinzaparin,Dalteparin,Enoxaparin,Tinzaparin
MDMA,MDMA,MDMA,METH,MDMA,METH,MDMA,METH,MDMA,METH


A
Ambrisentan,Ambrisentan
Nilotinib,ABL

H23
Target,292,1254,1514

Zonisamide,Zonisamide,Zonisamide

A

Miglustat,Miglustat
17
A,Progesterone
I,MT1,MT1
Dapagliflozin,Dapagliflozin
G,50%,H2O2,20%
Topiramate,GABA,GABA,A,GABA,A
Zonisamide
"3,4-Methylenedioxymethamphetamine",MDMA,MDMA,MDMA
Rapamycin,Rapamycin
Hydroxyurea,I
A,TBZ,A
Eculizumab,Eculizumab
Bambuterol,M,M,M


A,RAMP,RAMP


A





LH,LH,GnRH,GnRH,Abarelix,GnRH,2004
Conivaptan
cAMP

5-aza-2'-deoxycytidine,40


G,G,200

D,D,D

CDCA,CDCA,CDCA,CDCA

D


Bexxar,Zevalin,Spectrum,Zevalin


K
I
GABA
A,5-ASA,5-ASA



I,HMG,HMG
LAAM
A,Vioxx,2004,Bextra

NET,NET,Reserpine,NET,NET,NET,Reserpine,NET,NET,NET

A
Phenformin,Phenformin
AdoMet,AdoMet,AdoMet,AdoMet

D,PTH,PTH,PTH,PTH,PTH,PTH,D
A,A

I,Halothane

Thalidomide

METH,METH,METH,METH,METH,METH,A,METH,METH
TG,TG
Testosterone,ANE
Insulin
Scopolamine,A

3364,"2',5'-ADP",A






OVA,OVA,OVA
Rituximab,I
A
Voglibose

AP


A
Mist,Formoterol
Thymidine




P,Darifenacin,Darifenacin

Scopolamine

Pyridoxal

Arformoterol




80%
IOP,IOP,IOP,IOP,IOP,IOP,IOP
A,ACTH,Prednisolone,ACTH,POMC,ACTH,Prednisolone

Zileuton,Zileuton,Zileuton,Zileuton,Zileuton,Zileuton,Zileuton,Zileuton

IVIg,IVIg
30%,40%
Telmisartan,Telmisartan,Ramipril
I
I,35,A,Y
EPA,Thr
Panitumumab,Panitumumab,FOLFIRI,Panitumumab
A
Flunarizine,86,D,1400,D
Etomidate,1972


Zonisamide

Difluprednate,DFBA,DFBA,DFBA,DFBA,DFBA
GABA,GABA,SKF,GABA,SKF,GABA,GABA,GABA,GABA,GABA


40



cAMP
Everolimus,Everolimus,A,P
A,DHEA




Histamine
Colchicine
200






Lindane,Lindane
Cyclosporine,A,CsA,CsA,CsA


Bevacizumab,Sunitinib,Thalidomide


Panitumumab,Panitumumab,FOLFIRI


A,Clofarabine,I
Histamine


A

Tolvaptan
GABA
Diprenorphine,Diprenorphine
60,80%,Clozapine

47,50%,51,A


A,Aleglitazar


Tyrosine
Naloxone
A,Fenofibrate
A
Tacrolimus,A,Tacrolimus,Cys,A,Cys,Cys,A,Cys,A,Cys



Roxatidine

G,MAP


Ambrisentan,Cyclosporin,A,CsA,CsA,CsA,CsA,CsA,A,CsA





BZD,BZD
Tolvaptan,Tolvaptan

Permethrin,Tetrodotoxin
Methacholine

A,CsA



Tofisopam

A
Ibudilast,cAMP


A,A
Golimumab

LMWH,Dalteparin,240,LMWH
Silodosin,Silodosin
NAC,NAC,NAC,NAC
A,98,38,ECG,ECG,88


A,NGX-4010
D,PTH,D,D,PTH,PTH,PTH,D,PTH,PTH,PTH,D
A

ASA
A

51,G,A,A
ETA
COC,COC

Spermine
Rufinamide,Rufinamide,70%,47,Rufinamide,Rufinamide,Rufinamide,Rufinamide,Rufinamide,200,40,Rufinamide

Aspirin
33
Thalidomide
Romidepsin,I
I
Perampanel
A,A,P

MET,Cabozantinib,MET,VEGF,MET,VEGF,MET









Aspirin,CRC
Macitentan
Pitavastatin,A,A


Thalidomide,Lenalidomide,H929
Crizotinib,MET


Dronedarone,Dronedarone

17,17
A
DMF,DMF,DMF,DMF,DMF,DMF,DMF
Ruxolitinib,Ruxolitinib,50%,Ruxolitinib
Pazopanib,STS,PFS,STS,STS,STS
Linaclotide

A
MTX,MTX,Glucarpidase,MTX,MTX,Glucarpidase,MTX,MTX,MTX
Dalfampridine
A
A

60,Glucarpidase,Glucarpidase,Glucarpidase,Glucarpidase

Benzonatate

A,ABT-199

60

Cariprazine
GMP,Avanafil
60

Pralatrexate
ABT-199,ABT-199
AC220,Ponatinib,Ponatinib,AC220,AL,DCC-2036,AL
GSK573719,GSK573719,M3,M3,GSK573719,GSK573719,50%,413,GSK573719,50%,GSK573719,M3
Mifepristone,Mifepristone,A

Bosutinib,Bosutinib,Bosutinib

Ponatinib
Ponatinib,Ponatinib
Amphetamine

Mirabegron

50%,Ponatinib

SK2,I
Rilpivirine

Canagliflozin,Canagliflozin


TAK-441,I

20%
Pomalidomide,Pomalidomide



Procarbazine


Macitentan,A
47
Brexpiprazole,Brexpiprazole,Brexpiprazole,Brexpiprazole

Brexpiprazole
Eliglustat,Eliglustat


87,P,Secukinumab
Dulaglutide


MT1,Melatonin,MT1,Tasimelteon

Pembrolizumab
A,Palonosetron
Ibrutinib,17,MCL,Ibrutinib,MCL
Finafloxacin,I
Selexipag,Selexipag
Apremilast
60%,Blinatumomab,Blinatumomab,330

Sipuleucel-T,Sipuleucel-T
Esmirtazapine

Sonidegib,G


Flibanserin,Flibanserin
Lanreotide
salt,Ivacaftor,50%
Alirocumab
Cariprazine,Cariprazine,I,I
A,AZD9291,AZD9291
A,A
Halcinonide,Halcinonide,Clobetasol,Clobetasol,Halcinonide
Elotuzumab,Elotuzumab
96%
Bilastine,Bilastine,Bilastine
K,D,M
