7750284,methyltrienolone,sigma,his,puromycin,k,dexamethasone,ru 486,streptomycin,progestin,w,"4-pregnene-3,20-dione",g418,aldosterone,aprotinin,cap,g,m,eagle,desogestrel,progesterone,enhance,androgen,pg,13p,ddc,"pregnene-3,20-dione",testosterone,h,3-keto-desogestrel,tris,chloramphenicol,cyproterone acetate,ethinylestradiol,and,f,dex,ltr,d,solution,prc,body,a,cortisol,glycerol,i,ethanol,estradiol valerate,glutamine,21-dihydroxy-3,l-glutamine,s,sm,diluted,progestins,r1881,act,line,penicillin,saline,its,cyproterone,new,ice,equal,u,3-ketodesogestrel,etoh,p,l,al,rpm,estradiol,min,synthetic,levonorgestrel,cold
7750291,good,norgestrel,q,k,pro,progestin,w,hand,benzoate,cc,ethynylestradiol,aprotinin,ether,g,m,progesterone,pg,h,tris,see,net,and,f,d,solution,y,maintain,body,ng,rpr,a,metabolite,cortisol,glycerol,i,ethanol,estradiol valerate,s,recovery,diluted,cam,progestins,its,estrone,new,ice,equal,may,p,l,light,al,estradiol,min,non,ps,phillips,synthetic,levonorgestrel,cold,norgestimate
7751968,amphetamine,gradient,nomifensine,and,d,release
7752578,sigma,his,lumen,k,dimethyl sulfoxide,luminal,benzoate,c02,g,m,piperazine,h,amphotericin b,net,and,choline,f,d,solution,y,ca2,a,i,acridine,trichlormethiazide,s,sm,diluted,furosemide,its,glucose,dt,sci,ouabain,clin,may,p,l,light,al,urea,osp,now,min,sodium chloride,ps,amphotericin,dmso
7755585,13-cis-retinoic acid,vitamin a,retinoic acid,all-trans-retinoic acid,acitretin,trans-retinoic acid,and,f,d,"retinoic acid, 13-cis-",a,its,l,retinol,non,cis-retinoic acid
7755615,fsh,and,a,its,may,synthetic
7761270,sigma,k,pentolinium,hand,cap,g,m,legend,h,trimetaphan,fast,see,roche,mecamylamine hydrochloride,and,f,pa,d,solution,y,ng,a,i,get,mecamylamine,tubocurarine,s,diluted,u,may,p,l,light,min,non
7768881,insulin,target,brl49653,and,a,non
7769797,frusemide,salt,h,and,ng,a,i,ro 42-5892,remikiren,p
7773533,q,sigma,protection,speed,k,w,care,ann,luminal,corticosterone,ala,prazosin,g,m,1oim,pargyline,ecm,h,tris,"n,n-dimethylformamide",ki,and,f,river,d,solution,nicardipine,y,muscle,better,fit,ca2,isotonic,yohimbine,a,i,ethanol,s,diluted,absolute ethanol,saline,its,glucose,propranolol,ale,sci,ice,u,may,inositol,aib,phentolamine,mgso4,p,l,al,dimethylformamide,min,nifedipine,alkylating agent,non,cold
7773620,inverse agonist,q,k,prazepam,w,aminobutyric acid,fl2,diazepam,ann,rpb,gem,gaba,ether,midazolam,g,m,med,bc,tifluadom,enhance,legend,ici,serine,rock,h,see,histidine,pyrido,olp,ccp,ki,and,f,d,tryptophan,solution,y,ccs,muscle,moi,rpr,better,flunitrazepam,i84,a,moment,i,eleven,camp,s,nida,act,its,imp,choice,c5,gas,new,sci,u,may,p,l,al,now,amide,non,des,crystal,fu,rms
7800667,good,apomorphine,chlorpromazine,haloperidol,amphetamine,sigma,k,w,d1,ann,lee,frontal,tol,npp,aspartate,g,m,phencyclidine,clozapine,remoxipride,pcp,d2,piperazine,h,tris,net,d4,ki,and,tam,f,d,solution,caerulein,y,body,d3,ketanserin,release,a,i,gen,s,diluted,act,skf,saline,its,new,sci,lsd,ice,u,way,p,l,light,al,min,non,cold
7809062,q,tyr,"d-fructose 1,6-bisphosphate",leu,val,w,fructose,gln,thr,glu,gly,salt,ala,asn,g,m,dimer,2-mercaptoethanol,lys,d2,"fructose 1,6-bisphosphate",h,tris,see,polyethylene glycol,and,f,carbox,d,solution,y,arg,zncl2,asp,better,fit,mercaptoethanol,a,i,mm3,s,act,met,line,its,glucose,c5,cp,sci,cys,u,may,way,ser,p,l,light,al,now,amide,glucagon,overall,map,b3,crystal,rms
7824160,formate,amphetamine,methylenedioxymethamphetamine,box,leu,k,w,ecstasy,ann,mdma,inosital,corticosterone,g,m,med,phenylalanine,tyrosine,h,see,net,and,f,d,y,neurotoxic,body,norepinephrine,ketanserin,release,a,metabolite,i,dihydroxyphenylalanine,s,diluted,act,4-dihydroxyphenylalanine,saline,"3,4-methylenedioxymethamphetamine",its,glucose,new,sci,u,may,inositol,p,l,al,min,phorbol ester
7828655,apomorphine,haloperidol,q,k,w,coronal,ibi,d1,aminobutyric acid,cgs,datp,gradient,guanine,tol,gaba,g,m,clozapine,legend,target,d2,h,tris,glutamic acid,flupenthixol,and,f,pa,d,max,solution,y,d3,release,a,i,ethanol,dehydrated,s,lie,diluted,absolute ethanol,saline,its,tor,calmodulin,new,sci,u,may,way,p,l,light,al,now,min,glutamate,non,synthetic
7831422,q,spectrum,box,k,w,hand,aminobutyric acid,diazepam,ann,adm,duration,atropine,gaba,aspartate,alcohol,midazolam,g,m,at 10,enhance,h,lorazepam,see,triazolam,neurol,and,f,river,pa,d,y,reset,ng,phenobarbital,release,a,metabolite,i,ethanol,s,act,met,sem,saline,its,gamma-aminobutyric acid,baclofen,progabide,new,sci,u,may,p,l,light,al,min,non,picrotoxin,propylene glycol
7832763,good,rad,q,sigma,diclofenac,k,pro,w,hand,retinoic acid,mefenamic,pge2,lee,gradient,salt,aprotinin,tg,g,m,med,ketoprofen,dimer,sds,pg,target,carol,h,tris,piroxicam,proline,leucine,flufenamic acid,glucoside,and,f,pa,d,solution,promega,y,cox,glycine,ng,lysine,arachidonic acid,a,i,aspirin,sucrose,glutamine,aspartic acid,gen,vessel,mefenamic acid,band,s,diluted,2-10,its,arachidonate,tor,murine,ibuprofen,gas,new,sci,clin,u,may,naproxen,indomethacin,p,l,al,min,non,overall,synthetic,crystal,fu
7843749,irbesartan,aldosterone,and,at1,a,i,p
7848904,nicotine,naloxone,phorbol 12-myristate 13-acetate,h,decamethonium,morphine,and,a,methadone,new,sphingosine,myristate
7849137,good,oxazepam,temazepam,spectrum,k,w,orciprenaline sulphate,ether,potassium chloride solution,g,m,orciprenaline,pg,target,h,lorazepam,pol,and,f,d,solution,ng,p41,a,i,ativan,dipyridamol,cinolazepam,potassium chloride,s,act,potassium,gas,sci,sin,diethyl ether,u,may,lh,p,l,al,rpm,react,min,amide,sodium chloride,b3,alupent
7851817,sigma,k,dexamethasone,hand,ann,sia,pge2,anesthetic,lee,cc,corticosterone,1-menthol,naloxone,g,m,med,cortisone,prevent,cal,hairy,h,tris,bestatin,morphine,and,f,dex,d,solution,y,lin,corticotropin,arachidonic acid,release,a,i,ethanol,acetylsalicylic acid,menthol,s,o-o,l-menthol,met,new,sci,indomethacin,salicylate,mra,menthol and methyl salicylate,p,l,al,min,non,acea,des,capsaicin,analgesic
7855217,astemizole,q,3h]pyrilamine,sigma,k,w,maleate,pirenzepine,frontal,mequitazine,atropine,bupropion,prazosin,g,m,imipramine,clonidine,mepyramine,clozapine,cyproheptadine,d2,atropine sulfate,amitriptyline,h,see,net,roche,and,f,pa,d,y,amantadine,promethazine,norepinephrine,ketanserin,a,metabolite,i,terfenadine,ketanserin tartrate,m3,chlorprothixene,s,diluted,pyrilamine,sem,pimozide,its,htta,procyclidine,fluoxetine,choice,hum,buspirone,new,sci,ice,clin,equal,u,may,p,l,al,min,venlafaxine,brompheniramine,histamine,non,pfizer,cold,adinazolam,antihistamine
7856330,enhance,and,carbamazepine,zonisamide,its
7858879,sigma,lumen,k,pro,dap,vasoconstrictor,w,care,duration,arginine,h835,c02,seo,g,m,bosentan,cardioplegic,prevent,phosphoramidon,ro 47-0203,verapamil,h,see,roche,and,f,river,d,solution,eta,y,ura,maintain,ecg,nitric oxide,muscle,body,ng,better,edrf,release,a,i,nitrol,vessel,s,saline,its,glucose,new,sci,sin,clin,equal,u,may,sinus,mgso4,p,l,al,l-arginine,calcitonin,now,min,histamine,non,map,endothelium-derived relaxing factor,synthetic,tak,cold
7862741,secobarbital,mephobarbital,and,l-glutamate,d,may,a,barbital,l,phenobarbital,glutamate,aspartate,amobarbital,anesthetic
7865862,prochlorperazine,its,recovery,sem,and,k,fluorouracil,m,ng,prevent,q,gradual,dm,d,diazepam,duration,platinum,g,may,dactinomycin,d2,asta,sci,ifosfamide,h,zofran,a,ap,new,metoclopramide,cyclophosphamide,med,paspertin,methotrexate,y,release,see,l,alizapride,cisplatin,light,sigma,uta,better,5-fluorouracil,u,holoxan,haloperidol,solution,al,i,cantor,saline,protection,clin,s,tropisetron,condition,endoxan,body,ondansetron,carboplatin,domperidone,w,f,min,p
7872378,leuprolide acetate,fsh,and,k,androgen,m,ng,d,buserelin,hmg,g,e 2,may,sci,h,menotropins,a,luteinizing hormone,new,atv,chorionic gonadotropin,care,follicle stimulating hormone,gast,med,met,metrodin,y,gnrh,hum,choice,l,advanced,clomiphene,clomiphene citrate,better,progesterone,sinton,u,androstenedione,human fsh,al,i,clin,s,pg,ps,condition,urofollitropin,hand,testosterone,optimal,lh,w,citrate,human chorionic gonadotropin,f,box,gonadotropin-releasing hormone,estradiol,way,p,lee
7873420,rbc,cd,his,its,sem,and,k,maleate,alcohols,m,q,d,good,g,may,sci,h,a,desflurane,new,care,med,cox,y,viv,l,ca2,red cells,tris,halothane,target,u,enflurane,albumin,i,act,clin,s,serum albumin,gas,pg,isopropanol,calmodulin,atp,ann,ethanol,2-propanol,w,propanol,f,anesthetic,min,way,p,alcohol,equal
7875228,fat,guanosine 5'-triphosphate,its,and,k,maleate,tor,ether,ice,m,salt,ki,d,norepinephrine bitartrate,inositol,ala,acetone,sodium dodecyl sulfate,thc,g,bc,sci,h,a,urea,glucose,new,y,see,triphosphate,l,ca2,gdp,trizma,meth,light,tris,l98,u,line,kato,heparin,solution,al,gtp,i,act,s,l-norepinephrine,portal,calmodulin,phenylephrine,c253,norepinephrine,atp,glycerol,sds,ajb,gen,muscle,enhance,creatine,w,prazosin,clonidine,f,guanosine,methoxamine,phorbol ester,min,aib,p,dodecyl sulfate
7882570,adenosine monophosphate,allergen,its,and,k,l-glutamine,salmeterol,m,dex,ng,q,seo,d,duration,river,tnf,g,phosphatidylserine,may,propranolol,ficoll,non,h,a,gm-csf,diluted,histamine,new,antibiotic,care,agon,med,thymidine,surg,sts,at 10,y,camp,release,see,dmso,oxprenolol,l,okt3,tg,forskolin,sigma,glutamine,epinephrine,gentamicin,u,line,sm,cachectin,anti-cd3,al,i,saline,protection,clin,s,pge2,pro,tumor necrosis factor-alpha,norepinephrine,tumor necrosis factor,rolipram,hand,now,isoproterenol,methylprednisolone,f,dexamethasone,murine,min,adenylate,way,p,aminophylline
7885191,cd,its,sucrose,and,k,ice,m,q,gly,d,ala,acetone,g,may,sci,econ,non,lindane,h,a,diluted,new,metabolite,rtr,y,ser,l,cold,d5,tris,u,line,solution,sim,i,s,pg,dimethyl sulfoxide,gaba,now,body,f,min,p,lee
7898101,its,and,nilvadipine,good,duration,h,a,new,nifedipine,l,s,muscle
7898773,myo-inositol,chlorpromazine,nil,frontal,its,and,k,htta,m,d,inositol,good,inverse agonist,g,may,d2,sci,non,h,a,new,ici,y,see,l,haloperidol,line,clozapine,al,gtp,i,pargyline,tol,act,s,gen,lithium,w,risperidone,f,d4,min,p,lee
7903385,fit,and,indomethacin,a,epinephrine,guanabenz,norepinephrine,clonidine,p
7906055,frontal,its,sem,and,k,ice,m,d,g,may,sci,agmatine,h,a,gradient,glucose,new,hql,rad,carol,y,release,l,ornithine,ino,cold,pa,sigma,tris,epinephrine,insulin,u,solution,al,i,act,s,adrenal,calmodulin,pyridoxal,norepinephrine,denatured,ao2,mgso4,now,gen,ethanol,w,clonidine,f,l-arginine,bacterial,putrescine,min,arginine,way,p
7908055,chlorpromazine,and,chloroprothixene,ki,a,pimozide,amperozide,clozapine,risperidone
7908256,harris,cd,his,its,nasal,sem,and,k,s27,m,des,ng,ki,d,heather,duration,g,may,propranolol,biscuits,bm 14.190,h,a,overall,caffeine,new,ici,med,ris,y,l,light,target,u,line,al,i,carvedilol,ecg,clin,s,cal,rise,hand,isoproterenol,w,tea,f,c25,pep,digitoxin,pindolol,min,isoprenaline,way,p,alcohol
7909690,ump,coa,and,k,utp,fluorouracil,thymidylate,ice,m,salt,hypoxanthine,q,ki,d,ribonucleoside,benzamidine,g,may,h,acs,a,gradient,atovaquone,diluted,glucose,new,metabolite,uridine,med,maintain,l,uracil,sigma,adp,phillips,target,5-fluorouracil,aspartate,u,inosine,solution,al,gtp,i,s,orotate,dtmp,gas,ctp,pg,sherman,cap,balanced salt solution,dimethyl sulfoxide,atp,glycerol,l-aspartate,plm,now,streptomycin,sax,dump,oro,w,balanced salt,f,gentamycin,asp,min,cytidine,udp,p,chloroquine,equal
7911332,its,and,k,m,ng,net,q,dm,d,diazepam,antibacterial,g,may,sci,non,h,a,overall,new,care,med,flurazepam,see,l,nla,better,triazolam,midazolam,ddd,u,al,i,act,nitrazepam,s,oxazepam,lorazepam,bromazepam,flunitrazepam,alprazolam,nim,cholesterol,w,temazepam,f,box,p,alcohol,equal,lee
7912539,cd,its,alprenolol,and,m,dm,d,gh,g,may,d2,sci,fenoterol,non,h,a,caffeine,nicotine,ici,ritodrine,med,n20,l,ddi,pa,target,cyclic amp,al,i,clin,asd,s,isoproterenol,muscle,nadolol,amd,f,pindolol,min,isoprenaline,p
7918347,and,ki,a,d1,propericiazine
7921608,cd,its,and,k,m,salt,q,d,ala,duration,g,may,non,h,indomethacin,a,atenolol,vasopressin,new,atropine,y,methohexitone,release,see,l,brietal,sigma,ro 47-0203,vasoconstrictor,frusemide,u,albumin,al,i,edrf,saline,bosentan,s,serum albumin,eta,rise,muscle,enhance,w,f,min,phosphoramidon,p,lee
7925603,adenosine monophosphate,"1,3-dimethylxanthine",guanylate,7-trimethylxanthine,cgmp,skf,his,its,recovery,hydroxypropyltheophylline,and,k,bromocriptine,pentoxifylline,m,salt,ng,net,q,gradual,d,good,"adenosine 3',5'-monophosphate",g,may,sci,non,polyethylene glycol,h,a,caffeine,5'-amp,glucose,new,theophylline,med,peridol,y,camp,see,dimethylxanthine,l,forskolin,light,"1,3,7-trimethylxanthine",sigma,7-dimethylxanthine,thiothixene,epinephrine,u,haloperidol,line,solution,cyclic amp,al,norton,i,saline,protection,act,clin,s,norepinephrine,dyphylline,perform,timolol,now,isobutylmethylxanthine,body,isoproterenol,enhance,domperidone,w,gmp,f,cmp,flupenthixol,fbr,cou,min,theobromine,"3,7-dimethylxanthine",adenylate,way,p,ketanserin,aminophylline
7926307,its,eagle,and,k,rpm,ice,m,salt,prevent,q,d,good,nicotinamide,g,may,sci,glut,non,h,pentamidine,a,dc,pcb,glucose,stz,new,antibiotic,harry,rad,med,streptozotocin,acth,at 10,y,release,see,l,cold,light,pa,sigma,adp,att,insulin,u,line,rossini,solution,al,i,thorens,clin,merit,s,isopropanol,pro,condition,react,body,enhance,streptomycin,w,citrate,f,lib,min,penicillin,streptozocin,p,lee
7928182,iop
7929150,fit,his,crystal,and,k,exm,m,cresol purple,methionine,leader,d,benzamidine,leu,g,may,ethoxzolamide,sci,mops,acetazolamide,h,a,urea,ap,new,erase,proline,ref,y,see,tyr,l,threonine,histidine,tris,mercaptoethanol,amide,u,line,solution,chlorophenol,al,i,act,s,gas,legend,pro,phy,sds,val,w,f,tyrosine,bacterial,box,arginine,p,equal
7948825,its,sucrose,and,k,sucralfate,vitamin b12,m,salt,prevent,d,good,duration,g,may,sci,non,h,thyroxine,a,overall,tetracycline,potassium,histamine,antibiotics,new,ranitidine,care,epidermal growth factor,med,surg,y,phenytoin,omeprazole,l,advanced,lau,lie,better,metronidazole,u,kato,regimen,heparin,al,i,protection,clin,s,cimetidine,egf,ann,body,muscle,w,f,bacterial,min,p
7952157,iodine,his,its,and,k,ptu,methimazole,thyroglobulin,m,dm,triiodothyronine,d,carbimazole,duration,g,may,sci,non,h,thyroxine,a,see,choice,l,tg,hydrocortisone,light,thyrotropin,tpo,u,solution,al,i,clin,girl,s,eta,condition,perform,nodular,now,cholesterol,n 10,f,propylthiouracil,min,tsh,thiamazole,p,alcohol
7957034,f,overall,non,coronal,loc,phenytoin,release,h,synthetic,i,perform,his,line,carfentanil,neurol,k,al,ann,duration,carbamazepine,may,sci,m,p,g,and,glucose,heather,min,cc,w,pre-op,s,d,surg,new,diprenorphine,a,l
7959748,morphine,may,and,fentanyl,murine
7961725,gch,fast,n 10,f,overall,ki,spectrum,deoxyuridylate,tris,equal,urate,release,histidine,l-histidine,h,urea,fit,i,pa,metric,kcl,dimethyl sulfoxide,mercaptoethanol,u,nadh,sigma,at 10,y,d6,denatured,clin,solution,line,good,o-o,diluted,uracil,at 7,ethanol,k,al,ann,pres,potassium,2'-deoxyuridylate,its,harris,rad,may,m,band,enhance,thymidylate,p,g,and,oxypurinol,min,ng,see,w,5-fluorouracil,ard,s,recovery,lh,fluorouracil,net,pg,d,5-ethynyluracil,5-iodouracil,a,gradient,l
7961794,ste,f,overall,non,coronal,tris,thymidine,retinoic acid,h,retinoids,i,pa,pro,u,melatonin,potassium acetate,sigma,y,iodomelatonin,triiodothyronine,tor,diluted,way,promega,k,potassium,its,indole-3-acetic acid,2-iodomelatonin,may,vitamin d,sci,m,fmc,chloramphenicol,l-dopa,target,p,g,and,min,magnesium,w,s,cold,retinoid,n-acetyl serotonin,gcl,l-tryptophan,pg,d,cis-ra,cis-retinoic acid,new,tryptophan,a,adrenal,l,9-cis-ra
7962113,streptomycin,q,f,spectrum,pas,thrombin,saline,penicillin,release,h,sds,urokinase,i,pa,pro,u,sigma,e-aminocaproic acid,clin,aprotinin,albumin,his,line,upa,aminocaproic acid,organon,eaca,eagle,k,al,gen,dodecyl sulfate,its,may,tpa,vitrum,sci,m,p,g,and,glucose,min,roche,ng,see,w,ukidan,ecm,s,serum albumin,lh,pa1,pg,d,new,serine,aminocaproic,a,sodium dodecyl sulfate,murine,l
7963258,collagenase,fast,q,f,overall,coral,tris,saline,h,med,alcohols,fit,mecamylamine,i,pa,u,sigma,y,protection,hand,trimethaphan,solution,line,patch,ether,tubocurarine,k,al,tetraethylammonium,ps,potassium,duration,its,may,sci,m,advanced,sah,p,g,and,sam,muscle,sem,glucose,moment,min,roche,d-tubocurarine,see,w,tea,prevent,legend,thc,s,recovery,candy,d,anesthetic,new,a,aib,adrenal,l
7969507,propranolol,q,f,bos,saline,release,h,med,fenoterol,i,pa,ap,u,fenoterol hydrobromide,vasoconstrictor,fl2,brietal,sigma,y,erythro,albumin,propan-2ol,hand,80g,line,organon,ici,way,k,al,gen,epinephrine,ice,portal,sci,m,enhance,p,g,and,muscle,sem,atenolol,norepinephrine,adm,min,atropine sulphate,see,vessel,w,prevent,body,isoprenaline,methohexital,s,care,cold,serum albumin,lh,pg,d,new,heparin,a,atropine,adrenal,l
7981009,propranolol,harry,f,non,gradual,ddi,h,med,i,celiprolol,n20,nadolol,clin,pindolol,good,ici,now,k,potassium,its,may,m,caffeine,p,g,and,atenolol,nicotine,min,ng,sodium chloride,see,w,isoprenaline,s,recovery,d,new,a,fpi,l
7981624,i,and,ca2,new,a
7984281,light,q,f,tyrosine,imipramine,tris,hydro,atp,ketanserin,saline,release,h,med,synthetic,i,clorgyline,mercaptoethanol,u,at 10,diethyl ether,y,denatured,clin,frontal,adrenalin,tor,solution,flurazepam,rise,way,ether,ethanol,amoxapine,2-mercaptoethanol,k,buspirone,al,aminobutyric acid,tol,m.o.s,tricyclics,its,a 300,gamma-aminobutyric acid,imipramine hydrochloride,may,sci,mianserin,m,band,act,lysergic acid diethylamide,p,g,and,min,day time,sodium chloride,see,cc,w,prevent,body,legend,s,d,tetrabenazine,new,fluoxetine,tryptophan,a,maleate,l
7989460,light,progesterone,q,f,oestrogen,androgen,react,testosterone,release,pregnenolone,diurnal,h,i,pa,u,dt,estradiol,sigma,y,clin,oxytocin,hum,line,rise,oestradiol,ru486,way,progestin,metabolite,k,dexamethasone,al,its,may,sci,diane,m,androstenedione,target,luteum,p,g,and,sam,sem,dm,trilostane,min,w,prevent,cortisol,acth,repro,lee,cholesterol,s,recovery,care,lh,"win 24,540",d,new,gnrh,dhea,adenylate,a,adrenal,dehydroepiandrosterone,maintain,l
7994817,and,a
7995016,q,f,ki,n-methylamphetamine,phenylethylamine,release,h,med,i,ap,clorgyline,u,phenylalanine,beta-phenylethylamine,regimen,y,clin,d-methamphetamine,methylamphetamine,good,cd,2-phenylethylamine,l-phenylalanine,metabolite,neurol,now,k,al,gen,duration,orion,its,phenethylamine,box,may,pargyline,sci,m,amphetamine,enhance,sm,p,g,and,sem,gas,phenethylamine hydrochloride,min,benzylamine,ng,methamphetamine,l982,w,body,mbh,lee,s,recovery,hygiene,pg,d,pol,new,a,levodopa,l
7996177,progesterone,pregnenolone,synthetic,hydroxyprogesterone,metabolite,p,and,trilostane,a
7996307,clomiphene citrate,acne,zoladex,light,cyproterone acetate,progesterone,f,androgen,factrel,clonidine,testosterone,luteinizing hormone,corson,citrate,danocrine,release,h,lhrh,lupron depot,i,d-trp,synarel,u,hmg,estradiol,fsh,choice,y,line,medroxyprogesterone acetate,good,trp,nafarelin,danazol,ici,clomiphene,progestin,norethindrone,human chorionic gonadotropin,k,al,progestins,duration,its,lupron,portal,nasal,leuprolide acetate,may,cyproterone,m,enhance,advanced,act,put,p,g,and,tamoxifen,blow,chorionic gonadotropin,dust,see,w,medroxyprogesterone,prevent,goserelin,lee,s,mpa,lh,gonadotropin-releasing hormone,d,new,gnrh,a,nasal decongestant,nostril,buserelin,l
8000225,progesterone,estradiol,gossypol,danazol,way,and,gonadotropin releasing hormone,gnrh,a
8001268,at 10,terfenadine,k,duration,pyrilamine,may,histamine,and,astemizole,l
8003661,and,cyclothiazide,min,a
8014033,f,ppa,ketanserin,saline,gynergen,h,med,i,ergometrine,vasoconstrictor,at 10,clin,hand,solution,cafergot,speed,neurol,k,ergotamine tartrate,meth,duration,its,sumatriptan,ergotamine,may,sufrexal,m,p,g,and,min,see,vessel,w,s,d,a,imigran,pdo
8020989,glucagon,human glucagon,band,and,a
8032658,-amine,f,reserpine,non,corticosterone,equal,jam,ketanserin,release,bia,h,son,med,cox,urea,fit,i,u,sigma,me5,cocaine,phentolamine,solution,cd,ici,gaster,h-3,imm,inositol,k,al,tetrodotoxin,2-me,methysergide,its,sumatriptan,may,pargyline,sci,mianserin,m,brl 24924,act,p,g,and,muscle,glucose,min,plm,see,indomethacin,cc,w,prevent,gerson,s,care,d,new,fluoxetine,yohimbine,ketanserin tartrate,a,maleate,renzapride,l
8050463,difenidol,light,eglen,q,f,oestrogen,non,abrol,release,h,med,gallamine,papaverine,i,pa,endothelium-derived relaxing factor,u,vasoconstrictor,vasopressin,sigma,at 10,y,hand,solution,line,good,cd,gallamine triethiodide,pirenzepine,diluted,way,ethanol,k,al,optimal,ann,potassium,myristate,ice,its,box,may,sci,m,diphenidol,p,g,and,muscle,glucose,better,potassium chloride,min,ng,choline,see,w,prevent,s,care,arachidonic acid,cold,d,arginine,new,thiopentone,fentanyl,rubbing,a,atropine,l
8052854,f,overall,ltr,loc,deoxycholate,release,h,med,i,dimethyl sulfoxide,bacterial,u,methacin,condition,camp,dimer,y,line,il-8,tnf,promega,k,aspirin,al,salicylic,acetaminophen,myristate,its,salicylic acid,nasal,may,salicylate,sci,m,p,sodium salicylate,g,and,muscle,lysine,min,roche,ng,indomethacin,cc,w,tumor necrosis factor,pgh,cap,s,cold,pg,cysteine,d,new,serine,pma,binds to dna,a,ine,l
8058773,f,phorbol 12-myristate 13-acetate,saline,release,h,med,i,pa,u,sigma,y,c02,freeze,clin,balanced salt,solution,il-8,salt,diluted,way,magnesium sulfate,k,ann,potassium,arachidonate,balanced salt solution,myristate,its,box,may,sci,m,advanced,p,g,and,sem,glucose,sulfuric acid,potassium chloride,min,magnesium,ng,ficoll,sodium chloride,cc,w,body,s,care,arachidonic acid,pg,d,zileuton,surg,new,pma,a,gradient,l
8059831,s,m,portal,sigma,h,c658,gtp,inositol,w,epinephrine,solution,hand,d,uric acid,sci,practolol,propranolol,saline,norepinephrine,new,duration,and,k,al,oxytocin,y,q,non,l,clin,p,metoprolol,urea,recovery,f,a,muscle,i,isoproterenol,ritodrine,may,cc,pg,g,diluted,its,atp
8061055,s,m,folate,c1042,c212,line,h,w,dt,d,dodecyl sulfate,c310,frs,ctl,and,k,al,y,q,non,l,light,clin,p,u,f,a,sds,release,i,eagle,min,may,cc,murine,g,cga
8070368,s,m,advanced,equal,d93,d90,geneticin,line,h,crc,bc,tris buffer,pa,inositol,w,human fsh,roche,d,rad,adenyl,tsh,map,sci,synthetic,sucrose,arg,tris,norepinephrine,act,new,harris,cysteine,and,ki,cold,k,al,cac,d88,y,nana,crystal,pp 2,see,estradiol,l,p,u,f,a,pol,box,pvl,thyrotropin,i,eagle,min,fsh,may,iodine,ice,progesterone,moran,murine,pg,g418,dm,g,aspartic acid,ng,diluted,its,cga,lh
8073394,s,m,camp,sigma,glycine,h,serum albumin,mph,citrate,pa,w,solution,urokinase,aminocaproic,d,amca,e-aminocaproic acid,glu,sci,prevent,aminocaproic acid,saline,diurnal,sam,tris,amino caproic acid,albumin,and,cold,k,al,y,lysine,see,l,sem,vitrum,clin,kabivitrum,amino caproic,p,urea,eaca,u,human serum albumin,ap,f,dc,a,sds,release,i,med,min,activase,may,tranexamic acid,pg,epsilon-aminocaproic acid,g,diluted,its,overall,thrombin
8082693,haloperidol,s,m,pbz,maleate,bupropion,theophyllamine,sigma,h,ici,corticosterone,moment,amphetamine,w,pro,tryptophan,d,adenylate,sci,prevent,propranolol,saline,triphosphate,norepinephrine,new,theophylline,and,lee,k,theobromine,al,l,light,p,aminophylline,body,u,apomorphine,f,a,pol,box,skf,release,gen,thyrotropin,i,med,acetaminophen,min,bromocriptine,pimozide,may,lin,caffeine,rise,reserpine,atropine sulfate,g,diluted,atropine,overall
8083242,s,m,equal,h,pa,w,pro,solution,d,sci,synthetic,ref,act,new,his,condition,and,k,al,y,see,l,k 12,p,u,f,bump,a,i,med,may,isa,g,its,overall,thrombin
8093733,m,cisapride,tetrodotoxin,methacholine,duration,and,enhance,transit,piperazine,a,muscle,methysergide,ketanserin,min,g,atropine,its
8097243,fat,ici,epinephrine,propranolol,norepinephrine,and,bupranolol,propanol,a,i,adrenocorticotropic hormone,min,isoproterenol,2-propanol,g
8098761,s,ici,penbutolol,and,metoprolol,a,release,cp,pindolol,may,its
8099718,s,ann,m,neurol,phenytoin,gas,mga,calmodulin,mea,h,morphine,nicotine,rpm,frontal,w,at 10,clonidine,moon,solution,l-glutamate,d,phenylalanine,almitrine,spm,sci,trihydrate,spectrum,cxz,sucrose,saline,quisqualate,tris,norepinephrine,new,albumin,gradient,harris,and,cold,lee,k,al,ethanol solution,y,scopolamine,non,anhydrous,l,light,yohimbine,sem,ethanol,band,clin,p,piperazine,way,glucose,f,a,glutamate,box,release,gen,red cells,i,tam,potassium,min,m6d,ficoll,may,lin,ca2,phenobarbital,g,ouabain,speed,diluted,its,atp,almitrine bismesylate
8100523,s,m,met,advanced,dimer,glucagon,gln,h,insulin,sep,leu,cal,ser,dpp,w,methionine,pro,gly,solution,d,proline,adenylate,tyr,thr,cyclic amp,glu,synthetic,histamine,lys,arg,new,his,gradient,tact,histidine,and,val,k,al,phm,asp,des,non,see,good,l,tyrosine,clin,p,corticotrophin,glucose,trp,serine,asn,f,a,release,phe,i,isoleucine,optimal,min,growth hormone,phi,may,ala,vip,rise,amide,moi,pg,g,its,cd,ile,react,better
8101879,pp2,s,m,equal,alcohol,levomepromazine,h,c5,w,c5a,solution,d,c17,s-4,scr,chlorprothixene,maintain,sci,c19,ref,rap,tol,phenothiazine,fit,new,d4,and,r-3,lee,k,quasar,salt,y,q,crystal,d1,chlorpromazine,non,see,good,l,loxapine,p,csa,succinate,way,u,f,a,box,i,med,optimal,merit,may,ala,d2,monohydrate,g,cocaine,rms,its,cla,methotrimeprazine,perform,trans-chlorprothixene,better,put,fok
8103596,haloperidol,s,domperidone,alizapride,fenoldopam,d3,propranolol,phentolamine,and,d1,transit,p,apomorphine,i,bromocriptine,may,d2
8105356,s,m,sigma,line,h,ici,pa,mm3,at 10,solution,hand,d,nfx,cyclic amp,sci,phentolamine,saline,norepinephrine,condition,and,k,al,enhance,l,light,p,way,f,a,muscle,i,min,may,thc,g
8106131,fat,phenylethylamine,norepinephrine,new,and,a
8110752,s,m,equal,sigma,lanes,folate,folicacid,h,arginine,w,spermidine hydrochloride,methionine,solution,d,dodecyl sulfate,sci,gcg,frs,kcl,datp,mix,tris,act,new,folic acid,cysteine,and,folic,promega,acs,cold,k,al,cac,gpi,neo,y,q,taq,see,spermidine,l,clin,p,u,f,a,atg,i,frq,min,tcc,may,ice,cc,murine,dgtp,pg,g,its,atp,cga,react,agg,att,acetone
8117686,s,m,sigma,gas,line,h,rpm,bacterial,testosterone,w,protection,solution,d,maintain,sci,synthetic,sucrose,saline,finasteride,fit,new,harris,and,acs,ki,cold,lee,k,al,target,y,succinic acid,see,mops,good,l,ethanol,clin,p,recovery,glucose,u,f,a,kom,fast,release,i,med,potassium,min,may,ice,pg,gentamicin,g,speed,now,diluted,glucose-6-phosphate,its,nadp,aza,dihydrotestosterone,acne,glucose 6-phosphate
8119180,s,ann,m,ee2,ethynyl estradiol,sigma,prednisolone,h,methyltrienolone,corticosterone,sone,testosterone,w,dexamethasone,pro,dt,oro,d,c17,lib,rad,3h-cortisol,sci,synthetic,fluoxymesterone,sucrose,cortisol,tris,fit,act,new,his,condition,and,ki,lee,k,al,target,sm,y,enhance,non,see,adrenal,estradiol,l,fatty acids,magnesium,ethanol,oxymetholone,clin,p,gh,recovery,u,f,a,sodium molybdate,muscle,danazol,box,dex,i,med,min,growth hormone,androgen,may,rio,rise,gran,progesterone,zip,allergy,r1881,g,triamcinolone acetonide,methyltestosterone,its,androsten,dihydrotestosterone,triamcinolone
8132625,s,m,horse,equal,metocurine,etx,sigma,line,h,penicillin,serum albumin,bc,streptomycin,tinic,w,solution,d,prevent,ps,fit,act,new,albumin,and,a2p,d6,k,al,target,y,l,tyrosine,p,u,f,a,muscle,i,med,eagle,min,choline,may,rise,pg,ins,g,dimethyl sulfoxide,son,diluted,its,coral,nico,better
8133056,bacterial,new,and,cefdinir,myeloperoxidase,a,release,pma,h2o2,ci-983
8139621,s,m,mgso4,equal,ptl,sigma,line,h,bacterial,serum albumin,taxol,gtp,c5,w,at 10,tryptophan,d,cantor,rad,l-lysine,hae,map,sci,synthetic,benzamidine,glycerol,ref,mix,colchicine,tris,kato,new,albumin,easy,and,promega,cold,k,al,y,enhance,lysine,non,see,l,sem,tg,bena,band,p,b3,urea,glucose,u,f,ampicillin,e.f,a,deoxycholic acid,sds,ste,i,min,may,thiabendazole,ice,thc,pg,g,now,diluted,its,overall,better,mebendazole
8141114,new,duration,dolasetron,and,non,p,a,i,merit,cisplatin
8144028,s,sodium dodecyl sulfate,m,camp,glucagon,line,h,insulin,gtp,cal,citrate,moment,inositol,w,",citrate",hand,d,adenylate,human glucagon,dodecyl sulfate,adenyl,map,sci,guanosine,gcg,thein,triphosphate,new,harris,and,k,al,sm,y,q,non,l,tg,clin,p,way,glucose,u,f,a,sds,calcitonin,atg,release,secretin,thorens,i,growth hormone,may,pth,lin,vip,rise,amide,ca2,g
8153059,s,m,equal,h,morphine,w,ketobemidone,d,sucrose,tris,new,albumin,duration,easy,and,ki,k,al,y,l,clin,p,u,f,a,i,med,min,analgesic,ice,meth,naloxone,dihydromorphine,g,its,better
8161215,and,s,menadione,may,min,a,glutathione disulfide,glutathione
8166240,new,and,epinephrine,s,g,ctl,recovery,y,c773,norepinephrine,f,w,c772,m,muscle,chloroquin,c771,al,equal,d,good,prazosin,fit,k,c774,tor,bc,sigma,aib,arr,may,i,min,h,insulin,line,laser,sci,a,band,pg,its,lee,clin,cc,l,p
8172912,new,streptomycin,diluted,and,s,sucrose,rise,hb 419,g,recovery,glimepiride,y,adp,legend,glibenclamide,f,cocktail,w,release,aprotinin,ice,glucose,m,q,sugar,cold,salt,al,max,antibiotics,box,d,good,collagenase,k,non,sigma,atp,may,i,min,h,insulin,see,tolbutamide,line,sci,acs,a,trypsin inhibitor,its,mops,penicillin,tol,med,fungizone,ca2,l,u,p,solution,hoe 490
8174605,new,glycerol,diluted,and,platelet activating factor,s,rise,forskolin,histamine,g,recovery,y,ls5,maintain,adp,f,w,release,act,gentamicin,saline,medicated,ice,glucose,m,q,loratadine,azatadine,dmso,goa,al,l-glutamine,murine,max,d,pa,antihistamine,arachidonic acid,glutamine,k,non,hand,terfenadine,dimethyl sulfoxide,sigma,river,concanavalin a,put,may,i,ethanol,min,h,at 10,line,prevent,clarityne,ether,a,pg,its,metabolite,clin,bacterial,d4,allergy,sesquiterpene,eagle,cetirizine,condition,way,light,ca2,l,u,p,solution,mepyramine,inositol,overall,platelet-activating factor,indomethacin
8182534,and,s,y,protection,gas,urea,d,i,min,ceruletide,prevent,a,body,l,p,maleate
8206619,and,acetylsalicylic acid,s,kato,dm,g,recovery,y,f,w,release,ficoll,glucose,m,muscle,vena,q,sodium heparin,heparin,al,d,fhm,k,gradient,remikiren,clg,isorenin,ro 42-5892,may,i,vessel,captopril,min,h,line,mmg,cyclosporine,a,body,pg,its,sep,now,clin,sem,light,l,u,p,solution,synthetic,cyclosporin
8214757,and,may,a,anesthetic,ca2
8223836,and,s,des,nos,clenbuterol,g,trimethoprim,bambec,y,f,w,m,gas,q,bambuterol,th 1165a,al,box,equal,d,pa,k,fl2,non,dextropropoxyphene,paracetamol,may,i,h,duration,insulin,carrier,cp,iwata,a,body,its,metabolite,clin,folacin,resorcinol,l,u,easy,fu,p,solution,fenoterol,cse
8232788,new,and,mecamylamine,s,tacrine,g,y,gallamine,f,w,release,act,ice,m,neurol,q,trimetaphan,cold,al,equal,d,fit,k,non,eserine,sigma,may,i,min,h,see,gallamine triethiodide,organon,sci,a,nicotine,albumin,its,serum albumin,tubocurarine,roche,dee,ki,l,u,p,colchicine,better
8242249,new,and,phosphoramidon,s,valsartan,blow,histamine,guanine,halothane,g,y,f,cocktail,w,release,saline,ice,diazepam,glucose,adrenal,m,ml1,muscle,q,piroxicam,aldosterone,ecm,ben,pentothal,bestatin,heparin,dmso,cold,potassium chloride,al,l-glutamine,lh,d,propranolol,dilate,glutamine,k,non,cgp 48933,tris,tyrosine,may,i,captopril,min,enalapril,e.f,h,duration,potassium,ine,see,fat,line,sci,vasoconstrictor,guanylate,furosemide,atropine,ether,a,body,map,albumin,its,serum albumin,tubocurarine,valine,metabolite,lee,clin,roche,val,jam,penicillin,ki,med,light,l,u,p,solution
8242725,and,caffeine,s,g,dc,gen,ps,f,w,act,m,ann,neurol,muscle,sinus,bromocriptine,cis(z)flupenthixol,d2,al,d,k,hand,antimigraine,sumatriptan,clozapine,may,i,min,ergotamine,line,sci,calcitonin,a,its,flupenthixol,his,clin,med,l,phentolamine,ergotamine tartrate,glutamate,p,eric,adenylate
8249551,new,asa,patch,and,mequitazine,adenyl,s,hyoscyamine,ng,rise,scopolamine,halothane,g,y,protection,motion sickness,glycopyrronium,buccal,fast,f,w,oxyphenonium,m,ann,muscle,gas,al,choice,equal,d,k,non,hand,terfenadine,lorazepam,may,i,min,pirenzepine,advanced,h,duration,potassium,at 10,see,fentanyl,sci,morphine,gastro,atropine,ether,a,body,pg,its,anesthetic,metabolite,now,clin,glycopyrronium bromide,m3,way,med,l,u,1-hyoscyamine,p,synthetic,l-hyoscyamine,glycopyrrolate,atropine sulphate,speed,moment,better
8263811,and,s,cirazoline,norepinephrine,may,guanabenz,a,clonidine,moxonidine,p
8282004,new,asa,glycerol,diluted,and,s,sodium molybdate,dex,g,y,cortisol,f,retinoic acid,w,act,ru 38486,saline,ice,adrenal,m,aldosterone,progesterone,glycine,cold,al,gly,lh,max,d,good,k,non,promega,sigma,glu,tris,oro,cd,pro,mercaptoethanol,dexamethasone,may,rpm,i,ethanol,min,ser,h,see,ru 486,line,carrier,sci,spironolactone,prevent,a,albumin,its,serum albumin,clin,fluorescein,corticosterone,eagle,target,ki,light,l,u,optimal,p,synthetic
8289199,new,asa,diluted,snow,and,epinephrine,get,2dd,s,ng,camp,kato,rise,benzoate,g,citric acid,diethyl ether,y,protection,son,alcohol,dt,adp,fast,f,w,release,dioxane,adenosine diphosphate,ice,glucose,m,ann,muscle,q,isopropyl alcohol,ridogrel,heparin,glycine,dmso,net,ethyl glycol,al,lh,d,arachidonic acid,citrate,dextrose,cdd,spectrum,sodium carbonate,k,non,sigma,prp,tris,arachidonicacid,ris,cd,rpm,i,vessel,ethanol,min,amide,h,potassium,at 10,ref,thrombin,see,nicotinic acid,sci,hht,benzoicacid,acs,ether,a,band,pg,its,alteplase,aspirin,metabolite,his,dmf,lee,clin,acetone,cgs,thf,r-68070,way,med,mix,l,u,optimal,p,solution,skf,speed
8294418,asa,actinomycin,and,s,kato,rise,myoinositol,g,y,ala,norepinephrine,f,w,release,act,ice,glucose,m,m199,muscle,q,salt,lithium,al,d,propranolol,arachidonic acid,prazosin,k,non,sphingosine,sigma,aib,cyclic amp,staurosporine,may,pma,i,min,h,ref,see,caf,laser,sci,phorbol ester,a,a 71,albumin,its,serum albumin,actinomycin d,lee,clin,myristate,condition,phorbol 12-myristate 13-acetate,l,u,l12,ipz,p,inositol,kcl,balanced salt
8298083,and,tetrodotoxin,muscle,k,atp,a,ttx,diazoxide
8301142,and,retinol,all-trans-retinoic acid,etretinate,retinoid,etretin,retinoic acid,m,retinoids,may,h,cis-retinoic acid,trans-retinoic acid,a,13-cis-retinoic acid,vitamin a
8301582,and,guanine,g,release,bromocriptine,d2,domperidone,arachidonic acid,apomorphine,k,pimozide,may,line,d3,a,flupenthixol,haloperidol,chlorpromazine,cis flupenthixol,synthetic,adenylate
8302852,and,epinephrine,atg,s,ng,choline,histamine,g,ddc,acea,y,mazindol,tg,norepinephrine,f,w,saline,m,ann,nomifensine,neurol,proline,q,cocaine,viv,glycine,net,al,aminobutyric acid,d,pa,citrate,fit,k,cla,thr,promega,blast,gaba,lia,may,ein,i,fluoxetine,amphetamine,min,h,duration,potassium,ref,sci,rrs,a,band,body,its,metabolite,tryptophan,sds,clin,sem,lin,cox,creatine,cc,l,u,glutamate,p
8313547,and,ridogrel,a,aspirin
8319832,new,chorionic gonadotropin,and,ile,s,ng,camp,g,tsh,y,protection,asp,ala,dimer,f,w,saline,m,tris buffer,estradiol,al,gly,lh,equal,leo,d,lys,gtp,k,thr,non,thyrotropin,lie,luteinizing hormone,gradient,sigma,river,glu,tris,pro,tyrosine,asn,phe,may,i,carol,min,amide,ser,h,see,arg,line,carrier,sci,prevent,a,leu,albumin,pg,its,fsh,serum albumin,his,clin,roche,val,target,cys,l,cysteine,p,human fsh,synthetic,adenylate
8319997,new,diluted,and,ng,rise,g,y,alcohol,fast,f,w,release,human serum albumin,a-64662,ice,m,q,cold,al,d,pa,fhm,k,dimethyl sulfoxide,remikiren,tris,ro 42-5892,cough,may,fil,i,vessel,captopril,min,enalapril,react,h,duration,see,line,enalkiren,2-10,furosemide,cp,a,map,albumin,pg,serum albumin,abbott-64662,barbitone,sep,his,clin,roche,cilazapril,sem,val,med,l,u,easy,p,solution,perform,eric,a 64662,better
8366144,and,crystalline,s,enhance,bss,g,alcohol,pth,w,saline,m,ann,q,balanced salt solution,salt,d2,al,gallium nitrate,d,pa,collagenase,k,gradient,sigma,vitamin d,river,cd,may,i,ethanol,min,advanced,h,arg,line,laser,sci,d3,q 2,a,body,albumin,pg,poc,its,serum albumin,crc,clin,target,med,light,cc,l,p,solution,balanced salt,crystal
8375617,retinol,tigason,etretin,ethyl ether,4-hpr,y,al,moon,light,all-trans retinol,new,thyroxine,m,vitamin a,ethanol,now,l,pro,serum albumin,w,river,ether,retinoic acid,a,ro 10-1670,ref,d,etretinate,all-trans retinoic acid,sm,s,fenretinide,k,hand,p,body,tris,leu,its,acitretin,crystal,trans retinoic acid,ng,see,ro 13-7410,ro 10-9359,good,sci,carrier,n-(4-hydroxyphenyl)retinamide,pa,retinoids,synthetic,tryptophan,prevent,albumin,isotretinoin,f,i,13-cis retinoic acid,roche,h,line,tretinoin,and,target,gun,may,g,crc,solution,u,retinoid,retinyl acetate,ro 1-5488
8376914,ketanserin,ridogrel,a,d,gradient,regimen,duration,prostaglandin e2,i,and,may,u
8380156,s161,gh,cio,y,al,light,gran,new,vitamin d3,m,pres,ethanol,now,l,pro,gentamycin,rise,choice,w,c25,river,phy,ether,fungizone,meth,repro,a,lh,spectrum,clin,d,growth hormone,thf,s,non,25-(oh)2d3,k,etoh,hand,p,metabolite,isopropanol,tris,dihydrotachysterol,its,dht2,better,l-glutamine,guo,tam,dihydroxyvitamin d3,thymidine,dht,legend,ng,see,chloroquine,propylene glycol,leo,diluted,glutamine,merit,bso,ice,anol,good,sci,carrier,eagle,cold,lipidex,ca2,min,synthetic,penicillin g,d1,calcitriol,f,i,h,d3,line,pg,vitamin d,tamin,and,crystalline,target,gas,may,g,his,lithium,penicillin,u
8380639,forskolin,q,y,al,propranolol,new,m,now,l,ketanserin,antimigraine,dimethyltryptamine,adenylate,w,2-me,a,lh,pindolol,d,rad,coronal,guanylyl imidodiphosphate,s,k,"n,n-dimethyltryptamine",p,eric,sumatriptan,its,ain,camp,denatured,glycerol,inositol,lee,piperazine,frontal,diluted,taq,yohimbine,sci,cold,ki,methysergide,min,serine,sds,release,f,i,h,sem,line,cd,tol,and,ergotamine,tpa,may,g,hta,med,u
8380858,clonidine,a,p,its,moxonidine,and,may
8381250,tnf,barone,vitamin k,celeste,chloramphenicol,drb,zinc sulfate,magnesium sulfate,enhance,y,al,bacterial,glutamic acid,lanes,new,vitamin d3,m,vitamin a,magnesium,l,glu,laser,box,saline,w,ann,fast,a,clin,d,cal,rad,"1,25-dihydroxyvitamin d",stim,s,sep,k,iron,citrate,p,equal,pth,its,camp,cyclic amp,better,l-glutamine,denatured,crystal,dihydroxyvitamin d3,thymidine,ng,ap,gallium nitrate,admon,glutamine,streptomycin,sci,parathyroid hormone,warfarin,cold,pa,sodium chloride,salt,vit,sds,advanced,release,f,sodium dodecyl sulfate,i,roche,h,d3,line,pg,dodecyl sulfate,tumor necrosis factor,vitamin d,net,and,bisphosphonate,sigma,may,condition,g,solution,penicillin,med,u,"1,25-dihydroxyvitamin d3"
8382768,sodium dodecyl sulphate,p,its,trifluoperazine,camp,cyclic amp,dibucaine,lidocaine,and,at 10,calmodulin
8384716,dc,skf,q,y,al,bacterial,lanes,new,m,ascorbate,band,l,pro,adenylate,w,cys,a,ref,d,rad,val,s,overall,murine,k,lsd,p,equal,sumatriptan,tris,leu,ile,its,norepinephrine,adenine,camp,cyclic amp,d-lysergic acid diethylamide,asparagine,denatured,(s)-n,lee,ala,see,met,yohimbine,ice,mgso4,arg,recovery,sci,tyr,glucose,cold,ki,atp,methysergide,ser,isoproterenol,min,guanine,asp,lysergic acid diethylamide,gly,f,phe,i,h,sem,line,isobutylmethylxanthine,tol,and,ergotamine,trp,may,g,rpm,his,calmodulin,nos,ibmx,u
8384965,r1881,q,sone,androgen,y,al,norgestrel,new,m,progestin,estradiol,dexamethasone,now,l,pro,desogestrel,oht,w,triamcinolone acetonide,levonor,levonorgestrel,pl3,aldosterone,a,spectrum,clin,d,cal,s,k,hand,p,metabolite,progestins,its,3-ketodesogestrel,dihydrotestosterone,norgestimate,glycerol,dht,proge,see,tor,act,star,ron,cold,stimate,min,synthetic,methyltrienolone,cortisol,ethinylestradiol,f,i,h,progesterone,triamcinolone,hydrocortisone,and,target,gas,may,g,phillips
8386327,kato,q,enhance,y,al,bacterial,morphine,diphenoxylate,new,candy,clonidine,m,now,l,ketanserin,choice,saline,w,pge2,ann,protection,prazosin,a,spectrum,clin,d,s,non,overall,k,p,metabolite,its,phentolamine,vip,cyclic amp,maleate,verapamil,lee,tg,see,analgesic,diluted,dextrose,act,dca,yohimbine,sci,duration,glucose,pa,naloxone,methysergide,min,synthetic,prostaglandin e2,transit,reconcile,release,f,luminal,i,roche,h,sem,line,pg,muscle,net,prostaglandin e,and,lumen,cc,gas,sigma,may,ethnor,condition,g,ondansetron,calmodulin,gen,solution,med,u
8388192,forskolin,aminobutyric acid,pramine,gh,l98,kato,q,pal,androgen,enhance,y,al,adrenal,morphine,light,tyrosine,ben,new,bia,arachidonic acid,m,triphosphate,pres,tetrodotoxin,ascorbate,antitussive,ethanol,now,l,pro,luteinizing hormone,adenyl,glu,laser,ade,diazepam,fat,adenylate,gtp-gamma-s,w,gaba,ann,fast,tamate,a,ref,l-baclofen,histamine,adp,clin,d,cal,guanosine triphosphate,s,ine,non,overall,glycine,k,hand,p,cap,quisqualic acid,its,norepinephrine,camp,cyclic amp,guanosine,potassium,picrotoxin,inositol,gtp,l-noradrenaline,ap,see,frontal,tor,analgesic,act,yohimbine,sym,progabide,good,sci,vessel,duration,dif,pargyline,pa,capsaicin,carbamazepine,ca2,atp,ser,min,guanine,prc,aspartate,prevent,thc,patch,maj,sah,son,release,f,cgmp,i,harris,nifedipine,h,glutamate,sem,neurol,muscle,gamma-aminobutyric acid,tolbutamide,zimelidine,optimal,and,imm,target,d2,may,g,lin,corticotrophin,gen,solution,lithium,baclofen,med,u,depen,thlp,5ms
8391582,y,c195,al,light,new,m,c203,ascorbate,band,l,chlormerodrin,oxalate,glutathione,saline,w,uridine,react,ann,fast,rbc,maintain,a,spectrum,d,mercaptoethanol,s,non,k,iron,citrate,hand,p,equal,nem,tris,its,leucine,noise,choline,potassium,hct,see,diluted,dextrose,mgso4,sci,carrier,glucose,ki,red cells,ethylmaleimide,min,dt,cysteine,acetone,release,f,i,h,line,way,dv,and,at 10,cc,may,g,lin,ps,gen,solution,n-ethylmaleimide,isotonic,fit,l05,med,u,deferoxamine,urea
8392199,dc,lorazepam,aminobutyric acid,q,enhance,y,al,new,clonidine,m,nida,l,ketanserin,ies,w,gaba,fluoxetine,maintain,a,d,alcohol,s,k,p,its,norepinephrine,better,see,mianserin,yohimbine,sci,lib,ser,min,tryptophan,serc,prevent,alprenolol,cgs,release,f,i,h,sem,line,cd,and,sigma,may,g,crc,med,u,cocaine
8394693,retinol,kato,q,y,al,lanes,new,m,vitamin a,band,dexamethasone,ethanol,l,w,retinoic acid,a,d,insulin,all-trans retinoic acid,sm,s,non,actd,k,oro,citrate,hand,p,equal,body,eisen,its,leucine,atg,actinomycin d,trans retinoic acid,legend,see,ficoll,diluted,streptomycin,sci,eagle,cold,atp,retinoids,min,serine,sds,f,i,h,ctp,line,vitamin d,and,at 10,cc,target,sigma,may,dex,actinomycin,g,3-isobutyl-1-methylxanthine,ibmx,u,retinoid
8399219,mg2+,q,y,al,dimer,lanes,new,m,band,ethanol,l,phosphagen,glu,kcl,serum albumin,box,acs,adenylate,glutathione,horse,w,cys,ether,2-me,protection,a,thr,adp,d,rad,mercaptoethanol,s,non,overall,k,hand,p,2-mercaptoethanol,tris,creatine,adenine,denatured,crystal,ala,see,diluted,oxidized glutathione,star,sci,bpn,arginine,3-phosphoglycerate,atp,ser,min,salt,prevent,serine,lys,albumin,sds,f,sodium dodecyl sulfate,i,h,line,pg,dodecyl sulfate,muscle,cd,and,sigma,may,g,fpp,crc,solution,fit,u
8423526,cisapride,tetrodotoxin,ketanserin,prazosin,a,d,i,and,may
8423764,palmitoyl,h2o2,ethanol,alcohols,a,alcohol,adh,4-methylpyrazole,coa,and,palmitate,may
8425287,adenylate,a,camp,i,and,may
8430939,echothiophate,demecarium,iop,and,ps
8441637,dc,barone,azacytidine,cytosine,5-fluorocytosine,y,al,lanes,new,m,"azacytidine, 5-",cytidine,ethanol,l,serum albumin,w,cys,ann,meth,5-azacytidine,deoxycytidine,a,d,2'-deoxycytidine,mercaptoethanol,s,non,glycine,k,p,2-mercaptoethanol,tris,c5,thymidylate,its,gradient,adenine,denatured,potassium,glycerol,tg,ng,see,diluted,glutamine,ice,valine,sci,methionine,atp,ser,min,salt,tryptophan,prevent,serine,albumin,cysteine,sds,sah,f,i,h,sam,way,fluorocytosine,and,at 10,target,trp,sigma,may,g,his,solution
8446367,a,non,its,better,dpe,and,dipivefrin
8466638,beclomethasone,androgen,beclomethasone dipropionate,progestin,a,its,oestrogen,and,flunisolide
8469910,forskolin,isoleucine,gh,y,al,new,arachidonic acid,m,bc,l,luteinizing hormone,histidine,adenylate,horse,w,ann,fungizone,maintain,arachidonate,a,lh,phorbol ester,clin,d,growth hormone,inositols,s,k,p,loi,its,amphotericin,vip,camp,inositol,see,nordihydroguaiaretic acid,streptomycin,quinacrine,sci,thyrotropin,guanylate,pa,ca2,min,indometacin,indomethacin,release,f,i,roche,h,line,way,nina,bayer,and,tpa,sigma,may,g,penicillin,u
8473318,vitamin k,c02,y,al,nah,new,m,carbox,hydroquinone,band,ethanol,l,glu,serum albumin,3-(a-acetonylbenzyl)-4-hydroxycoumarin,w,phosphatidylcholine,ether,vitamin k1,protection,a,d,mops,alcohol,rad,s,non,k,p,nem,body,isopropanol,tris,its,gradient,coz,glycerol,lee,2-10,ng,diluted,dextrose,ice,recovery,sci,glucose,warfarin,cold,ki,ethylmaleimide,phylloquinone,ca2,min,synthetic,salt,prevent,albumin,ard,f,sodium dodecyl sulfate,i,h,glutamate,dodecyl sulfate,freeze,and,at 10,sigma,may,g,gen,crc,solution,n-ethylmaleimide,u,p-hydroxymercuribenzoate
8486204,megestrol,a,clin,hand,h,target,progesterone,its,and,medroxyprogesterone,norethindrone,synthetic,progestins,mpa,dydrogesterone,y,al,estradiol,body,metabolite
8487621,nicotinamide adenine dinucleotide phosphate,may,triphosphate,ice,adenosine 5'-triphosphate,fatty acids,p,cd,a,solution,sucrose,cp,coenzyme a,adenine,clin,linolenic acid,reduced nicotinamide adenine dinucleotide,hand,saline,m,h,l,linolenicacid,ann,ethanol,cold,maintain,methionine,its,i,and,q,nicotinamide,good,at 7,palmitic acid,starch,equal,y,al,med,soybean oil,diluted,u,g,des,ain,d,20:3n-6,f,w,k,a-linolenic acid,body,arachidonic acid,min,s,gas,sigma,heparin
8487790,a,and,cimetidine,tolazoline
8494375,may,a,butenafine,release,its,and,benzylamine,cidal,new
8494570,acetazolamide,68291-97-4,i,and,zonisamide
8499653,map,p,phosphoenolpyruvate,a,ddc,gaba,band,murine,a0840,fructose,i992,aminobutyric acid,alcohol,see,growth hormone,hand,m,h,l,non,ann,glutamic acid,gen,its,i,and,q,coa,pyridoxal,insulin,albumin,glutamate,good,sci,plp,hum,y,al,med,u,g,histidine,d,f,w,k,new,androgen,ins,s,l-dopa,adh
8513851,ng,may,p,a,temocapril,recovery,rise,clin,dm,hand,m,h,l,ann,captopril,maintain,its,i,and,ap,enalapril,moment,y,fast,sem,u,g,d,f,k,new,body,his,dicarboxylic acid,min,metabolite,s
8516349,norepinephrine,may,decamethonium,p,a,solution,c02,duration,rise,see,hand,mecamylamine,m,l,non,release,pentolinium,its,i,adrenal,nicotine,and,taxol,ap,d-tubocurarine,mecamylamine hydrochloride,albumin,ref,histamine,muscle,tubocurarine,vinblastine,sci,colchicine,y,al,u,g,net,d,griseofulvin,f,salt,new,potassium,serum albumin,act,min,s,sigma
8521855,hairy,2-chloro-2'-deoxyadenosine,may,8-methoxy,p,cd,a,cldado,enhance,adenine,clin,see,spectrum,thymidine,m,h,l,deoxycytidine,cladribine,inosine,its,i,and,q,better,leustatin,good,sci,ino,y,bacterial,med,antiviral,u,g,pnp,d,f,w,k,salt,new,now,s,sigma
8525459,ng,gradual,cysteine,ice,p,a,tetrabenazine,solution,utp,sucrose,river,tbz,reserpine,duration,guanine,ronal,legend,recovery,line,dehydrated,d1,luminal,frontal,promega,see,gradient,choline,glycine,hand,saline,alcohols,d2,m,h,l,non,release,nah,ann,light,ethanol,sodium chloride,cold,its,i,adrenal,and,mea,rpm,ketanserin,methylphenidate,ca2,citrate,amide,tor,rinse,pg,better,tyrosine,histamine,sci,ethanol solution,y,trol,al,neurol,atp,sem,u,mazindol,g,tris,d,f,coronal,w,k,carrier,new,act,min,metabolite,prevent,s,sigma
8529171,salicylate,may,indomethacin,1-carnitine,piroxicam,pas,ice,ps,p,a,indomethacine,sulindac,duration,benzoate,fructose,rise,nifedipine,see,nos,inositol,m,h,l,non,sugar,its,que,carnitine,i,and,flurbiprofen,trails,q,ap,ca2,heather,citrate,heritage,sorbitol,sci,streptozotocin,glucose,equal,sorbinil,fast,al,med,neurol,guanethidine,cox,g,des,d,f,w,k,carrier,new,myo-inositol,stz,glu,pa,methylcellulose,prevent,s,gas
8529521,may,ucm,p,tolbutamide,lee,a,patch,plk,band,legend,line,gibenclamide,m,h,l,non,release,light,its,i,and,q,glimepiride,polyethylene glycol,insulin,albumin,tor,glibenclamide,muscle,glucagon,sci,glucose,y,al,glut,sds,atp,u,g,rpr,d,cal,f,w,k,carrier,new,potassium,glyburide,diazoxide,min,s
8538681,dump,ng,salicylate,may,mtx,fol,sodium salicylate,p,a,k12,dimer,folate,band,atg,pyrimethamine,dtmp,rad,recovery,line,loi,lys,o-o,gradient,pth,m,tetrahydrofolate,h,l,non,target,ethanol,gen,ki,cold,its,optimal,kcl,i,e.f,deoxyuridylate,and,ap,trc,ref,synthetic,pg,methotrexate,trimethoprim,urea,phillips,cla,sci,denatured,val,antimicrobial,y,crystal,bacterial,al,sds,a 300,diluted,u,overall,ampicillin,taq,g,tris,asp,thymidylate,d,f,w,k,salt,new,thf,glu,met,min,s,gas
8546983,scot,isotipendilo,nilergex,may,indomethacin,piroxicam,a,solution,patch,isothipendyl,protection,spectrum,hand,allergy,m,h,l,release,ann,phenothiazine,its,i,and,chlorpromazine,antihistamine,y,al,med,methimazole,diluted,overall,g,d,f,w,apaisyl,promethazine,act,min,s
8564227,may,ice,p,a,solution,sucrose,neomycin,phenethylamine,guanine,line,mlr,pfizer,phentolamine,hand,inositol,saline,caf,m,h,l,release,bss,gen,ki,glutamine,cold,its,kcl,prazosin,i,penicillin,and,ca2,crd,good,cla,muscle,sci,glucose,ccl,gpp,y,cxl,al,streptomycin,g418,l-glutamine,u,ala,g,tris,ain,d,f,aib,w,neo,k,cxa,salt,new,ether,lib,lia,tris buffer,act,gim,min,cirazoline,ham's f-12 medium,methoxamine,yohimbine,s,sigma,alr
8566109,may,indomethacin,ice,p,lodine,prostaglandin e,a,moi,analgesic,murine,dexamethasone,m,h,l,non,e 2,ann,target,diclofenac,its,i,and,q,albumin,aspirin,synthetic,pg,sas,sci,oxaprozin,diethyldithiocarbamic acid,gentamycin,y,al,med,naproxen,u,hia,cox,g,tris,izg,nabumetone,d,f,w,k,salt,new,pa,arachidonic acid,tris buffer,serum albumin,etodolac,min,metabolite,dmso,s,sigma
8566141,may,map,cc,p,a,cocaine,dehydrated,1-aminoadamantane,saline,d2,morphine,m,pcp,h,l,non,release,light,target,pro,i,nicotine,and,clozapine,aspartate,glutamate,amantadine,sci,regimen,y,al,amphetamine,diluted,u,methamphetamine,g,tris,d,f,k,new,haloperidol,aminoadamantane,min,s
8573583,may,mycophenolic acid,p,a,cyclosporin,brequinar,acs,tacrolimus,see,dimethyl sulfoxide,m,h,l,ki,brequinar sodium,orotic acid,its,and,leflunomide,active metabolite of leflunomide,better,tyrosine,muscle,box,cyclosporin a,y,al,med,diluted,u,uridine,g,tris,d,f,w,k,fit,tris buffer,min,metabolite,dmso,advanced,s,sigma
8574280,a,non,nadolol
8576907,fatty acids,p,a,retinoic acid,dmf,murine,duration,pfizer,clofibrate,clin,at 10,see,m,h,l,non,release,nah,ann,target,its,glutathione,"2,4-dione",i,and,insulin,ref,muscle,sci,glucose,y,bacterial,med,u,g,troglitazone,d,f,w,k,new,pioglitazone,body,etoh,act,prevent,s,sigma
8577935,may,ice,p,lee,a,nio,guo,ile,tyr,alcohol,clin,valsartan,hand,saline,m,way,h,l,non,cocktail,cold,its,i,adrenal,and,pgf2a,camp,dif,albumin,better,muscle,sci,valine,oestrogen,equal,y,vals,al,med,at1,u,g,d,f,w,phosphoramidon,k,salt,new,harris,phe,serum albumin,bestatin,min,metabolite,s
8578198,egf,and,g,new,now
8578218,may,indomethacin,p,lee,a,vessel,dilate,luminal,epidermal growth factor,protection,clin,egf,calcitonin,m,h,l,non,ann,kato,sucralfate,ethanol,its,i,and,renewal,ref,better,good,lumen,y,omeprazole,al,med,sm,overall,g,tg,d,f,w,k,new,surg,cysteamine,nitric oxide,epidermal growth factor (egf),s
8581044,and,tetrodotoxin,novocaine
8583364,sigma,m,ser,analgesic,d,p04,k,solution,diphenoxylate,metabolite,naloxone,u,new,isotonic,release,and,see,thr,crc,ethnor,edinburgh,glucose,may,atropine sulphate,ethanol,pa,leu,its,p,w,way,s,h,morphine,muscle,sci,al,g,i,l,a,ala,act,min,f,atropine
8590979,sigma,m,ca2,mgso4,d,maleate,k,solution,lh,ae2,line,phentolamine,u,corticosterone,release,ascorbic acid,prazosin,and,q,see,kcl,skf,platinum,prazosin hcl,pfizer,glucose,may,ethanol,clonidine,pa,r64,its,norepinephrine,p,w,yohimbine,s,h,sci,al,tetrodotoxin,y,g,a 300,i,cocaine,fit,l,a,equal,cio,min,hand,f
8593484,apomorphine,phenylephrine,d2,haloperidol,and,may,chlorpromazine,i
8600944,pyruvate,roche,sigma,non,m,ice,gradient,d,pol,tg,sem,pma,penicillin,prednisone,interferon gamma,nitric oxide,k,at 10,lin,prednisolone,dust,interleukin-2,line,streptomycin,u,allergy,mercaptoethanol,interleukin-4,bos,release,fluorescein,dexamethasone,dex,and,beclomethasone dipropionate,q,anti-cd3,p75,enhance,phorbol myristate acetate,thg,albumin,murine,il-4,thl,care,may,p55,allergen,diluted,nev,ng,its,p,w,way,cyclosporin,s,myristate,h,gamma-interferon,okt3,organon,sci,al,thymidine,y,g,clin,i,interleukin 2,lumen,crystal,serum albumin,l,a,cyclosporin a,pg,min,hand,med,hydrocortisone,beclomethasone,f,ficoll
8606397,sigma,diethylcarbamazine,blast,and,i,a,myeloperoxidase
8608784,sigma,non,m,procyclidine,duration,ice,sucrose,m3,d,maleate,difenidol,penicillin,fenistil,k,solution,eglen,cox,gpi,line,nil,histamine,streptomycin,u,new,isotonic,zig,trasylol,release,and,oxyphencyclimine,see,dimethindene,good,tris,diazepin,speed,albumin,platinum,pirenzepine,glucose,cold,may,c431,atropine sulphate,c428,des,diluted,pa,body,its,condition,p,w,way,bacitracin,yohimbine,s,h,perform,pyrido,muscle,sci,al,frontal,ral,y,g,i,harris,serum albumin,l,a,equal,phe,min,hand,med,f,atropine,antihistamine
8612523,pyruvate,roche,sigma,l-glutamine,cd,glutamine,hgi,ins,m,c562,ca2,patch,ice,icaz,rise,human serum albumin,sds,d,deoxycholate,ref,penicillin,gh,k,at 10,solution,maintain,lh,line,glucagon,inositol,streptomycin,u,map,new,mercaptoethanol,lavendustin a,release,aprotinin,camp,saline,and,q,see,thr,tris,erythropoietin,proline,cyclic amp,verapamil,enhance,albumin,murine,forskolin,cc,tyrosine,poly-l-ornithine,guanine,ornithine,atp,glucose,cold,may,l-ornithine,ethanol,nah,pa,leu,its,condition,2-mercaptoethanol,p,w,way,roc,s,h,perform,diazoxide,muscle,sci,al,g15,thymidine,y,g,insulin,i,crystal,serum albumin,dm,l,a,phe,salt,pg,hch,act,min,hand,f
8615854,pyruvate,sigma,non,cd,glutamine,aspartate,m,ca2,monohydrate,patch,legend,cytosine,duration,ks1,quisqualate,"6,7-dinitroquinoxaline-2,3-dione",d,sem,aspartic acid,light,glycine,k,isa,solution,l-glutamate,lh,line,cyclothiazide,glutamic acid,glutamate,u,neurotoxic,new,better,gaba,d8,release,eagle,saline,and,clm,see,kcl,good,gentamicin,enhance,r340,propionic acid,lysine,sm,glucose,l-lysine,now,may,ethanol,ng,body,norepinephrine,p,w,way,s,h,dnqx,muscle,sci,al,y,g,fast,clin,i,ann,l,a,nadh,pg,act,min,hand,med,f,benzothiazide
8622076,overall,non,regimen,norton,m,fad,l-phenylalanine,duration,fluorouracil,fluoxymesterone,vincristine,d,nla,thiotepa,prednisone,at 10,cox,line,advanced,androgen,new,adm,methotrexate,cyclophosphamide,and,chlorambucil,l-pam,see,5-fluorouracil,tamoxifen,adriamycin,pil,urea,capital,recovery,phenylalanine,doxorubicin,may,p,w,dc,s,adrenal,h,muscle,al,g,clin,i,ann,harris,l,a,halotestin,med,f,vinblastine
8635240,adenylate,patch,bisindolylmaleimide,isoproterenol,histamine,prazosin,and,methoxamine,forskolin,may,its,norepinephrine,l,a,3-isobutyl-1-methylxanthine
8636062,line,mirtazapine,new,and,org 3770,may,a
8636122,lanes,overall,sugar,m,ser,sds,d,pyrazole,ref,dialux,synthetic,val,k,solution,d9,gtp,line,serine,u,new,cb1,his,fluorescein,trp,dex,saline,and,q,see,att,lys,thr,tris,glycerol,capital,albumin,murine,arg,may,ethanol,its,cys,p,w,s,h,sci,y,g,i,tyr,serum albumin,l,a,equal,ben,ala,phe,min,hand,myc,cp,tetrahydrocannabinol,rpm,cysteine,f
8636434,ca2,d,k,clotrimazole,and,its,a
8637716,and,murine,tyrosine,il-11,a,cysteine
8643547,overall,non,2h3,m,tetrabenazine,ice,fenfluramine,gradient,ecstasy,sds,d,sim,sem,k,amphetamine,line,tbz,histamine,reserpine,ki,u,neurotoxic,new,release,and,q,alcohol,dt,peroxide,lee,atp,ketanserin,now,cold,may,its,norepinephrine,p,w,s,adrenal,methylenedioxymethamphetamine,h,epinephrine,sci,al,frontal,y,g,i,mdma,lumen,phenylethylamine,l,a,min,cysteine,f
8647296,sigma,non,m,pt3,d,light,levocabastin,k,inositol,histamine,u,new,neurol,saline,and,q,levocabastine,see,tris,albumin,dt,now,cold,ttl,its,p,w,s,h,muscle,sci,al,y,g,clin,i,l,a,act,f
8652509,sigma,overall,non,leucine,dimer,salicylate,m,ser,acetylglucosamine,crystalline,ice,gradient,d,val,light,k,solution,iodine,d6,cox,arachidonic acid,egf,glu,selene,iodoindomethacin,ibuprofen,ki,prevent,map,new,acs,better,valine,salicylic,and,q,salicylic acid,see,n-acetylglucosamine,suprofen,good,tris,dmso,benzoic acid,aspirin,lie,propionic acid,lee,sulindac,phenylalanine,arg,h-8,may,ethanol,d50,h-3,rms,levulinic acid,pa,ether,leu,body,its,p,w,dc,s,h,indomethacin,sci,al,diethyl ether,y,g,arginine,target,fast,i,ann,crystal,tyr,naproxen,fit,l,a,equal,amide,ala,salt,flurbiprofen,act,min,2-ethoxyethanol,hand,med,f
8662608,denatured,sigma,mt1,get,urs,m,luminal,rise,utp,sds,d,ref,k,solution,line,u,put,creatine,map,new,ap,promega,gcg,box,and,guanidinoacetate,see,tris,urea,atg,capital,murine,sm,atp,methionine,now,cold,may,diluted,ng,adp,body,its,protection,p,w,way,tryptophane,s,h,muscle,sci,al,y,g,arginine,leader,i,lumen,l,a,gen,gsp,phosphagen,act,min,hand,f
8665533,d,d2,remoxipride,and,levodopa,may,s,a
8673626,fatty acids,alpha-linolenic acid,and,linolenic acid,al,a
8676079,ctp,sigma,non,red cells,lux,band,macrophage colony stimulating factor,ins,m,polyethylene glycol,ice,osm,dgtp,rise,son,vitamin d,d,glycine,dodecyl sulfate,k,acetone,solution,maintain,taq,e.f,line,salmon calcitonin,tnf,bacterial,u,map,new,promega,bos,release,camp,collagenase,dexamethasone,dex,parathyroid hormone,prostaglandin e2,saline,and,q,pth,lady,hpth,ethanol-,murine,il-4,tyrosine,sodium dodecyl sulfate,il-11,may,dihydroxyvitamin d3,ethanol,diluted,tumor necrosis factor,ng,hypoxanthine,its,p,w,way,dc,s,h,indomethacin,calcitonin,aminopterin,datp,sci,al,thymidine,y,g,estradiol,target,fast,retinoic acid,clin,i,oncostatin m,d3,pge2,l,a,equal,salt,pg,act,min,med,f
8693922,roche,bz1,non,cd,regimen,asa,m,duration,rise,riv,cgs,iac,cgmp,d,tg,sem,val,versed,gh,glycine,k,lin,solution,c02,maintain,dormicum,line,naloxone,pro,thc,u,new,as 3,flumazenil,gaba,modus,diazepam,zopiclone,lsd,and,q,alprazolam,propofol,phy,see,phenobarbitone,thr,good,gas,recovery,speed,alcohol,albumin,bzd,anexate,jan,edinburgh,flunitrazepam,care,sodium chloride,may,midazolam,clonazepam,oxazepam,ethanol,des,diluted,ng,body,its,phenytoin,p,w,mith,dc,s,h,muscle,sci,romazicon,al,etomidate,samson,y,g,goa,clin,i,ann,pal,flumazenil injection,l,a,gen,equal,lorazepam,pg,dextrose,act,min,med,f