10722,phentolamine,may,a,y,s,aramine,sinus,isuprel,g,wyamine,vasoxyl,muscle,epinephrine,sympathin i,way,l,act,metaraminol,and,mephentermine,u,isoprenaline,neo,levophed,adenyl,better,med,p,new,i,adrenal,levarterenol,norepinephrine,rise,f,methoxamine,its,phenylephrine,isoproterenol,h,w,m,yohimbine,d,k,propranolol,dextrose,care,anesthetic
11134,alpha-methyltyrosine,and,methyltyrosine,deserpidine,reserpine
16716,hoe 893d,practolol,may,a,y,s,ici,good,al,g,penbutolol,saline,see,epinephrine,l,and,samson,his,isoprenaline,edinburgh,line,pg,p,new,i,pindolol,rise,f,duration,ici 50172,isoproterenol,equal,clin,h,w,min,amd,m,d,k,propranolol
17374,cholesterol,overall,promazine,gen,methylphenidate,may,hand,glucose,lcf,pa,a,ethanol,s,ann,light,lee,al,rosine,g,sem,epinephrine,urea,way,l,ethanol-,chlorpromazine,alpha-methyltyrosine,and,ng,tryptophan,levodopa,l-tryptophan,haloperidol,his,probenecid,methamphetamine,methyltyrosine,condition,cromedazine,dc,sci,pp 1,line,better,uric acid,p,new,i,regimen,"tyrosine, l-",thorazine,body,p-tyrosine,norepinephrine,l-dopa,medicated,rise,chlor-pz,don,f,rdc,duration,alcohol,metabolite,its,neurol,non,alpha-methyl-para-tyrosine,clin,h,harris,w,sam,m,reserpine,tyrosine,oxalate,perform,urate,d,k,care,metyrosine,pimozide,jan,prompt,amphetamine
18565,a,hydroxocobalamin,and,coa,vitamin b12,cyanocobalamin,tetrahydropteroylglutamate
29133,a,isopropamide,atropine,and,target,scopolamine,non,d
29252,may,a,y,prochlorperazine,s,gaba,al,g,see,maintain,met,way,l,solution,act,chlorpromazine,and,u,haloperidol,glycine,sci,d-tubocurarine,tubocurarine,analgesic,ice,p,release,cold,sucrose,new,i,etorphine,body,dihydromorphine,tris,aminobutyric acid,morphine,f,its,fit,neurol,non,ki,h,w,min,m,naloxone,d,k,pcp,portal,leucine,methionine
30388,practolol,a,s,and,metoprolol,ecg,i,nitroglycerin,h
36882,hum,may,hand,a,y,s,ann,light,al,g,hydroxocobalamin,see,hold,eagle,l,vitamin b,and,atp,u,alpharedisol,coa,sci,vitamin b12,line,med,pg,p,new,i,nos,tris,tg,blz,q,f,its,neurol,clin,succinate,h,w,min,oh-cbl,m,d,k,coenzyme a,cob(i)alamin
37605,cont,practolol,dilate,may,hand,pa,a,pilocarpine,propanol,s,ici,ann,phillips,light,good,timolol,al,g,saline,muscle,see,maintain,ether,bufuralol,epinephrine,l,solution,nicotine,alprenolol,prevent,iop,and,ng,salt,metoprolol,eraldin,his,eye drops,propranololo,dc,react,sci,line,mgm,acetazolamide,lithium,better,med,sm,target,bupranolol,p,release,cold,new,fatty acids,i,pindolol,adrenal,timoptic,body,2-propanol,norepinephrine,rise,timolol maleate,net,f,duration,timololo,alcohol,its,atenolol,neurol,isoproterenol,non,clin,propylene glycol,cox,crystalline,h,harris,w,min,optimal,m,tenormin,d,k,propranolol,des,adrenalin,oxprenolol,care,anesthetic,inderal,maleate
91427,gradient,datp,synthetic,glycerol,arabinofuranosylcytosine,may,thioguanine,a,y,ethanol,propanol,s,ann,diluted,anhydrous,al,g,sigma,triphosphate,l,solution,dimethylformamide,and,atp,salt,u,dmf,citrate,albumin,dc,sci,line,legend,serum albumin,trast,now,adenine,ice,p,cold,new,i,erase,tris,2-propanol,murine,f,ara-atp,dgtp,its,dt,6-thioguanine,gmp,ki,h,asr,meth,acetone,w,min,optimal,compound 9,antiviral,m,gtp,d,k,ctp,anol,pres,fil,ara-c
105006,nadh,synthetic,overall,may,hand,magnesium,glucose,nah,a,leu,y,s,asp,coumadin,thrombin,al,glutamine,g,sigma,saline,glu,see,eagle,l,and,atp,mix,kcl,salt,u,phe,vitamin k,citrate,albumin,vitamin k1,pro,fast,sci,coz,aquamephyton,legend,serum albumin,acetazolamide,pg,phosphoenolpyruvate,p,recovery,release,cold,sucrose,new,i,regimen,carrier,biotin,val,tris,creatine,cam,rise,f,aspartic acid,pyro,its,equal,coumarins,non,carbox,ki,h,w,min,optimal,menadione,ref,warfarin,m,d,k,glutamic acid,"methyl-1,4-naphthoquinone"
123251,sds,a,light,urea,and,denatured,new,i,dodecyl sulfate,sodium dodecyl sulfate
123547,a,and,digoxin,digitoxin,recovery,ouabain,k,digitoxoside
131389,may,a,and,digitoxin,potassium,m,k
132355,may,a,y,s,al,g,muscle,l,and,atp,u,digitoxin,sm,rem,p,i,i-5,ouabain,tris,potassium,biuret,f,duration,its,h,w,min,m,d,k,des,oubain
136410,may,a,way,and,n-ethylmaleimide,ethylmaleimide,digitoxin,p-hydroxymercuribenzoate,p,new,carrier,ouabain,spironolactone,its,non,cardiac glycoside,k,ethacrynic acid
173192,synthetic,dex,may,cortisol,a,y,ethanol,s,triamcinolone,al,lcr,g,sigma,muscle,dihydrotestosterone,androgen,l,testosterone,prevent,halotestin,act,and,u,his,organon,albumin,pro,sci,serum albumin,med,5a-dihydrotestosterone,sm,durabolin,pg,target,p,cold,new,i,adrenal,mesterone,enhance,river,thioglycerol,tris,estradiol,sch 13521,q,methyltestosterone,f,metabolite,cyproterone,its,non,ki,h,w,min,dexamethasone,m,acth,corticotrophin,progesterone,diethylstilbestrol,fluoxymesterone,d,k,epicortisol
225216,cyclic gmp,a,and,dyphylline,aminophylline,cyclic amp,its,gmp
236311,band,nadh,gradient,bacterial,may,arg,thr,hand,pyridoxal,a,leu,y,ser,s,ann,light,asp,diluted,al,g,sigma,glutamate,glu,ala,see,met,l,act,and,l-phenylalanine,pyridoxal phosphate,tryptophan,u,l-tryptophan,phe,his,citrate,albumin,pro,glycine,sci,"aspartic acid, l-",legend,serum albumin,phenylalanine,lysine,l-aspartic acid,pg,now,ice,p,recovery,sucrose,new,i,dodecyl sulfate,carrier,"tyrosine, l-",tyr,l-tyrosine,valine,val,tris,sodium dodecyl sulfate,ile,potassium,net,f,aspartic acid,its,equal,succinate,h,aspartate,w,min,ref,l-aspartate,m,lin,tyrosine,lys,d,k,glutamic acid,l-methionine,methionine
239236,band,may,a,y,ethanol,pyruvate,propanol,ser,s,light,diluted,al,i-proh,g,sigma,vitamin h,see,ether,met,l,diamine,solution,fat,primaquine,ure,and,atp,salt,u,dmf,decamethonium,his,cyclic amp,lh,albumin,serum albumin,med,red oil,1n1,target,now,phosphoenolpyruvate,ice,p,cold,camp,i,enhance,biotin,val,tris,2-propanol,benzoic acid,morphine,q,f,alcohol,its,isoproterenol,etoh,ahd,ki,h,w,min,freeze,oxalic acid,m,oxalate,d,k,propranolol,monohydrate
240743,sds,overall,may,a,ethanol,propanol,g,and,p-nitrophenol,p,alcohol,4-methylpyrazole,h2o2
241701,hum,nadh,nadh2,cortisol,pyridoxal,a,y,at 7,pyruvate,s,ann,lee,good,thyroxine,diluted,al,g,sigma,glutamate,urea,l,solution,and,pyridoxal phosphate,u,citrate,mercaptoethanol,sci,med,denatured,p,sucrose,new,sep,i,citric acid,starch,glutamat,tris,e 2,rise,q,biuret,f,at 10,red cells,its,equal,clin,h,h 8,aspartate,harris,w,min,m,d,k,des,maleate
417864,muscle,flaxedil
436795,gradient,synthetic,may,a,y,s,ann,diluted,al,g,sigma,utp,sem,triphosphate,l,solution,and,roxane,atp,salt,u,pro,uridine-5'-triphosphate,sci,target,p,sucrose,heparin,uridine,tris,ribonucleoside,max,f,rifampicin,dydrogesterone,h,w,m,progesterone,gtp,norethindrone,d,k,ctp
448162,azelaic acid,may,a,and,azelaic
458448,synthetic,bloom,may,hand,glucose,a,y,s,gaba,al,glutamine,g,sigma,glutamate,saline,see,eagle,l,carboxypyrrolidine,and,u,citrate,lie,proline,cocain,glycine,sci,med,pg,p,new,i,carrier,son,tris,aminobutyric acid,potassium,max,net,f,its,non,carbox,h,w,min,aminooxyacetic acid,leo,b32,m,guvacine,d,l-proline,k,picrotoxin,bc,4sr,s-4
476986,carbimazole,may,a,y,ethanol,s,iodine,thyroxine,diluted,al,spectrum,g,sigma,see,met,l,solution,ptu,ethanol-,propylthiouracil,and,u,methimazole,gas,cbz,denatured,thiouracil,pg,ice,p,cold,i,tpo,hog,cyanamide,tg,f,duration,thyroglobulin,its,equal,crystalline,h,w,min,m,d,k,rpm
477738,phentolamine,may,pa,a,y,s,ann,pargyline,light,al,sinus,g,sigma,sem,saline,epinephrine,l,prevent,and,u,his,sci,4ox,clonidine,pg,p,release,new,i,norepinephrine,l-dopa,ascorbic acid,rise,regitine,f,its,h,norton,w,min,m,phenylethylamine,d,k,pres
497523,synthetic,promazine,phentolamine,may,vasoconstrictor,glucose,a,y,ethanol,s,ann,light,lee,good,vena,nialamide,al,phentolamine mesylate,g,sigma,sem,muscle,triflupromazine,see,met,l,solution,act,chlorpromazine,and,kcl,u,isoprenaline,cyproheptadine hydrochloride,gas,fast,sci,line,mgso4,p,recovery,new,i,cyproheptadine,nos,ine,histamine,body,heparin,norepinephrine,speed,rise,q,f,at 10,its,non,h,w,min,m,d,k,maleate,methysergide
570044,nadh,fmm,bacterial,horse,may,hand,glucose,a,y,ethanol,pyruvate,s,dial,diluted,glutamine,g,sigma,glutamate,crc,l,solution,and,hexachlorophene,l-glutamate,u,phosphoribosylpyrophosphate,albumin,antibacterial,adp,line,pg,p,glucose 6-phosphate,cold,new,i,formate,nadp,tris,isopropanol,q,f,alcohol,fit,bisphenol,h,norton,w,cp,adh,m,dv,d,k,isocitrate
574544,synthetic,overall,may,rescinnamine,a,y,ethanol,s,iodine,ann,diluted,al,g,sigma,saline,peroxide,rtl,met,l,solution,surg,and,ng,u,human serum albumin,albumin,hydrogen peroxide,react,sci,serum albumin,med,lysine,sm,dimethyl sulfoxide,pg,ice,p,recovery,roche,cold,nil,ire,new,i,methotrexate,vessel,ris,benzoic acid,f,lidocaine,metabolite,its,fit,clin,crystalline,h,w,min,ref,m,deserpidine,reserpine,dif,lin,d,k,propranolol,cocktail
639854,pentazol,phenacetin,phentolamine,l-noradrenaline,chlormezanone,lorazepam,may,hand,a,y,ethanol,imipramine,chlorzoxazone,s,thioproperazine,metoclopramide,vip,lee,d-40ta,gaba,atropine,d-65mt,diluted,al,methiamide,hydrocortisone,clonazepam,estazolam,g,glutamate,muscle,mianserine,oxazepam,see,diprenorphine,met,l,perphenazine,solution,prevent,act,chlorpromazine,and,ng,cocaine,l-glutamate,u,clozapine,flunitrazepam,haloperidol,lh,perone,albumin,amitriptyline,glycine,phenobarbital,nitrazepam,sci,line,triamterene,serum albumin,nabilone,clonidine,hexobarbital,lithium,med,lysine,tegretol,tor,trifluoperazine,bacitracin,now,ice,p,roche,scopolamine,sucrose,new,i,pindolol,etorphine,cyproheptadine,i-5,histamine,val,tris,phenantoin,fentanyl,tridione,diazepin,metadone,meprobamate,morphine,acetylsalicylate,ketobemidone,f,bromazepam,its,equal,flupenthixol,non,ki,h,aspartate,acetone,w,baclofen,min,diazepam,flurazepam,metiamide,l-aspartate,m,acth,yohimbine,apomorphine,naloxone,d,k,propranolol,pimozide,picrotoxin,physostigmine,cocktail,lh-rh,prostaglandin e2,pres,leucine,methysergide,arginine,methocarbamol
659613,band,dex,horse,may,arg,thr,a,leu,y,ser,threonine,s,light,good,cysteine,asp,gly,prol,dfp,thrombin,trp,diluted,al,fol,mxx,g,blow,glu,ala,kato,see,urea,way,l,solution,asparagine,and,ng,salt,gln,tryptophan,u,rad,phe,vitamin k,his,bovine pancreatic trypsin inhibitor,lie,albumin,pro,glycine,asn,crystal,fast,capital,serum albumin,lithium,med,ies,lysine,now,ice,p,recovery,release,cold,new,i,dodecyl sulfate,tyr,allergy,valine,norleucine,heparin,val,tris,pancreatic trypsin inhibitor,glucosamine,sodium dodecyl sulfate,tg,ile,coagulation factor ix,rise,q,f,aspartic acid,barbital,serine,its,formic acid,equal,clin,crystalline,h,harris,vin,w,min,ref,histidine,m,cys,trypsin inhibitor,tyrosine,lys,d,k,glutamic acid,methionine,arginine
689791,g,h,u,get,see,put,condition,f,don,loi,hum,s,a,its,cal,i,w,girl,good,react,moment,m,p,solution,light,better,d,care,may,now,y,way,his,carol,and,new
744157,g,clin,cortisol,h,20-trione,u,al,f,aldosterone,l,s,progesterone,a,i,w,adrenal,corticosterone,pg,tg,m,p,cortisone,hydroxyprogesterone,aldo,med,k,d,saline,ethanol,potassium,and,new
844253,g,non,h,blz,u,al,sheets,vitamin b,f,albumin,iodine,l,release,s,carrier,a,i,w,cd,methionine,m,p,q,vitamin b12,hydroxocobalamin,coenzyme a,cyanocobalamin,vitamin b12 complex,d,tris,propanol,and,new
948350,g,non,ann,h,u,al,equal,f,ki,l,s,dfp,a,its,hexafluorenium,i,good,react,m,p,prolong,k,sci,d,y,duration,and,new
976190,hand,g,ann,clin,cortisol,h,min,sc-9420,nadp,u,sucrose,metabolite,al,spectrum,f,aldosterone,fat,glucose-6-phosphate,albumin,glucose,spironolactone,21-dihydroxypregn-4-ene-3,propionic acid,dt,d-aldosterone,l,s,a,ether,its,i,w,adrenal,cd,corticosterone,line,m,p,aldo,solution,med,bc,k,sigma,sci,ice,d,lh,may,sc9420,serum albumin,band,his,fast,potassium,fxm,and,new
996853,hand,h,u,al,mepyramine,s,a,w,tripelennamine,m,med,propranolol,k,sinus,triplennamine,norepinephrine,may,histamine,and
1060033,g,h,sherman,ami,surg,condition,f,sts,l,s,a,i,w,m,p,k,d,sia,may,boy,band,his,body,and
1092541,hand,g,act,non,ann,clin,cortisol,spironolactone and hydrochlorothiazide,luminal,probenecid,amitryptyline,h,rise,phenobarbital,acetazolamide,quinethazone,cysteine,u,gradient,glycerin,diu,al,see,condition,f,fursemid,aldosterone,fat,gran,uric acid,choice,albumin,lee,glucose,spironolactone,methyclothiazide,furosemid,gas,prompt,aminophylline,metolazone,vessel,morphine,salicylate,des,red cells,regimen,cyclothiazide,l,release,s,antidiuretic hormone,carrier,overall,a,its,cal,sodium chloride,i,ethacrynic acid,ouabain,w,adrenal,sulphuric acid,corticosterone,good,glycerol,muscle,nephron,att,cash,ktz,bumetanide,linton,aspirin,harris,prevent,isosorbide,ard,son,tg,lactose,vasopressin,diazoxide,m,p,potassium chloride,salt,sugar,mannitol,med,prolong,light,q,hold,k,bendroflumethiazide,insulin,antibiotics,methylclothiazide,sorbide,furosemide,urate,frusemide,sci,aldactone,furose,d,digoxin,recovery,care,lumen,prednisolone,triamterene,protection,ng,net,may,saline,target,hydroflumethiazide,advanced,lavender,zaroxolyn,leaf,transit,aldos,now,ine,hydrochlorothiazide,y,gastro,bendrofluazide,urea,oxytocin,way,his,digitoxin,duration,lie,aldactone a,body,potassium,and,maintain,chlorthalidone,new
1168577,g,h,min,u,al,f,haloperidol,methyltyrosine,l,release,s,a,its,i,tyrosine,w,p-tyrosine,m,p,diluted,sci,d,now,chlorpromazine,y,apomorphine,and,new
1203620,g,act,cold,h,min,u,surg,pro,sucrose,al,see,f,nicotinamide,glucose,l,release,s,pentagastrin,a,histalog,its,i,betazol,w,good,methionine,harris,prevent,diamine,m,p,sugar,solution,med,histidine,k,histamin,insulin,ice,d,enhance,amodiaquine,may,betazole,histamine,now,chlorpromazine,defend,and,new
1207670,eserine,gallamine,decamethonium,edrophonium,d-tubocurarine,d,tubocurarine,and
1267542,tetraethylammonium,cycrimine,a,i,muscle,d-tubocurarine,d,tubocurarine,and
1278093,hand,g,act,ann,clin,h2o2,h,thiouracil,min,u,metabolite,tor,fit,al,ethanol-,see,spectrum,f,propylthiouracil,glucose,iodine,ki,thyroglobulin,jam,l,s,carrier,hog,overall,a,its,i,tyrosine,w,good,pg,line,prevent,tg,ptu,m,p,light,k,sigma,ice,d,crystalline,may,thyroxine,now,ethanol,methimazole,y,way,carbimazol,carbimazole,fxm,and,maintain,new,tpo
1279186,platinum,g,act,non,epidermal growth factor,cold,cyclophosphamide,h,u,pro,al,see,put,fat,egf,teniposide,amsacrine,sm,anton,l,release,s,a,pentosan polysulfate,its,i,w,adrenal,cd,line,zip,lau,prevent,m,p,med,k,sigma,heparin,sci,fibrezym,m-amsa,d,ng,etoposide,may,saline,target,tris,dm,ps,now,y,dc,vm-26,and,new
1280065,g,clin,rad,sds,h,sherman,dodecyl sulfate,min,hydrogen peroxide,glu,al,serine,spectrum,f,citrate,amino caproic,albumin,benzamidine,riol,amino caproic acid,deoxycholate,l,s,sodium dodecyl sulfate,overall,a,its,i,w,cd,pg,line,prevent,pa,peroxide,m,p,solution,med,collagenase,freeze,diluted,k,sigma,sci,d,aprotinin,protection,eaca,urokinase,may,amide,saline,lysine,serum albumin,band,now,his,and
1281221,hand,g,gtp,h,nicardipine,felodipine,u,tea,bepridil,cinnarizine,fit,al,nifedipine,see,f,taq,choice,tetraethylammonium,ki,amiodarone,max,nimodipine,nisoldipine,cola,l,release,s,lidocaine,carrier,a,i,box,w,adrenal,glutamate,patch,line,growth hormone,muscle,verapamil,nmg,prevent,nitrendipine,pa,lamar,m,p,lux,solution,tetrodotoxin,imp,q,k,gen,as 3,sinus,better,pfl,isradipine,d,may,ca2,ps,y,pn 200,portal,flunarizine,duration,sem,fast,atp,and,new
1283184,nifedipine,nilvadipine,a,its,duration,and,new
1303772,al,loratadine,allergen,histamine,and
1303773,loratadine,a,i,histamine,and
1311390,g,act,h,asn,u,pro,glu,al,f,cytosine arabinoside,leu,lee,amsacrine,ser,isa,camptothecin,arg,tenoposide,arginine,doxorubicin,cisplatinum,l,s,a,its,ile,i,tyrosine,w,dox,line,mamsa,glutamic acid,vinblastine,cys,m,p,lanes,gly,q,k,lys,antibiotics,vp-16,sci,m-amsa,adriamycin,d,asp,met,etoposide,cytosine,may,target,lysine,vincristine,nos,y,bacterial,atp,and,new,phosphotyrosine
1312851,hand,g,non,ann,clin,h,min,ascorbate,iron,hydrogen peroxide,u,magnesium,gradient,balanced salt solution,ficoll,fit,al,equal,spectrum,f,dimethyl sulfoxide,choice,albumin,glucose,benzoate,vitamin e,l,release,s,crystal,overall,a,its,i,w,"1,3-bis(2-chloroethyl)-1-nitrosourea",good,pg,dmso,harris,prevent,pa,peroxide,tg,m,p,salt,solution,mannitol,med,phillips,light,q,k,sigma,glutathione,reduced glutathione,ascorbic acid,bcnu,d,crystalline,recovery,gsh,carmustine,enhance,may,balanced salt,saline,hyaluronic acid,band,deferoxamine,y,polyethylene glycol,val,assured,optimal,dust,sem,dc,and,new
1314830,g,hqq,act,non,mk-906,map,clin,ap,rad,acne,h,phenylalanine,androstenedione,dodecyl sulfate,min,dihydrotestosterone,u,glycine,ref,gradient,ala,see,f,citrate,"pregnene-3,20-dione",ser,harry,ki,phe,testosterone,arginine,l,s,progesterone,sodium dodecyl sulfate,a,its,ile,i,w,good,pg,react,riv,"4-pregnene-3,20-dione",h23,m,p,med,gly,diluted,k,finasteride,"androst-4-ene-3,17-dione",sci,uracil,ice,d,asa,aza,ies,may,target,legend,tris,17-dione,ethanol,y,val,androgen,dht,potassium,atp,and,new
1315825,candoxatril,and
1316589,g,non,h,naloxone,coronal,ref,ala,see,f,leu,diethylstilbestrol,edinburgh,ser,cox,morphine,acetamide,arginine,l,release,s,penicillamine,a,its,i,tyr,w,methionine,son,vasopressin,m,p,salt,etorphine,gly,k,sigma,5'-guanylylimidodiphosphate,sci,d,met,2oh,may,arginine vasopressin,at 10,now,y,oxytocin,way,fast,and,new
1320313,g,denatured,non,clin,cold,rad,h,tsh,u,al,equal,f,propylthiouracil,myc,myeloperoxidase,pal,river,pres,iodine,thyroglobulin,l,s,atg,forskolin,a,its,i,poly a,line,camp,ptu,m,p,lanes,k,sigma,synthetic,thyrotropin,ice,d,care,phorbol ester,ng,may,thyroxine,band,cap,ps,methimazole,y,his,kato,duration,sem,thyroid stimulating hormone,and,new,tpo
1320691,metronidazole,disulfiram,diethyldithiocarbamate,beta-mercaptoethanol,a,m,mercaptoethanol,tris,ethanol,ddc,flunitrazepam,and
1322047,g,clin,rad,lbt,h,min,u,rpm,sucrose,nzo,al,f,fat,river,at 7,halothane,l,release,s,atenolol,a,its,i,fatty acids,w,ici,growth hormone,muscle,2kl,olt,m,p,propranolol,light,q,k,insulin,synthetic,ice,d,recovery,clenbuterol,may,saline,y,gdp,dl-propranolol,duration,fast,body,and
1322791,g,act,cold,h,min,u,ref,al,norfloxacin,ade,see,f,dimethyl sulfoxide,leu,antimicrobial,lee,teniposide,amsacrine,ser,camptothecin,arg,l,s,carrier,a,its,cal,i,w,line,mamsa,ciprofloxacin,m,p,solution,lithium,diluted,k,gen,lys,antibiotics,synthetic,vp-16,sci,uracil,d,asp,glutamine,novobiocin,ng,etoposide,target,lysine,ura,y,bacterial,his,proline,dc,vm-26,and
1323650,alprenolol,morphine,s,a,piperazine,corticosterone,ondansetron,buspirone,body,and
1323952,4'-(9-acridinylamino)methanesulfon-m-anisidide,g,cold,sds,h,dodecyl sulfate,min,kcl,u,pro,sucrose,al,equal,norfloxacin,see,f,antimicrobial,vepesid,des,l,s,sodium dodecyl sulfate,a,its,i,antibacterial,w,glycerol,line,ciprofloxacin,lau,alcohol,pa,m,p,solution,perfloxacin,med,lanes,light,diluted,k,antibiotics,sigma,vp-16,sci,m-amsa,d,enhance,novobiocin,etoposide,may,boy,target,tris,ofloxacin,cp,ethanol,y,polyethylene glycol,bacterial,optimal,vm-26,pfizer,atp,and,new
1324557,g,h,ethinyl estradiol,u,c19,al,f,glucose,testosterone,norgestimate,levonorgestrel,regimen,l,s,progesterone,overall,a,its,i,w,adrenal,good,pg,growth hormone,norgestrel,cholesterol,m,p,progestin,med,phillips,k,progestins,insulin,fsh,dehydroepiandrosterone,d,met,lh,net,may,natural progesterone,band,estradiol,y,luteinizing hormone,androgen,body,and,new
1329768,g,act,non,clin,cold,h,nicardipine,min,felodipine,bepridil,al,equal,nifedipine,see,f,rbc,adenosine triphosphate,nimodipine,adenylate,l,release,s,dca,triphosphate,a,its,sodium chloride,i,ouabain,w,line,muscle,nephron,verapamil,nitrendipine,m,p,salt,solution,hydro,med,sodium chloride solution,bc,k,sigma,heparin,speed,hydrazine,d,sodium heparin,may,calmodulin,ca2,tris,y,his,flunarizine,potassium,atp,and,new
1331331,h-8,hand,g,non,clin,h,quinone,min,iron,u,al,see,spectrum,f,lee,teniposide,dt,l,s,xin,h-3,a,its,prostaglandin e,i,w,line,react,dmso,m,p,solution,med,mho,podophyllotoxin,q,k,better,d,lh,etoposide,may,target,lin,y,d6,benzoquinone,his,and,new
1332478,g,act,non,cortisol,cold,ap,acth,rise,min,u,rpm,magnesium,corticotropin,metabolite,al,o-o,condition,f,mifepristone,guanosine,albumin,cyclic adenosine monophosphate,cga,busulfan,sm,iodine,gas,ru486,adenosine monophosphate,adenosine triphosphate,adenylate,diethyl ether,dt,l,s,progesterone,triphosphate,overall,a,ether,sodium chloride,i,ritodrine,guanosine monophosphate,w,cd,pg,muscle,prevent,camp,prostaglandin e2,m,p,potassium chloride,solution,magnesium chloride,prolong,ru 486,light,q,k,antibiotics,sigma,st. joseph,ice,d,recovery,care,isoproterenol,ng,guanosine triphosphate,may,cyclic guanosine monophosphate,saline,advanced,tris,serum albumin,band,dm,estradiol,ine,isobutylmethylxanthine,d125,oxytocin,dextrose,duration,sem,potassium,and,maintain,new
1332684,gradient,f,m,new,d3,clin,sigma,max,tris,cd,optimal,eisen,y,may,lanes,its,line,retinoids,sds,diluted,i,vitamin a,all-trans-retinoic acid,retinoic acid,ann,crc,glycerol,thioglycerol,amphotericin,w,non,sherman,k,a,sci,antibiotics,ng,l,trans-retinoic acid,equal,a 300,synthetic,amphotericin b,min,p,aprotinin,h,and,retinoid,oestrogen,legend,s,d,act,u,g,streptomycin,al,tabin,saline,q,tg,band,see,penicillin
1334399,hand,may,k,a,atp,bretylium,and,potassium
1334447,podophyllotoxin,good,i,a,l,and
1335254,m,cold,new,clin,sigma,rad,ferrous,murine,tris,pa,tyrosine,y,may,iron,albumin,its,line,ethanol,tyr,dodecyl sulfate,sds,coz,solution,diluted,i,hydroxyurea,recovery,serum albumin,target,sodium dodecyl sulfate,ferrous iron,w,sm,spectrum,k,norton,a,sci,duration,l,citrate,min,p,h,and,better,gallium nitrate,s,d,horse,u,ice,harris,g,sheets,al,overall,potassium,saline,q,tg,band,sem
1336744,gradient,hand,f,ether,m,sct,cholesterol,now,y,may,alcohol,net,albumin,moment,muscle,serc,its,enflurane,methoxyflurane,care,dodecyl sulfate,solution,good,i,ann,way,anesthetic,serum albumin,gas,sodium dodecyl sulfate,gna,d1,w,non,k,a,sci,l,equal,ethyl ether,p,h,zmg,and,des,alcohols,s,f77,cal,d,thm,act,u,g,gen,al,fit,hold,potassium,halothane,fast,see,phosphatidylcholine
1336906,blast,f,ether,river,m,metabolite,new,d3,clin,carrier,dt,y,may,dht,pg,its,line,calcitriol,ethanol,meth,propylene glycol,good,lipidex,i,vitamin d,calciferol,penicillin g,ref,cc,c-23,c27,target,gas,d1,w,d10,lactol,spectrum,k,a,"1,25-dihydroxyvitamin d",gentamycin,ng,l,equal,synthetic,min,fungizone,h,dihydrotachysterol,and,s,d,g,al,glutamine,saline,tam,q,l-glutamine,phy,see,penicillin
1337082,hand,f,m,cold,new,gallamine,sigma,dt,tris,now,y,may,gly,kcl,aminobutyric acid,muscle,its,glycine,prevent,solution,good,i,recovery,mga,w,non,k,a,sci,e.f,l,equal,min,p,laser,h,and,better,s,tubocurarine,d,u,cash,g,ki,streptomycin,al,speed,q,fast,penicillin
1344580,gradient,f,m,release,new,clin,portal,rad,clearly it,surg,oleate,y,may,box,its,adp,diluted,i,non,k,a,thrombin,l,min,p,sodium tetradecyl sulphate,h,and,s,vitamin k,d,act,s.t.d.,light,g,med,s.t.d,al,saline,txl,lee
1349493,atenolol,f,m,release,new,clin,cd,now,harry,y,may,19a,isoprenaline,muscle,choice,its,ici,pindolol,caffeine,i,rise,way,propranolol,w,non,k,a,sci,ng,l,equal,min,ecg,p,h,and,s,d,g,med,al,overall,speed,potassium,saline,q,nadolol,practolol
1350385,f,m,cold,new,maintain,amide,murine,his,y,may,its,line,talc,loi,i,ann,target,gtp,w,darvon,k,a,sci,taxotere,l,atp,p,vinblastine,and,s,advanced,d,colchicine,light,g,med,vinces,al,taxol,q,band,see
1351412,atenolol,eye drops,f,m,condition,new,timoptol,junk,timolol,cd,pa,y,may,dipivefrin,metipranolol,pilocarpine,amv,isoprenaline,acetazolamide,net,choice,epinephrine,its,cantor,maleate,isoproterenol,pindolol,levobunolol,solution,good,i,protection,rise,tenormin,nifedipine,propranolol,w,sm,dipivalyl epinephrine,k,a,phillips,duration,l,dc,p,laser,h,timolol maleate,and,better,s,d,act,lin,u,harris,timoptic,body,g,histamine,betagan,al,verapamil,nicardipine,regimen,bloom,see,goa,practolol
1352660,ein,f,m,metabolite,new,clin,sigma,dt,bc,leo,methyprylon,his,lie,y,may,roche,ethanol-,tertiary butanol,alcohol,moment,box,choice,its,line,ethanol,solution,i,ref,gaba,ann,way,anesthetic,dm,barbital,d1,w,k,a,phillips,sci,duration,l,min,dc,p,h,and,better,alcohols,adm,legend,s,trifluoroethanol,d,act,u,harris,light,g,gen,med,al,overall,fit,saline,halothane,see,lh,sem
1354084,atenolol,f,norepinephrine,m,cold,release,sigma,pa,y,may,muscle,epinephrine,its,adrenal,vasoconstrictor,good,i,way,clonidine,propranolol,w,non,k,a,ng,l,min,p,2f2,h,yohimbine,and,s,d,u,enhance,g,al,prazosin,saline,q,nadolol
1356589,gradient,ino,hand,f,m,morphine,release,new,sigma,magnesium ions,ca2,y,may,aspartate,balanced salt solution,cytosine,its,dextrose,glycine,caf,thyrotropin,balanced salt,prevent,dmso,solution,magnesium,good,i,recovery,rise,ceruletide,lysine,beta-endorphin,ann,snail,prostaglandin e,amphotericin,neurol,w,non,put,l-lysine,k,a,sci,duration,l,antibiotic,amphotericin b,min,p,glutamate,h,hog,and,at 10,isotonic,e 2,s,d,horse,u,ronal,salt,g,eagle,glucose,streptomycin,al,hold,moi,q,caerulein,penicillin
1357064,hand,adenylate,f,norepinephrine,m,iop,new,clin,sigma,y,may,1-epinephrine,amphotericin-b,alcohol,net,leaf,muscle,epinephrine,its,heparin,care,prevent,solution,i,eve,ann,alcohol swab,camp,gas,amphotericin,clonidine,w,cyclic amp,k,a,l,amphotericin b,min,p,h,yohimbine,and,at 10,orion,s,advanced,d,u,cont,lofexidine,body,g,glucose,al,prazosin,forskolin,saline,see,lee
1357724,f,ether,river,m,metabolite,cold,release,new,clin,sigma,maintain,t4c,tris,y,may,phosphocholine,aminosalicylic acid,salazine,its,meth,sulfasalazine,i,5-aminosalicylic acid,ref,ann,w,coa,non,k,a,tris buffer,sci,l,arachidonate,min,p,h,and,choline,s,d,ice,g,glucose,med,al,potassium,saline,phosphatidylcholine
1358746,f,norepinephrine,m,adel,sigma,portal,pa,2-propanol,bevantolol,y,may,phenylephrine,muscle,labetalol,its,solution,i,w,sm,mgso4,non,k,a,sci,blow,l,equal,min,p,phentolamine,h,yohimbine,and,s,propanol,g,glucose,gen,ki,al,prazosin,q
1359073,f,benzylamine,m,metabolite,dacarbazine,skf,new,clin,sigma,renewal,cholesterol,now,benzylarnine,y,testosterone,may,roche,clorgyline,procarbazine,semicarbazide,its,neurotoxic,pargyline,mih,prevent,solution,i,protection,recovery,rise,cc,w,hydrallazine,non,k,a,hydrazine,sci,duration,l,min,p,vinblastine,h,and,s,nsc-77213,advanced,d,act,u,hydro,ice,ine,son,g,med,al,potassium,dimer,regimen,hydralazine,see,fat
1359745,metabolite,new,may,aminosalicylic acid,i,hydroxyurea,5-aminosalicylic acid,target,a,prostaglandin e2,and,zileuton,d,sulphasalazine,arachidonic acid
1359777,theophylline,may,its,salmeterol,a,duration,and,better
1360991,hand,f,clm,norepinephrine,m,cold,new,clin,hrf,y,may,ap,cough,alcohol,choice,its,meth,caffeine,good,i,diphenhydramine hcl,ann,way,dm,loratadine,w,astemizole,brc,seldane,k,allergy,a,sci,duration,ng,l,p,daytime,h,sas,and,better,s,antihistamine,d,u,pyrilamine,g,med,histamine,terfenadine,al,lumen,fit,hold,phenindamine,q,goa
1361012,pal,fu,f,m,condition,cold,release,new,clin,dif,minaprine,y,may,aspartate,kcl,its,phenobarbital,solution,diluted,i,protection,recovery,sti,gaba,inositol,scopolamine,gas,w,sucrose,mgso4,non,k,a,sci,tor,ketanserin tartrate,ketanserine,l,min,p,glutamate,h,and,s,d,act,u,dex,costi,ice,g,sheets,glucose,kato,coronal,al,ketanserin,arachidonic acid
1361946,sigma,may,analgesic,a
1375507,adenylate,ibmx,m,i50,cold,new,clin,sigma,murine,tris,his,now,pa,fil,y,may,cyclic gmp,iloprost,its,line,ethanol,isobutylmethylxanthine,gmp,solution,i,camp,butyrate,target,tnf,bacterial,atv,w,cyclic amp,tumor necrosis factor,k,a,berlex,sci,sodium butyrate,cgmp,antibiotics,ng,l,prostaglandin e2,p,laser,c5,h,and,fluorescein,s,d,u,light,g,med,streptomycin,al,forskolin,saline,see,penicillin,sem
1376313,chloramphenicol,hand,f,m,cold,new,clin,now,pa,ca2,y,may,kcl,iron,pro,net,miconazole,its,ionomycin,ethanol,pyruvate,solution,pfizer,i,metyrapone,ctx,clotrimazole,ref,tioconazole,nordihydroguaiaretic acid,nifedipine,target,w,aminoglutethimide,non,gossypol,nadh,k,a,valinomycin,l,red cells,min,p,c5,ndga,h,trans-2-phenylcyclopropylamine,and,s,d,act,u,ice,body,light,g,sheets,glucose,nimodipine,erythromycin,gen,quinine,ps,fast,see
1378042,release,muscle,disodium cromoglycate,cromoglycate,a,amlexanox,and,histamine
1382157,map,phenylephrine,i,cilazapril,a,ng,min,ecg,and
1382161,cilazapril,a,ng,min,and
1386491,f,norepinephrine,m,flp,release,new,clin,candoxatrilat,warfarin,y,may,guanosine monophosphate,covit,pg,its,line,adrenal,guanosine,pfizer,at 7,i,aldosterone,amd,anton,d1,w,k,a,sci,duration,ng,l,synthetic,min,p,vip,h,candoxatril,and,s,d,body,g,cyclic guanosine monophosphate,fit,q,sem
1391956,its,a,thrombin,l,equal,and,light
1394620,menadione,f,m,nicotinamide,release,sigma,ethacrynic acid,oxidized glutathione,succinate,y,may,bcnu,albumin,nadp,glutathione disulfide,quinone,adp,glutathione,peroxide,solution,i,recovery,rise,mannitol,ref,ann,cyclosporin,serum albumin,gssg,gsh,hydroperoxides,w,sucrose,non,nadh,k,a,sci,adenine,l,atp,min,glutatione,p,glutamate,h,and,better,s,d,u,g,calmodulin,al,cyclosporin a,potassium,saline,q,glu,see
1397053,adenylate,f,m,cold,release,new,clin,murine,pa,y,may,dolasetron,alcohol,box,patch,line,pindolol,solution,diluted,i,way,w,sucrose,non,eglen,k,a,sci,l,atp,min,dc,p,rpm,h,and,s,tubocurarine,cal,d,u,ice,salt,light,g,eagle,glucose,med,al,met,fit,q,lh,metoclopramide
1397064,clomiphene,dimenhydrinate,testosterone,dehydroepiandrosterone,danazol,estrone,ibuprofen,spironolactone,a,cyclizine,synthetic,and,dhea
1400062,f,m,cold,release,new,p45,clin,diane,pa,y,may,sep,methylcellulose,albumin,kar,pg,triphosphate,its,line,ethanol,solution,diluted,i,recovery,rise,kel,way,gas,w,adenosine triphosphate,k,a,indomethacin,phillips,sci,duration,diethylcarbamazine,l,min,dc,p,platelet activating factor,h,and,at 10,better,ethanol solution,choline,propanoic acid,s,advanced,d,act,ice,son,salt,body,light,g,med,histamine,methacholine,overall,potassium,saline,zed,q,phy,arachidonic acid,lee,53s
1407010,h,ergotamine,cold,pfizer,buspirone,blow,i992,pargyline,forskolin,isoproterenol,cd,sigma,y,sumatriptan succinate,mianserin,al,cp,good,ketanserin,cgs,put,adenylate,m,a,malonate,pindolol,methysergide,target,w,ppa,d,g,isoprenaline,ascorbic acid,min,and,sumatriptan,phenobarbital,succinate,s,sem,may,f,i,organon,see,yohimbine,ketanserin tartrate,gtp,ice,tris,maleate,ergotamine tartrate,p,l,non,line,lh,new,k,u,sci
1411635,spectrum,teniposide,podophyllotoxin,etoposide,a,and,optimal,s
1424804,cysteine,h,biotin,gm-csf,ile,y,ser,mix,al,trp,pro,murine,ng,m,a,band,sam,w,d,map,g,csf2,its,propidium,and,ins,lanes,datp,dm,q,s,hum,may,f,i,cal,cc,p,l,non,line,new,propidium iodide,ine,k,u,sci,lie
1426023,penicillin,acetone,gallamine,h,m3,hand,cold,speed,ann,solution,ies,sigma,y,now,thc,diluted,equal,al,cp,ng,ether,good,difenidol,cht,moi,fit,serum albumin,sucrose,m,albumin,a,w,diethyl ether,gen,d,g,its,hydro,tricyclamol,bacitracin,and,bayer,ki,ox3,trasylol,q,pirenzepine,s,may,f,streptomycin,i,ino,atropine,see,scopolamine,ice,tris,oxyphencyclimine,cc,p,l,non,line,procyclid,procyclidine,lh,better,overall,new,k,tg,u,sci
1438284,des,h,acne,glu,rms,camp,lev,leu,bos,val,bc,choline,sigma,y,ser,muscle,al,trp,roche,leucine,ben,fit,m,a,decamethonium,w,d,g,its,triad,propidium,valine,uracil,min,and,optimal,ins,tacrine,q,s,hold,may,edrophonium,f,norton,i,see,phenylalanine,prevent,tyrosine,p,l,phe,line,fsh,overall,new,propidium iodide,k,u,sci
1438304,epinephrine,h,jam,ann,saline,pargyline,choline,y,arginine,sds,dc,ca2,mianserin,al,potassium,crc,ketanserin,serum albumin,m,albumin,atp,a,tbz,phillips,lysine,sam,citrate,gradient,reserpine,w,d,g,tetrabenazine,lee,lumen,glucose,ascorbic acid,min,and,2h3,lanes,ki,q,prazosin,s,sem,may,f,adrenal,i,net,norepinephrine,ice,ref,tris,lin,cc,mg2+,p,l,glutamic acid,line,new,k,u,sci
1460006,kato,acetone,h,ethinamate,hand,ex4,amidate,antimicrobial,ann,coz,roc,spectrum,metabolite,sigma,duration,y,release,now,muscle,equal,al,bamate,diamox,potassium,bis-tris propane,methocarbamol,fit,methazolamide,m,a,band,clin,target,w,h 8,thr,d,g,crystal,its,ard,acetazolamide,min,and,his,amide,anesthetic,ki,s,hum,enhance,meprobamate,may,f,i,see,way,"1,3-bis[tris(hydroxymethyl)methylamino]propane",tris,lin,p,l,non,better,new,fast,k,med,u,sci
1468487,tryptophan,piperazine,h,buspirone,ann,spectrum,saline,solution,forskolin,pg,y,release,al,dihydroxyphenylalanine,sim,ethanol,put,adenylate,m,a,clin,pindolol,reserpine,w,d,g,its,glucose,l-penbutolol,min,and,his,diazepam,l-dihydroxyphenylalanine,q,s,may,f,i,see,way,penbutolol,body,ice,prevent,tyrosine,p,l,non,meth,line,better,new,propranolol,k,light,u,sci
1475066,atropine sulfate,release,d-tubocurarine,muscle,a,d,min,and,s,atropine,tubocurarine
1486803,vasopressin,arginine,carrier,oxytocin,arginine-vasopressin,and,oxt,i
1493594,des,glycerol,heparin,h,pyruvate,pas,i992,ann,collagenase,gh,saline,solution,isoproterenol,gcl,acid control,metabolite,sigma,duration,y,release,al,que,condition,ffa,ben,fatty acids,serum albumin,sucrose,m,albumin,a,oleate,c473,citrate,w,d,son,g,its,lee,lumen,glucose,min,and,optimal,heritage,viv,triton wr 1339,triton wr-1339,carnitine,tea,s,intralipid,insulin,acides gras,cholesterol,sem,may,f,i,organon,see,streptozotocin,prevent,phy,p,l,oleic acid,overall,luminal,k,tg,med,light,u,sci
1511344,h,balanced salt,physostigmine,saline,solution,salt,choline,y,release,balanced salt solution,diluted,al,potassium,m,a,nitrogen mustard,fluorophosphate,kcl,w,d,ano,g,its,glucose,and,s,may,f,i,net,e.f,river,p,l,non,box,new,diisopropyl fluorophosphate,k,u,sci
1526623,penicillin,h,eagle,vitamin d,hand,ru 486,pfizer,clotrimazole,gentamycin,ann,collagenase,testosterone,sigma,now,glutamine,al,d3,dht,ethanol,rise,m,spironolactone,a,clin,r 1881,nov,miconazole,progesterone,r1881,target,w,d,choice,g,its,and,synthetic,acth,cortisol,lhrh,dexamethasone,ketoconazole,androgen,s,insulin,act,methyltrienolone,may,f,adrenal,streptomycin,tris,river,p,l,non,line,lh,fluconazole,fsh,new,cimetidine,"1,25-dihydroxyvitamin d",k,med,u
1532675,maintain,h,ann,saline,metabolite,y,release,now,equal,al,ng,iodine,d1,rise,prp,fit,m,carrier,a,laser,pa,d2,reserpine,w,gen,d,son,cocaine,g,its,bloom,haloperidol,glucose,phantom,min,and,optimal,amphetamine,s,sem,may,f,i,atropine,body,prevent,noise,neurol,p,gradual,l,line,new,k,med,light,sci
1536695,cyclophosphamide,maintain,dry cough,h,prednisone,bupivacaine,atenolol,aspartate,creatine,spectrum,gh,theophylline,girl,uric acid,cefotaxime,hydralazine,salt,duration,y,release,now,dc,isosorbide,muscle,equal,al,penicillamine,isosorbide dinitrate,diclofenac,pro,captopril,potassium,acebutolol,care,sm,allergy,condition,cough,nasal,moi,aldosterone,d-penicillamine,m,albumin,a,prostaglandin e,erythropoietin,pa,ps,hydrochlorothiazide 50,enalapril,d,naltrexone,g,lisinopril,histamine,its,verapamil,lee,regimen,furosemide,peroxide,hydrochlorothiazide,and,capoten,prostaglandin e2,his,sulindac,dm,nifedipine,s,insulin,cholesterol,antibiotics,may,f,12h,i,digoxin,nodular,antidiuretic hormone,hydrogen peroxide,urea,vasotec,frusemide,p,l,non,adrenalin,lh,minoxidil,dinitrate,overall,new,nephron,propranolol,k,u
1543672,h,hand,ann,terbinafine,cidal,duration,y,release,dc,al,ng,sm,m,a,clin,thf,ps,target,w,d,g,its,nadh,and,synthetic,methionine,s,cholesterol,act,may,f,i,see,ethinyloestradiol,cc,p,cyclosporin,gradual,l,nil,non,new,cont,lion,k,med,u,sci
1549935,heparin,tact,bromocriptine,propylene glycol,h,hand,mm3,cold,saline,solution,pg,duration,y,now,mix,diluted,rinse,al,perform,ethanol,care,good,lidocaine,magnesium,dehydrated,put,ben,m,a,pa,analgesic,citrate,target,apomorphine,w,d,midazolam,g,its,prompt,haloperidol,min,and,phenobarbital,q,s,act,may,f,i,see,way,magnesium sulphate,body,prevent,droperidol,p,dopam,l,line,overall,new,k,light,u,sci,morphine
1585214,daytime,alcohol,dt,glutethimide,a,and,amphetamine,rem,meprobamate,may,-amine,non,ethchlorvynol
1588924,ambenonium,m,a,and,tacrine,edrophonium
1590750,cysteine,h,starch,cold,ann,alcohol,roc,barbital,adh,histidine,semicarbazide,metabolite,sigma,duration,y,arginine,fmc,al,ethanol,crc,good,arg,serum albumin,m,carrier,albumin,a,band,clin,lysine,w,d,g,its,lee,jan,nadh,ethanol-,min,and,harris,4-methylpyrazole,q,s,hum,may,f,i,ice,lin,alcohols,p,nos,l,glutamic acid,glycine,cys,box,new,k,med,u,sci
1594557,h,starch,collagenase,deoxynojirimycin,saline,solution,1-deoxynojirimycin,acarbose,sigma,y,release,al,sm,fu,serum albumin,m,albumin,a,band,w,d,suramin,g,its,lee,glucose,min,and,bayer,ins,cls,ap,s,insulin,act,sem,may,i,p,l,box,new,k,maltose,u
1599956,aprotinin,h,hand,cold,estramustine,ann,solution,cantor,sigma,y,legend,esl,al,pro,cp,ire,at 10,sucrose,m,albumin,a,band,nitrogen mustard,w,d,advanced,map,g,its,leo,min,and,synthetic,asp,dm,s,act,may,f,i,rad,gtp,p,trypsin inhibitor,gradual,l,non,line,estradiol,new,k,light,u,sci
1600046,des,ondansetron,h,hand,cold,ann,pentagastrin,y,release,portal,now,cisapride,cisplatinum,alkylating agent,muscle,barone,al,ng,c507,m-a,mmc,eglen,cisplatin,transit,goa,ketanserin,adenylate,cyclic amp,m,a,clin,methysergide,phillips,analgesic,w,metoclopramide,d,cocaine,g,its,bloom,gastro,fat,and,domperidone,gas,dexamethasone,s,act,may,f,i,net,gr 38032,body,ice,zofran,phy,ref,lin,tropisetron,ain,p,l,non,renzapride,new,brl 24924,fast,ine,k,med,u,sci,morphine
1601843,glibenclamide,h,cold,solution,salt,sigma,y,now,muscle,equal,potassium,ethanol,rubbing,ben,fit,m,atp,a,diazoxide,kcl,target,w,d,glipizide,ano,g,its,glucose,leo,min,fat,and,ki,tor,q,gliben,s,dimethyl sulfoxide,may,f,i,dimethylformamide,see,way,ice,urea,ref,pin,p,l,line,minoxidil,k,med,u,sci
1606351,scag,growth hormone,epinephrine,toot,h,camp,physostigmine,nicergoline,gaba,spectrum,cd,metabolite,cinnarizine,sinus,choline,duration,y,release,now,gds,anisomycin,amantadine,protection,al,codergocrine mesylate,coenzyme a,adp,dihydroergotoxine mesylate,ng,care,sm,rise,cgs,nasal,frontal,adenyl,m,atp,a,band,phillips,pa,d2,w,d,advanced,pentoxifylline,choice,g,its,dihydrogenated ergot alkaloids,glucose,and,dm,tacrine,q,co-dergocrine mesylate,s,cox,enhance,piracetam,may,f,i,see,norepinephrine,body,tyrosine,hydergine,glutamate,ergoloid mesylates,p,gradual,l,glutamic acid,non,line,lh,papaverine,better,overall,adenosine monophosphate,new,fast,k,u
1611705,bacterial,now,murine,amrinone,a,tnf,pentoxifylline,and,chloramphenicol,dexamethasone,enhance,may,tumor necrosis factor
1620654,heparin,methamphetamine,h,beta-endorphin,thyrotropin,cold,saline,solution,pentagastrin,at 7,y,release,diluted,m,caerulein,a,adrenocorticotropic hormone,w,d,g,min,and,acth,corticotropin,s,corticosterone,ceruletide,f,adrenal,i,lib,way,body,ice,p,l,new,k,med,light,u,sci,biscuits
1646056,ranitidine,h,procaine,tetrodotoxin,aspartate,platinum,blow,ann,tetraethylammonium,metiamide,hydralazine,sigma,duration,y,release,now,muscle,4-aminopyridine,equal,al,atropine sulphate,potassium,m,methacholine,a,kcl,phentolamine,w,clonidine,d,g,histamine,its,glucose,leo,min,and,famotidine,nifedipine,tea,s,enhance,act,f,i,atropine,mgso4,way,glutamate,maleate,pin,p,l,tolazoline,non,new,cimetidine,propranolol,fast,k,med,u,sci
1646718,l-phenylalanine,al,a,g,its,and,iron,s,tris buffer,phenylalanine,tris,l,l-noradrenaline,k
1646776,lauryl sulphate,h,ergotamine,sodium lauryl sulphate,hand,camp,amitriptyline,triphosphate,ann,pargyline,solution,forskolin,antimigraine,sigma,release,al,pro,capsaicin,adenylate,at 10,m,atp,a,clin,methysergide,vasoconstrictor,w,ppa,d,g,its,verapamil,ascorbic acid,min,and,pranolol,sumatriptan,ki,recovery,s,act,sem,may,i,gr 43175,norepinephrine,neurol,tris,cocktail,p,non,new,propranolol,k
1647395,estramustine,collagenase,a,target,map,and
1651852,des,dodecyl sulfate,pregnenolone,calmodulin,h,hand,camp,cold,gaba,trilostane,rpm,fxm,cd,ile,flunitrazepam,y,release,al,gly,at 10,sucrose,m,horse,atp,a,adrenocorticotropic hormone,target,gradient,d,g,its,lee,aminobutyric acid,min,and,synthetic,acth,nadp,his,diazepam,corticotropin,q,s,cholesterol,act,adrenocorticotropin,may,f,adrenal,i,flumazenil,luteum,ice,tris,tei,p,sodium dodecyl sulfate,l,line,lh,k,u,sci
1653123,ethmozine,tocainide,h,hand,speed,solution,sinus,duration,y,crank,now,dc,muscle,equal,al,potassium,good,lidocaine,condition,m,a,clin,nana,gradient,w,gen,d,prolong,advanced,g,its,mexiletine,min,mexilitine,and,cir,recovery,tea,s,gna,act,may,f,i,see,encainide,lux,flecainide,p,l,non,box,overall,new,fast,moricizine,k,med,light,u
1653644,aprindine,h,tetrodotoxin,bupivacaine,hand,solution,patch,exm,sigma,duration,y,dt,muscle,al,max,benzocaine,lidocaine,condition,fu,phi,fit,m,a,w,d,g,its,glucose,mexiletine,min,and,sheets,dv,recovery,s,sem,may,f,i,see,p,l,non,new,fast,k,lignocaine,u
1654268,s,u,al,i,trc,b3,g,f,and,may,w,norepinephrine,k,see,h,m,d,sem,cd,l,a,ska,equal,aza,p
1654566,its,proline,amide,and,may,dihydromorphine,d,a
1656846,pro,s,its,overall,coronal,diprenorphine,clin,eleven,dc,u,al,line,pala,i,glutamate,gaba,naloxone,ann,ref,light,g,valproic acid,phenytoin,f,and,cc,may,w,new,leu,release,morphine,sci,k,laser,lee,duration,see,noise,moment,h,glucose,primidone,met,synthetic,m,carfentanil,carbamazepine,d,flumazenil,beta-endorphin,neurol,rad,l,tyrosine,a,med,phantom,equal,hand,y,non,p
1660104,benzocaine,lignocaine,s,lidocaine,its,gen,dc,u,al,i,aprindine,sigma,muscle,g,q,f,and,recovery,lumen,may,ac 1802,w,dt,new,sci,k,lie,duration,h,glucose,solution,tetramethylammonium,m,speed,amiodarone,nitrendipine,d,fit,sem,fast,l,dv,condition,a,p
1662173,atp,its,net,and,may,bretylium,k,ouabain,a
1663395,s,its,ps,inositol,sm,insulin,clin,aldo,triiodothyronine,thyrotropin,dc,u,line,olo,i,lysine,tpo,glycerol,thyroxine,actinomycin,ann,calmodulin,g,tpa,f,methimazole,forskolin,thyrotrophin,and,lumen,may,w,ins,thyroid stimulating hormone,new,release,sci,k,optimal,ap,good,fin,kato,maintain,camp,myo-inositol,gamma-interferon,d7,see,thyroglobulin,enhance,tg,egf,pgh,h,iodine,ibmx,ag2,epidermal growth factor,thc,m,tsh,luminal,d,i-5,rut,target,carbimazole,dm,adrenal,l,condition,ng,tyrosine,a,interferon gamma,med,rrs,phorbol ester,y,non,c41,trol,cyclic amp,"adenosine 3',5'-monophosphate",cortisol,p,adenylate,isobutylmethylxanthine
1664802,s,citrate,its,gen,picrotoxin,xin,al,redergin,i,sigma,gaba,dif,light,g,q,cold,f,ice,and,w,nac,new,sci,k,h,ergotamine,m,at 7,d,diazepam,cocktail,tris,randa,l,convul,aminobutyric acid,a,min,y,non,p
1665782,s,ad5,its,gly,insulin,gtp,itc,sucrose,u,al,rdc,i,ala,sigma,naloxone,cox,g,f,and,cc,body,transit,may,tyr,crc,w,leu,lin,morphine,sci,k,optimal,lee,duration,nida,d3,h,frj,tris buffer,now,m,zpr,d,pg,ain,tris,rut,l,urc,ng,cla,tor,react,a,equal,min,y,non,etorphine,p
1666366,s,bc,its,yohimbine,clonidine,clin,dc,u,al,i,22f,ala,sigma,better,ann,light,g,q,bdf,cold,f,ice,and,may,w,legend,new,sci,k,diluted,good,see,guanabenz,noise,h,trypsin inhibitor,now,m,thr,speed,way,pfizer,d,sin,fit,cocktail,tris,fat,k21,l,ng,adr,a,prazosin,gpp,min,y,nasal,non,cola,k12,aza,cyclic amp,methysergide,guanine,p
1666931,s,citrate,yohimbine,propranolol,insulin,clin,triiodothyronine,phentolamine,al,epinephrine,i,sigma,pindolol,b3,glycerol,ann,cp,muscle,g,f,and,new,release,sci,k,camp,duration,prostaglandin e,moi,see,h,met,m,isoproterenol,loi,d,sem,target,fat,fast,l,ng,a,med,min,y,non,cyclic amp,p,adenylate,saline,pa
1666997,i,and,good,amitriptyline,h,ketanserin,a,amoxapine,p
1667290,lignocaine,s,atp,lidocaine,its,overall,ki,gen,adenosine triphosphate,propranolol,histidine,clin,sucrose,reserpine,p-toluene sulphonic acid,u,al,line,i,sigma,prolong,better,ann,muscle,g,f,frusemide,red cells,and,deoxycholate,may,bretylium,w,new,release,prevent,sci,k,optimal,diluted,tetraethylammonium,chlorpromazine,duration,see,potassium,ca2,h,glucose,h2so4,n-ethylmaleimide,serum albumin,solution,tris base,adenosine 5'-triphosphate,m,ascorbic acid,amiodarone,salt,d,kcl,pg,cardiac glycoside,rmp,tea,tris,triphosphate,at 10,l,condition,ouabain,a,albumin,med,ethylmaleimide,equal,min,y,l-histidine,p,box,saline
1667613,s,atp,its,dopram,gen,insulin,carrier,son,patch,his,inh,"1-ethyl-4-(2-morpholinoethyl)-3,3-diphenyl-2-pyrrolidinone",u,line,i,collagenase,pfl,ref,g,q,cold,rise,streptomycin,f,ice,and,body,may,star,w,legend,release,sci,k,tetraethylammonium,lie,duration,see,potassium,ca2,h,act,sinus,solution,ser,penicillin,m,nitrendipine,d,tea,l,ng,mgso4,a,d600,min,y,enflurane,doxapram,p,saline
1674528,phentolamine,epinephrine,haloperidol,nicotine,and,may,norepinephrine,release,metaclopramide,m,d2,domperidone,d1,apomorphine,a,flupentixol
1676991,apraclonidine,and,may,norepinephrine,release,timolol,iop,a,prazosin
1678274,s,its,clin,u,al,i,pindolol,muscle,g,and,may,w,nac,new,release,k,potassium,h,m,creatine,way,d,l,roche,a,med,min,y,non,p
1678430,diphenylpyraline,d4,myristate,and,may,release,act,arachidonic acid,phorbol 12-myristate 13-acetate,histamine,a
1678728,s,its,ki,frontal,busp,i,sigma,haloperidol,pargyline,g,q,f,and,body,lsd,w,new,sci,k,eta,h,m,ascorbic acid,spectrum,d,ifenprodil,diazepam,tris,buspirone,l,apomorphine,maleate,a,med,min,bromocriptine,lisuride,p,adenylate,saline,bzd
1680053,s,overall,ine,antazoline hcl,u,al,famotidine,i,meth,better,light,brompheniramine,muscle,g,q,choline,rise,f,and,may,bupranolol,dextrose,iwata,new,release,ranitidine,sci,k,antazoline,good,see,h,solution,m,frm,d,fit,histamine,l,maleate,a,equal,mepyramine,min,y,prazosine,non,p,pa,atropine
1680715,s,its,overall,ki,ine,inositol,yohimbine,propranolol,clonidine,muscle adenylate,phentolamine,o-o,alcohol,u,al,line,i,ala,meth,light,calmodulin,nla,muscle,g,q,cold,f,ice,and,lumen,may,w,dt,norepinephrine,new,sci,k,diluted,good,duration,see,enhance,protection,dmso,ca2,absolute alcohol,h,glucose,tris buffer,solution,vasopressin,sah,m,ascorbic acid,alkylating agent,spectrum,salt,alh,d,fit,gradient,pbz,histamine,tris,tpm,perform,methoxamine,fat,phenylephrine,l,tor,platinum,a,prazosin,med,equal,min,cyclic gmp,cgmp,y,non,cola,gmp,p,adenylate,saline
1680855,pro,s,hold,atp,dodecyl sulfate,yohimbine,ao2,propranolol,insulin,clonidine,carrier,adp,gtp,patch,d4,lanes,phentolamine,u,line,i,bacterial,gh,ade,sds,ref,phy,cp,light,g,q,proteina,f,isradipine,guanosine,and,recovery,band,may,w,release,sci,k,pep,good,kato,maintain,camp,cal,ies,see,ca2,care,h,glucose,solution,synthetic,m,gdp,nifedipine,salt,ronal,cholate,goa,d,pg,s115,gol,urea,sodium dodecyl sulfate,fast,rad,azt,l,condition,ng,c1289,react,aminobutyric acid,a,prazosin,nimodipine,c1282,butyrate,equal,min,cgmp,y,snail,guanine,p,pa
1682484,and,ng,a,min,erythro,procaterol
1683559,da2,s,its,ps,motilium,aldosterone,clin,his,alcohol,u,al,i,meth,ann,g,rise,f,and,gradual,body,may,w,norepinephrine,new,release,prevent,k,diluted,ropinirole,arginine,h,serum albumin,vasopressin,m,d2,d,pg,domperidone,metabolite,neurol,adrenal,arginine vasopressin,l,ng,a,albumin,med,min,bromocriptine,y,non,lisuride,p
1684063,its,ici,indomethacin,isoprenaline,muscle,and,release,m,guanethidine,a,procaterol
1685013,s,its,ici,sm,propranolol,al,i,light,muscle,g,q,cold,f,ice,and,body,may,w,new,sci,duration,see,h,tris buffer,fl2,serum albumin,m,clenbuterol,d,sem,tris,metabolite,rad,l,a,albumin,nab 365,min,non,p,box,saline,pa
1686208,s,lysergic acid diethylamide,its,ki,08h,propranolol,histidine,gastro,magnesium,clin,frontal,phentolamine,alcohol,u,al,i,cox,cp,light,mequitazine,g,lactose,rise,f,and,may,cxl,w,loratadine,norepinephrine,new,terfenadine,forhistal,lin,sci,k,phillips,lee,ap,lie,flunitrazepam,enhance,ca2,trimeton,pheniramine,h,sch29851,daytime,solution,met,m,speed,d2,way,spectrum,ketanserin,pfizer,d,diazepam,histamine,tris,caffeine,12h,l,astemizole,maleate,dimethindene,antihistamine,imipramine,a,prazosin,equal,mepyramine,min,y,non,choice,p,box,atropine
1686618,s,val,its,crystal,u,al,i,better,g,q,f,and,may,cyproheptadine,star,w,new,sci,k,optimal,see,moment,h,now,solution,m,way,cam,c5,d,fit,gradient,histamine,l-val,advanced,phenindamine,rad,l,roche,a,med,equal,min,hand,y,non,p
1687398,pindolol,metoprolol,isoprenaline,and,portal,bopindolol,a,non
1691468,trimetaphan,and,murine,metoclopramide,gallamine,a,tubocurarine
1692236,dimer,serine,h 8,s,its,cht,p-nitrophenyl phosphate,decamethonium,sucrose,ae2,u,al,line,i,propidium iodide,dfp,sigma,propidium,sds,g,f,and,may,w,iid,new,release,prevent,sci,k,rpm,lee,diluted,river,camp,see,protection,h,ale,phosphorofluoridate,solution,propylene glycol,2-10,m,speed,spectrum,d,fit,urea,gradient,tris,cd,fast,edrophonium,rad,blow,l,a,denatured,med,equal,min,y,pin,p,saline
1694685,s,its,overall,u,al,line,i,lysine,better,ann,g,q,rise,net,f,and,smack,may,w,legend,new,sci,k,diluted,see,aluminum hydroxide,arginine,h,now,solution,m,way,ttl,salt,d,kcl,ga3,gradient,tris,reconcile,l,tam,a,min,y,non,p
1696149,s,trifluoperazine,its,pimozide,pn-200-110,ethanol,gen,u,al,i,nicardipine hydrochloride,cinnarizine,light,calmodulin,muscle,g,q,cold,rise,f,ice,and,may,w,fluspirilene,new,sci,k,prenylamine,lee,diluted,see,noise,ca2,h,act,glucose,now,solution,m,nifedipine,pn 200,nitrendipine,max,d,pg,fluspiriline,verapamil,tris,des,l,bayer,isotonic,a,nimodipine,min,nicardipine,edinburgh,non,nisoldipine,flunarizine,p
1701989,and,may,amlexanox,new,release,m,histamine,prostaglandin e2,a
1705137,amitryptiline,s,citrate,citric acid,its,overall,formic acid,clin,alcohol,u,al,tryptophan,line,avf,i,prolong,light,phenylethylamine,g,q,mianserin,melatonin,rise,f,clorgyline,and,may,moclobemide,w,norepinephrine,new,sci,k,ecg,diluted,amitriptyline,regimen,duration,h,benzylamine,solution,m,salt,d,pg,put,-amine,tris,cd,fluoxetine,metabolite,fast,caffeine,l,ng,dhpg,roche,a,d600,med,min,zimeldine,y,non,choice,cortisol,p
1705633,enalkiren,h,and,a-64662,may,hydrochlorothiazide,a,its
1708834,new,i,sci,prevent,med,thymidine,h,ps,good,d,pentosan polysulfate,al,dic,l,and,light,heparin,suramin,p,bayer,47d,epidermal growth factor,g-418,m,organon,antiviral,may,dc,k,vessel,adrenal,lie,sigma,dextran sulfate,fibrezym,synthetic,release,muscle,a,its,anton,clin,u,murine,saline,f,y,line,s,q,neomycin,act,g,now
1712335,new,i,pa,harry,vasoconstrictor,"n,n-dimethylformamide",h,ng,ethanol,carvedilol,min,d,yohimbine,al,pres,box,prazosin,labetalol,l,brevital,dextrose,body,and,norepinephrine,propranolol,bht,heparin,p,guanethidine,river,map,glycerol,isoproterenol,m,hydralazine,cirazoline,may,k,pindolol,tor,phentolamine,sigma,dimethylformamide,nifedipine,polyethylene glycol,son,recovery,oxprenolol,release,muscle,a,its,clin,u,ici,saline,f,sem,y,s,w,vena,methohexital,g,epinephrine
1718682,new,i,potassium,pa,tak,allergen,prevent,ecg,theophylline,optimal,med,imm,nem,pol,pro,ltg,glucose,non,protection,agon,camp,h,ng,met,cough,nasal,overall,good,min,urs,d,des,adenylate,al,ura,condition,l,duration,hum,formoterol,body,and,fenoterol,regimen,cal,gas,allergy,ine,cgmp,way,adenyl,ap,p,inha,nix,diurnal,edinburgh,isoproterenol,adm,m,rise,alcohol,salmeterol,methacholine,inh,disodium cromoglycate,may,dc,better,k,tor,s 2000,cold,cog,max,goa,isoprenaline,target,fun,ies,release,muscle,a,its,u,equal,histamine,20a,f,dust,mita,sym,y,cromoglycate,line,s,q,w,berodual,g,pyruvic acid,gen,thb,tg,epinephrine
1722672,new,i,ice,testosterone,band,sodium dodecyl sulphate,non,h,ethanol,scr,overall,good,min,dht,sds,d,albumin,indomethacin,solution,al,dihydrotestosterone,dicumarol,l,sucrose,nadh,and,metabolite,metyrapone,iwata,way,p,adenin,m,alcohol,nadp,dm,may,k,sigma,cold,aldo,alcohols,a,its,pg,nicotinamide,quinone,serum albumin,u,f,y,dt,s,sheets,barbitone,diluted,g,tg,lanes,androgen
1722692,i,sci,ecg,med,vasoconstrictor,pep,non,h,ann,cough,reserpine,nasal,overall,min,d,des,al,l,body,and,propranolol,anginal,see,paracetamol,way,p,phenylpropanolamine,m,rise,may,better,k,analgesic,gradient,nifedipine,cold,nicardipine,speed,atenolol,phenylephrine,oxprenolol,release,a,its,caffeine,clin,u,equal,cough and cold,histamine,amphetamine,f,lh,dt,line,s,ascorbic acid,nasal decongestant,w,act,g
1730056,i,hand,kcl,sci,prevent,spermine,ref,phenylalanine,tam,heroin,non,h,homoharringtonine,ethanol,antibiotics,min,d,reanal,l,mbh,and,see,way,anisomycin,p,atp,phi,m,may,dc,k,sigma,cold,phe,a,its,mercaptoethanol,u,puromycin,f,ctp,y,creatine,s,w,diluted,g,lee,tris,rtp,gtp,t4c
1730582,ala,new,i,pa,sci,prevent,gly,glu,difluoromethylornithine,fast,pro,c212,threonine,spectrum,sodium dodecyl sulfate,bacterial,h,lys,rad,ethanol,cysteine,good,his,min,d,albumin,ser,plp,solution,rpm,al,pres,box,l,ampicillin,lysine,asp,glycine,phillips,urea,tyrosine,and,metabolite,asa,gas,val,light,p,l-cysteine,ornithine,salt,thioglycerol,arg,m,arginine,serine,diamine,histidine,may,pin,k,loc,sigma,gradient,cc,pyridoxal,dfmo,thiamine,speed,dodecyl sulfate,leucine,recovery,release,a,its,cys,react,pg,clin,serum albumin,glutamic acid,u,isoleucine,equal,thr,murine,streptomycin,f,y,pth,tryptophan,s,aspartic acid,tyr,q,w,act,g,now,putrescine,tris,h 8
1730767,ala,new,i,hand,gln,sci,ile,prevent,asn,cam,med,gly,imm,glu,sugar,pro,gcg,band,12-o-tetradecanoylphorbol 13-acetate,threonine,att,g418,cac,acetylglucosamine,n-acetyl-d-glucosamine,tnf,cd,bacterial,h,lys,ng,hyaluronan,met,cysteine,his,agg,min,sds,d,ser,al,prostaglandin e,box,ficoll,l,asp,glycine,urea,n-acetylglucosamine,ppt,lug,and,methionine,d-glucosamine,val,cit,see,heparin,clr,l20,p,gm-csf,glycerol,salt,cga,arg,star,ltr,get,nil,tcc,m,serine,tumor necrosis factor,trp,may,dc,better,k,myc,maintain,lie,chondroitin,sigma,gradient,cold,dextran sulfate,cog,speed,leu,target,phe,a,its,cys,glucosamine,atg,mercaptoethanol,chondroitin sulfate,hyaluronic acid,u,equal,thr,murine,collagenase,ici,il-8,f,tlt,y,line,s,carrier,aspartic acid,jan,tyr,q,lin,sheets,w,neomycin,act,phorbol ester,g,now,lee,tris,ttl,fin,hyaluronate
1731757,new,i,c663,insulin,c320,sci,prevent,kato,optimal,med,fast,band,dimer,adenine,glucose,non,inositol,h,ann,met,pyruvate,hold,crystal,overall,good,his,net,d,ser,adenylate,solution,al,l,cp,choice,fructose,nadh,body,c432,and,metabolite,see,imp,way,p,freeze,salt,atp,m,rise,ca2,vitamin d,cyclic gmp,ouabain,gmp,c205,may,better,k,maintain,sm,gradient,c423,fit,c329,inosine,c427,synthetic,phosphagen,recovery,release,muscle,a,its,adp,oestrogen,clin,u,saline,f,y,crystalline,c287,creatine,line,s,carrier,lin,neurol,w,g,now,gen,lee,gtp
1732532,new,i,hand,ice,kcl,acetone,pp 1,sci,advanced,ref,med,antitussive,tam,dextromethorphan,glucose,i-proh,non,protection,h,ethanol,crystal,overall,good,min,d,albumin,des,as 3,solution,al,bacitracin,etoh,l,etorphine,trypsin inhibitor,pentylamine,and,anesthetic,methionine,amide,at 10,see,light,phencyclidine,p,id5,c17,salt,m,alcohol,polyglutamic acid,trp,ki,may,better,k,sigma,cls,cbz,cold,dmso,target,progesterone,synthetic,d-n,pentagastrin,release,muscle,a,its,pg,fmt,haloperidol,serum albumin,glutamic acid,u,ether,histamine,collagenase,saline,lithium,f,y,thf,line,s,q,lin,w,diluted,g,now,harris
1738111,yohimbine,and,norepinephrine,p,isoproterenol,k,phentolamine,gradient,release,a,clonidine,cgs
1744096,new,i,ice,potassium,sci,prevent,ref,med,spectrum,fad,adenine,h,rad,overall,min,d,hog,folicacid,stoppers,al,condition,box,l,coa,s-adenosylmethionine,and,methionine,gas,cyanocobalamin,ine,see,light,hydroxocobalamin,p,atp,m,azm,may,k,sm,sigma,cc,2-me,ies,l-glutamate,cn-cbl,2-mercaptoethanol,a,its,c25,tetrahydrofolate,pg,mercaptoethanol,clin,oh-cbl,u,glutamate,f,adel,s,w,platinum,act,diluted,g,now,adenosylmethionine
1748153,new,i,potassium,prevent,choline,acr,glucose,d-tubocurarine,hemicholinium-3,h,dioxane,met,min,d,solution,al,reanal,box,pipecuronium,l,duration,body,and,norepinephrine,gas,physostigmine,p,enhance,blow,m,cocktail,organon,nicotine,ben,may,k,sm,sigma,tetrodotoxin,mecamylamine,release,muscle,a,its,atropine,pg,u,f,y,tubocurarine,s,q,w,act,g
1776688,new,i,hand,potassium,noise,med,1-propanol,choline,tetramethylammonium,bacterial,h,peroxide,tris buffer,min,d,solution,al,condition,l,propanol,and,physostigmine,light,ap,p,isotonic,salt,m,erase,dfp,may,k,assured,sigma,speed,max,recovery,at 7,a,its,clin,saline,f,y,line,s,q,hydrogen peroxide,lin,w,platinum,diluted,g,tris,phosphorofluoridate
1783326,new,i,med,pro,non,h,ifenprodil,lisuride,min,d,adenylate,solution,l,tyrosine,and,see,p,m,ca2,lsd,k,aspartate,forskolin,a,pg,maleate,u,saline,buspirone,glutamate,f,s,neurol,w,d2,g
1794016,phenylethylamine,new,i,pa,advanced,prevent,ferrous,pro,ferrous ions,l-methamphetamine,fad,reduced glutathione,triphosphate,non,protection,cd,h,ng,peroxide,gradual,l-amphetamine,pargyline,overall,good,lisuride,d,methamphetamine,al,glutathione,l,duration,2-phenylethylamine,bromocriptine,mbh,and,metabolite,glutathione disulphide,regimen,gas,l-dopa,see,light,ap,p,fluoxetine,metamphetamine,m,rise,dm,may,dc,better,k,maintain,aspartate,cc,dv,cold,amantadine,cog,gssg,release,a,its,tocopherol,levodopa,react,pg,haloperidol,u,amphetamine,f,y,methylamphetamine,s,prolong,q,adenosine triphosphate,hydrogen peroxide,ascorbic acid,w,g,neurotoxic,now,lee,fat,fin
1818332,new,cap,i,diphosphonate,gdp,sci,prevent,med,colcemid,fast,pro,band,daunomycin,spectrum,dimer,ansa,triphosphate,lux,taxol,cd,guanine,h,ann,methylene diphosphonate,antibiotics,cysteine,crystal,overall,his,min,dolastatin 10,sds,d,depsipeptide,solution,al,condition,l,macrolides,lysine,sucrose,put,asp,body,and,metabolite,nocodazole,at 10,guanosine,see,light,binds to tubulin,fl2,p,magnesium,enhance,vp-16,map,glycerol,magnesium ion,salt,magnesium ions,combretastatin,podophyllotoxin,arg,vincristine,atp,m,crc,denatured,chlorpromazine,may,better,k,8-anilino-1-naphthalenesulfonic acid,guanosine 5'-triphosphate,gradient,cc,cold,dmso,colchicine,target,synthetic,recovery,griseofulvin,release,a,its,cys,react,clin,u,ether,ltn,vinblastine,glutamate,f,y,tryptophan,ans,diethylstilbestrol,s,colcemide,q,lin,sheets,w,g,now,lee,gtp
1822319,d1,zuclopenthixol,and,better,a,haloperidol,d2
1830521,i,condition,choice,and,nafarelin,may,a,gnrh,s,danazol,gonadotropin-releasing hormone,g
1830565,d,chlorprothixene,a,haloperidol
1838579,new,i,ice,sci,med,ketanserin,h,ann,sas,methysergide,pargyline,overall,min,d,albumin,adenylate,l,ascorbate,frontal,and,p,river,nil,m,ki,may,dc,k,adrenal,sigma,cold,mianserin,htta,release,a,maleate,serum albumin,u,propylene glycol,murine,f,y,line,s,ascorbic acid,w,diluted,g,now,tris
1843561,hand,cimetidine,solution,and,nizatidine,a,histamine,ranitidine,metiamide
1845848,carboplatin,advanced,non,cyclophosphamide,cisplatin,and,mitomycin,ifosfamide,podophyllotoxin,a,doxorubicin,act,vindesine,etoposide
1847384,new,i,ice,sci,prevent,imm,nitrazepam,camp,h,ng,lesterol,overall,good,min,clonazepam,d,l,luteinizing hormone,flunitrazepan,and,metabolite,amide,at 10,light,p,flunitrazepam,m,legend,acth,may,k,adrenal,tor,hydroxyprogesterone,fit,cold,pregnenolone,progesterone,adrenocorticotropin,trilostane,a,its,aminoglutethimide,pg,diazepam,u,cholesterol,saline,20a,f,flumazenil,y,s,q,w,act,diluted,g,cholesterol sulfate,2-10,lee,aminobutyric acid,horse,gtp
1852778,and,nitric oxide
1860838,new,cap,i,sci,pro,phosphatidylcholine,choline,sodium dodecyl sulfate,inositol,h,sodium dodecyl sulfate solution,min,net,d,albumin,solution,al,arachidonic acid,condition,l,and,at 10,see,way,ap,p,ic1,m,ca2,legend,may,arachidonate,k,mepacrine,sigma,dodecyl sulfate,flc,at1,release,a,its,clin,serum albumin,u,prompt,f,y,line,s,neurol,w,neomycin,phorbol ester,g,arachidonicacid,gen,gtp
1863523,i,ice,sci,prevent,optimal,diphenidol,procyclidine,h,atropine sulfate,overall,good,min,d,albumin,al,bacitracin,l,sucrose,asp,agp,pirenzepine,and,see,difenidol,p,isotonic,m,trasylol,ki,better,k,aspartate,sigma,cold,pyrido,speed,alcohols,muscle,a,its,atropine,pg,serum albumin,u,equal,f,y,penicillin,line,s,m3,w,diluted,g,tris,scopolamine
1868500,i,prevent,nicotinic acid,hmg-coa,coa,choice,and,hmg,lumen,a,cholesterol,s,probucol,neomycin,act
1885257,adenosine deaminase,and,3-propylxanthine,release,a,its,caffeine,s
1886988,ibuprofen,protection,indomethacin,and,diethylcarbamazine,may,arachidonate,better,aspirin,pge2,piroxicam,a,equal
1901209,new,i,sci,acetazolamide,dichlorphenamide,optimal,band,apomorphine,glucose,non,h,ng,tris buffer,benzolamide,methazolamide,min,d,albumin,coz,l,cp,sucrose,trypsin inhibitor,frontal,and,norepinephrine,acetamide,ethoxzolamide,propranolol,at 10,pyrilamine,see,p,freeze,river,salt,m,crc,organon,may,k,eleven,hydrochlorothiazide,sigma,gradient,mianserin,eagle,gh,recovery,fungizone,at 7,muscle,a,its,atropine,pg,haloperidol,serum albumin,u,norton,murine,streptomycin,f,sem,penicillin,s,w,g,tris,tg,scopolamine
1908244,new,i,sci,advanced,estramustin,ref,testosterone,fast,non,taxol,perform,h,ethanol,min,net,sds,d,albumin,estramustine,solution,al,box,l,asp,body,and,at 10,see,light,heparin,way,binds to tubulin,leo,p,map,estradiol,glycerol,m,legend,estramustine phosphate,may,k,gradient,dmso,colchicine,a,its,serum albumin,u,vinblastine,f,y,line,s,aspartic acid,w,l-aspartic acid,g,estracyt,gtp
1912125,new,i,ice,sci,prevent,optimal,cimetidine,thiothixene,gaba,hydro,h,plo,cya,trifluoperazine,l-histidine,good,pmz,min,net,d,al,condition,l,cp,frontal,and,see,phenothiazine,ttx,p,diphenylpyraline,nac,m,ron,antihistamine,chlorpromazine,ki,histidine,may,k,medicated,cold,i50,eta,release,cortico,muscle,a,thyrotropin,haloperidol,clin,u,histamine,f,sem,mita,y,s,q,w,mepyramine,g,s-4,promethazine
1944305,pregnenolone,bacterial,solution,freeze,glycine,i,trilostane,nadh,cp,ethanol-,lanes,portal,dhea,adrenal,agg,sucrose,progesterone,prol,see,mercaptoethanol,isopropanol,harry,hydroxyprogesterone,ng,hand,sds,m,y,d,g,sigma,ref,l,estradiol,phenobarbital,datp,growth hormone,recovery,h2o2,kato,testosterone,glycerol,tris,biotin,ann,diane,k,light,sodium dodecyl sulfate,may,release,dodecyl sulfate,u,mops,min,dehydroepiandrosterone,rad,protection,better,f,pg,2-mercaptoethanol,gradient,androstenedione,cc,optimal,c19,its,ap,androgen,and,w,deoxycholate,acth,p,nadp,ethanol,eagle,s,ficoll,new,cecil,sci,a,dc,gh,advanced,citrate,flutamide,h,cold,care,iron
1957124,i,nem,muscle,ethanol-,al,duration,sucralfate,sucrose,see,clin,hand,m,y,d,g,l,indomethacin,light,may,release,med,protection,f,non,its,and,w,p,spectrum,now,sucrose octasulfate,ethanol,s,new,ethylmaleimide,gastro,aspirin,sci,a,band,epidermal growth factor,h,histamine,egf,heparin
1962798,epinephrine,yohimbine,guanabenz,norepinephrine,may,bethanidine,and,p,s,reserpine,a
1965307,i,ca2,adrenal,calmodulin,y,light,may,its,and,w,acth,pimozide,trifluoperazine,a,cholesterol
1965892,cpf,i,as 3,synthetic,lanes,al,vitamin a acid,river,see,retinol,m,y,d,all-trans-retinoic acid,g,l,body,his,retinoid,k,may,u,retinoic acid,f,denatured,carrier,its,and,w,p,pa,retinoids,murine,s,new,sci,vitamin a,dm,a,commit,cd,etretinate,trans-retinoic acid,h
1966571,loxapine,d2,m,l,may,amoxapine,gaba,and,ki,d1
1968366,2-propanol,ici,i,muscle,procaterol,good,al,cyclic adenosine monophosphate,des,metoprolol,cir,see,propanol,clin,atenolol,rise,ng,hand,m,y,d,g,l,fit,l20,allergy,ice,fhm,isoprenaline,erythro,lib,ann,k,may,release,u,adenosine monophosphate,min,med,sem,prednisone,camp,f,digoxin,pg,its,propranolol,and,anton,w,p,prevent,adenylate,pa,overall,s,act,new,meth,isoproterenol,sci,o-o,a,gpp,h,cold,pro,dv,at 7,snow
1969947,mianserin,solution,cisapride,i,ca2,ketanserin,luminal,al,salt,cyclic adenosine monophosphate,2tn,clin,morphine,rise,m,y,d,g,sigma,q,l,atropine,antagon,k,may,u,adenosine monophosphate,min,med,f,non,its,lumen,and,tetrodotoxin,w,p,now,s,act,saline,brl 24924,sci,a,h,net,heparin
1970337,sucralfate,growth hormone,may,protection,pg,and,ethanol,aspirin,gh,egf
1970615,solution,i,muscle,al,see,d2,hand,m,y,d,sodium pentothal,g,histamin,q,l,atropine,pentothal,his,phentolamine,maleate,antazoline,brompheniramine,k,light,may,u,min,f,mepyramine,its,line,dextrose,and,w,p,pa,overall,condition,s,new,ki,a,dt,cd,famotidine,h,histamine
1973034,l-tyrosine,i,good,al,adrenal,see,m,l-phenylalanine,d,g,sigma,q,l,l-p-tyrosine,ice,tyrosine,legend,erythro,l-dopa,jan,k,p-tyrosine,equal,u,min,phenylalanine,sm,tetrahydrobiopterin,f,4-dihydroxyphenylalanine,non,its,and,w,p,prevent,overall,s,new,dihydroxyphenylalanine,sci,a,cd,methyltyrosine,h,cold,glucose,net
1976401,alprenolol,2-propanol,solution,ici,cisapride,i,ca2,regitin,muscle,fat,al,river,practolol,domperidone,see,propanol,hydrocortisone,clin,atropine sulphate,atenolol,hand,m,y,d,g,transit,surg,sigma,l,norepinephrine,naloxone hcl,fit,atropine,pindolol,his,legend,phentolamine,indomethacin,isoprenaline,maleate,erythro,bupranolol,ranitidine,fil,k,light,may,ritodrine,u,min,3-isobutyl-1-methylxanthine,f,mepyramine,non,its,naloxone,verapamil,fl2,line,propranolol,and,target,max,tetrodotoxin,w,p,prevent,adenylate,cyclic amp,s,act,new,gastro,isoproterenol,sci,a,ascorbic acid,cd,chlorophenol,orciprenaline,eglen,ibmx,methysergide,h,histamine,choice
1977506,i,peroxide,al,clin,lee,rise,m,y,d,g,pcg,q,l,allergy,platelet activating factor,k,may,release,u,prolong,min,med,gradient,non,optimal,and,p,murine,s,allergen,hydrogen peroxide,sci,gm-csf,a,cd,tnf,h
1978244,ca2,good,norepinephrine,methoxamine,alkylating agent,and,a
1979424,piperazine,mianserin,i,al,ps,sucrose,river,yohimbine,clin,clonidine,prazosin,m,y,d,g,q,l,norepinephrine,lia,ice,pfizer,phentolamine,tris,buspirone,k,light,may,equal,release,u,min,cls,metabolite,mgso4,f,non,its,diluted,and,w,p,pa,s,new,ki,sci,a,ascorbic acid,cd,h,cold,glucose
1979630,solution,ici,i,muscle,procaterol,al,coz,at 10,see,m,d,g,l,pindolol,isoprenaline,erythro,vasoconstrictor,k,may,u,min,f,optimal,line,labetalol,propranolol,and,p,pa,s,new,sci,a,h,gen,glucose,ic1
1979798,solution,i,muscle,al,at 10,prazosin,d2,m,d,g,met,l,dmso,terfenadine,k,may,u,alcohol,sem,metabolite,f,antihistamine,mepyramine,its,diluted,verapamil,and,w,cetirizine,p,s,saline,sci,nitrendipine,a,dc,h,histamine,care
1980236,i,aldosterone,muscle,fat,al,duration,glucagon,metoprolol,epinephrine,yohimbine,see,clin,atenolol,clonidine,prazosin,m,y,d,g,ref,l,norepinephrine,body,pfizer,phentolamine,intralipid,tor,hydrochlorothiazide,leader,k,may,release,u,min,med,cox,son,methychlothiazide,nadolol,f,non,its,propranolol,and,w,p,pa,insulin,overall,s,act,new,hypoten,isoproterenol,methyclothiazide,dm,a,dt,dc,fatty acids,cholesterol,bos,h,rap,glucose
1982265,methylenedioxymethamphetamine,solution,i,fluoxetine,"3,4-methylenedioxymethamphetamine",mdma,good,al,salt,duration,m,d,g,q,l,stim,his,coronal,platinum,amphetamine,k,release,u,min,med,metabolite,ine,f,carrier,and,w,p,ecstasy,s,cocaine,a,ascorbic acid,methysergide,h,glucose
1983158,morphine,hand,cimetidine,ranitidine,cyclizine,naloxone,and,s,saline,analgesic,a,histamine,tripelennamine
1986546,thrombin
2004037,good,m,dexamethasone,its,betamethasone,and,new,a,loteprednol
2011412,dimer,estriol,hand,g,estrone,estradiol,4-hydroxytamoxifen,hydroxytamoxifen,tamoxifen,stilbestrol,may,clomiphene,non,its,and,act,a
2011590,solution,dimer,i,as 3,muscle,sodium salicylate,b3,al,lin,gtp,vinblastine,serum albumin,at 10,see,glutamate,mercaptoethanol,combretastatin,albumin,rise,hand,sds,m,y,d,g,q,ref,l,glycerol,k,light,may,colchicine,u,min,tubocurarine,better,d-tubocurarine,f,urea,potassium,tryptophan,its,diluted,and,w,p,spectrum,gradual,ethanol,cysteine,benzoic acid,taxol,s,act,new,salicylate,sci,a,vlb,podophyllotoxin,band,enhance,h,cold,net
2027917,i,synthetic,muscle,cp,fat,al,lin,river,see,clin,m,y,d,g,met,sigma,q,l,m3,frontal,atropine,ice,pirenzepine,cocktail,tris,k,may,equal,u,min,f,non,its,line,and,w,p,pa,now,cyclic amp,condition,s,new,procyclidine,ki,scopolamine,sci,a,eric,h,choice
2067140,ether,solution,i,luminal,muscle,ethanol-,al,cysteamine,ym-11170,at 10,clin,absolute ethanol,hand,m,cimetidine,y,d,g,surg,sigma,l,sodium taurocholate,atropine,ice,recovery,indomethacin,pirenzepine,h2so4,ranitidine,k,may,way,taurocholate,release,alcohol,min,med,protection,salicylic,f,glucosamine,mk-208,non,its,lumen,and,w,p,prevent,adenylate,ethanol,condition,s,new,saline,aspirin,sci,kcl,a,famotidine,h,cold,histamine,laser,dv,glucose,methylcellulose
2087492,i,physostigmine,good,al,moran,ceruletide,atropine sulfate,arginine,at 10,chlorpromazine,d2,thyrotropin,m,y,d,g,l,caerulein,dmso,thr,phy,atropine,kato,amphetamine,lib,k,light,may,release,u,min,f,d-phe,phe,arginine-vasopressin,non,its,diluted,and,cys,w,p,cerulein,s,saline,sci,a,haloperidol,d1,h,vasopressin
2108722,ether,human fsh,ecm,solution,dimer,i,synthetic,al,gcg,sucrose,coz,tsh,see,fsh,sheets,ng,m,y,d,g,sigma,q,l,estradiol,fit,a 300,methylisobutylxanthine,50-28-2,lh,acetone,testosterone,63-05-8,iodine,ann,k,light,may,u,min,mix,protection,f,pg,gradient,androstenedione,optimal,its,fl2,crystal,and,leo,cys,w,p,pa,cysteine,condition,s,new,sci,a,dt,carol,9002-68-0,h
2113031,i,nem,nadh,vitamin k,sucrose,isopropanol,lee,ng,m,y,d,g,quinone,sigma,q,l,benzoquinone,eposide,s-warfarin,tris,bc,phylloquinone,ann,k,may,menadione,release,u,alcohol,min,med,rad,metabolite,cholate,f,pg,gradient,non,its,warfarin,and,max,w,p,coumarin,dicoumarol,spectrum,overall,ethanol,condition,epo,s,act,new,salicylate,ki,e.f,kcl,a,dt,hydroquinone,h,i3c,sherman
2114832,nicotinamide,solution,l-tyrosine,i,antimicrobial,reduced nicotinamide adenine dinucleotide,lysine,al,arginine,see,clin,m,y,d,g,sigma,l,acne,dicarboxylic acid,box,tyrosine,k,may,u,min,med,sm,cox,f,nicotinamide adenine dinucleotide phosphate,its,and,w,p,azelaic acid,histidine,azelaic,s,new,ki,sci,a,adenine,h,clz,iron,glucose
2120386,mazindol,norepinephrine,and,cocaine,a,nomifensine
2120879,phenothiazine,zide,i,ca2,muscle,inositol,horse,cal,al,ps,tsh,clin,chlorpromazine,thyrotropin,rise,calmodulin,m,y,d,g,sigma,l,ouabain,stim,growth hormone,d600,phenytoin,lh,isoprenaline,ann,k,may,equal,colchicine,release,"adenosine 3',5'-monophosphate",u,min,med,sem,camp,f,cc,optimal,its,cel,ap,verapamil,line,and,target,tetrodotoxin,w,acth,p,depen,insulin,cyclic amp,condition,forskolin,pimozide,s,lactin,trifluoperazine,luteinizing hormone,a,gh,h,pro,glucose
2125244,fast,i,serine,lysine,al,gtp,map,serum albumin,arginine,see,albumin,threonine,sds,calmodulin,m,y,estramustine phosphate,d,g,sigma,q,l,tyrosine,k,may,equal,min,camp,f,non,atp,line,and,leo,w,p,histidine,cyclic amp,cysteine,s,new,asp,e.f,sci,a,cap,h,cold,cp7,estramustine,net
2137975,gonadotropin-releasing hormone,danazol,may,nafarelin,and
2140979,d,lh,rise,g,goa,cd,ng,amide,solution,son,dexamethasone,sm,ltg,net,p,advanced,m,glycine,testosterone enanthate,tyr,l,hmg,progesterone,med,human menopausal gonadotrophin,diethylstilbestrol,cont,agon,follicle stimulating hormone,hum,d1,enhance,a,buserelin,androgen,maintain,nasal,choice,aspartate,stilboestrol,synthetic,new,danazol,pin,allay,protection,condition,gonadorelin,gh,luteinizing hormone-releasing hormone,boy,gonadotropin releasing hormone,lutein,regimen,max,stim,k,overall,h,its,luteinizing hormone,androstenedione,naphthylacetic acid,s,gradual,adenine,luteum,and,lin,salt,u,lhrh,hand,y,d2,may,i,adrenal,muscle,now,lh-rh,d-n,menotropins,glycocholate,pg,albumin,see,testosterone,light,flavine-adenine dinucleotide,pro,al,ann,release,estradiol,fsh,chorionic gonadotrophin,fad,f,dt,gnrh,dehydroepiandrosterone,norethisterone,phi,duration,w,body,as 3,nafarelin,goserelin,gonadotropin-releasing hormone,neo,recovery,dc,hold,line,moi
2144185,d,carboxyatractyloside,gradient,g,solution,succinate,non,p,m,l,box,sci,a,q,tris,maintain,new,act,ap,adp,potassium,k,potassium acetate,h,its,myxothiazol,s,valinomycin,way,better,carrier,and,"2,4-dione",salt,u,hand,may,i,halothane,albumin,see,biuret,al,ref,aeh,f,atp,agp,sucrose,ethanol,almitrine,w,line
2148481,d,lh,g,solution,triphosphate,net,non,p,ice,m,l,box,dm,sci,cam,med,cold,dodecyl sulfate,a,o-o,phenothiazine,tris,orion,jam,bepridil,target,act,sodium dodecyl sulfate,pfizer,crystalline,good,protection,condition,histamine,stim,k,overall,prevent,h,its,cal,s,way,gradual,sigma,vera?,and,verapamil,spectrum,salt,u,at 10,hand,red cells,may,i,ino,pg,clin,nifedipine,light,histidine,al,kcl,ouabain,fit,f,ether,atp,ami,vessel,diluted,min,calmodulin,ca2
2148726,d,his,piperazine,haloperidol,g,metoprolol,solution,saline,sm,net,scopolamine,non,p,m,l,box,sci,adenylate,med,a,frontal,choice,haldol,new,pindolol,methysergide,k,h,its,mianserin,fl2,s,dimethyltryptamine,way,buspirone,sigma,propranolol,and,salt,u,i,cyproheptadine,now,see,organon,"n,n-dimethyltryptamine",al,f,diluted,min,forskolin,w,body
2151003,buserelin acetate,d,his,lh,leu,g,lap,solution,des,son,acne,p,advanced,m,glycine,que,tyr,l,progesterone,med,progestins,rock,enhance,a,buserelin,nostril,q,nasal,synthetic,new,arg,danazol,gh,regimen,k,h,its,progestin,luteinizing hormone,ser,s,nilutamide,luteum,and,cholesterol,synarel,gly,lin,u,lhrh,y,care,may,i,medroxyprogesterone acetate,muscle,now,equal,glycocholate,corson,clin,albumin,pro,al,12h,ann,release,estradiol,fsh,medroxyprogesterone,trp,f,leuprolide acetate,gnrh,duration,w,body,nafarelin,goserelin,gonadotropin-releasing hormone,line
2154737,d,amperozide,ki,g,ketanserin,clozapine,non,p,formate,ice,m,l,box,h-8,sci,adenylate,clonidine,d1,a,tris,lithium,formic acid,methysergide,atropine,good,histamine,k,guanine,h,its,inositol,s,sigma,gaba,and,u,d2,i,phentolamine,clin,light,prazosin,al,f,leo,norepinephrine,min,w,cocktail
2156274,d,rad,lib,g,sep,serum albumin,p,m,l,sci,adenylate,cold,phe,a,tris,target,polyethylene glycol,synthetic,new,epinephrine,pal,adrenocorticotropic hormone,k,h,its,adrenocorticotrophin,nle,iodine,s,way,and,u,at 10,hand,may,i,adrenal,muscle,corticotrophin,methionine,equal,albumin,see,light,phenylalanine,al,ann,release,f,norepinephrine,sucrose,acth,norleucine,tris buffer,min,acth(1-24),cyclic amp,tyrosine,corticotropin,w,adrenocorticotropin,txl
2157221,a,k,and,muscle,cgmp,bethanidine
2165421,d,glucose 6-phosphate,carboxyatractyloside,e 2,gradient,g,succinate,serum albumin,non,p,ice,m,l,put,sci,adenylate,cold,a,q,tris,jam,new,adp,cox,potassium,k,potassium acetate,h,its,val,harris,s,valinomycin,way,better,carrier,adenine,and,salt,u,y,glucose,may,i,ioc,equal,albumin,see,biuret,al,ref,f,atp,sucrose,almitrine,min,w,line,legend
2167458,d,sds,ki,rise,g,diethyl ether,solution,react,serum albumin,red oil,non,p,m,l,isopropanol,sci,med,enhance,a,q,maintain,cocaine,new,lidocaine,protection,k,band,prevent,h,procaine,its,gas,s,carrier,sigma,tetrodotoxin,and,sem,salt,u,hand,anesthetic,y,may,i,muscle,quinacrine,now,albumin,see,al,benzoate,ref,f,ether,min,w,btx-b
2175153,levonorgestrel,desogestrel,progesterone,norgestimate,a,androgen,synthetic,aldosterone,and,3-ketodesogestrel,body
2182794,d,his,abn,g,sep,p,m,l,scot,med,a,frontal,surg,new,condition,boy,k,girl,h,sah,cp,s,neurol,and,u,y,may,i,thwart,now,light,al,f,duration,w,sinus
2189902,d,penbutolol,dial,piretanide,anginal,isoproterenol,ps,g,metoprolol,p,m,l,pa,med,cold,captopril,nadolol,a,maintain,pranolol,synthetic,new,pindolol,reserpine,oxprenolol,acebutolol,regimen,celiprolol,k,overall,prevent,h,its,harry,hydrochlorothiazide,fast,s,furosemide,nitroglycerin,propranolol,alprenolol,and,2-10,u,y,may,i,ecg,glycerol,hydralazine,muscle,equal,clin,isa,prazosin,pro,labetalol,al,release,lee,metabolite,f,levatol,duration,bena,w,dc,atenolol,sinus
2207500,d,magnesium,sds,gradient,g,mops,solution,p,m,l,sci,acetone,a,q,mercaptoethanol,tris,bepridil,target,freeze,new,act,noise,histamine,9ar,k,band,overall,h,its,fast,s,better,sigma,perhexiline,and,spectrum,u,y,may,i,glycerol,muscle,perhexilene,pg,diazole,urea,light,al,ann,release,kcl,metabolite,fit,f,cysteine,atp,ethanol,diluted,calmodulin,cyclic amp,antihistamine,w,milli,line,legend,ca2,cocktail
2226440,ethylmaleimide,l,a,ferrous,h,s,l-noradrenaline,and,n-ethylmaleimide,phenylalanine,l-phenylalanine,tyrosine
2226620,d,ki,indapamide,niflumic acid,bumetanide,g,hctz,chlorthalidone,des,non,p,ice,m,l,sci,med,cold,a,tris,target,new,act,good,metolazone,hydroflumethiazide,k,h,its,hydrochlorothiazide,s,furosemide,sigma,and,u,ethacrynic acid,y,may,i,ino,muscle,acetazolamide,equal,hno,al,"acid, niflumic",ann,f,met,min,triamterene,w,line
2236897,ki,ethopropazine,a,atropine,and,may,pirenzepine
2248058,d,phenylethylamine,p,m,benzylamine,l,pa,clorgyline,isocarboxazid,a,minaprine,new,epinephrine,good,roche,k,h,its,s,and,moclobemide,y,may,i,muscle,al,metabolite,f,norepinephrine,min,w,neurotoxic
2253700,d,ki,bc,g,ng,solution,difenidol,p,ice,m,l,sci,tg,cold,a,tris,atropine,isotonic,tricyclamol,tlt,procyclidine,k,overall,prevent,ral,h,its,atg,speed,procyclidin,s,better,optimal,ste,sigma,dty,atropine sulfate,and,u,hand,y,zig,may,i,muscle,equal,pg,see,al,ann,map,fit,f,ags,sucrose,diluted,w,pirenzepine,streptomycin,line,pyrido
2262902,ethanol-,p,a,theophylline,s,and,i,enprofylline,ethanol,cyclic amp
2268554,ki,norgestrel,acne,progestins,a,synthetic,progestin,trilostane,pregnenolone,norethindrone,and,dehydroepiandrosterone,cyproterone,cyproterone acetate
2277128,d,rad,ici,mph,g,cd,solution,net,penicillin,non,p,phy,m,l,d1331,dm,med,tg,oxicam,surgam,cold,acetone,diclofenac,tpa,a,tris,surg,new,naproxen,d1323,k,overall,ral,h,its,aspirin,harris,fast,tolmetin,d1340,s,d1333,sigma,and,spectrum,u,d1321,d1342,may,i,indomethacin,d1319,pg,salicylate,clin,d1341,see,d1330,sulindac,hyaluronate,al,f,tris buffer,min,w,ibuprofen,d1334,streptomycin
2307235,d,g,cd,solution,react,des,river,non,p,m,l,sci,a,ap,chlorotrianisene,k,h,its,s,and,methoxychlor,y,phenobarbital,may,i,albumin,citrate,al,ann,estradiol,metabolite,f,ornithine,dt,cysteine,tace,ethanol,vessel,min,tamoxifen,w,body
2326286,d,lh,g,ng,p,m,l,progesterone,pa,med,a,androgen,q,tris,target,new,act,danazol,k,norton,luteinizing hormone,s,way,estradiol benzoate,sigma,and,y,may,i,glycerol,medicated,pg,testosterone,light,al,release,estradiol,benzoate,fsh,f,ether,duration,min,w,keoxifene,flutamide
2331571,d,his,tubocurarine,rise,g,cd,solution,non,p,m,l,sci,a,dextrose,q,new,act,glutamate,quisqualate,1-amino-4-guanidobutane,quisqualic acid,k,prevent,gen,arginine,h,c02,s,way,better,sigma,concanavalin a,tetrodotoxin,and,decamethonium,u,hand,glucose,may,i,adrenal,muscle,see,light,al,agmatine,ann,f,diluted,duration,min,cyclic amp,w,body,choline,line
2351672,d,his,magnesium,leu,g,mops,cd,solution,p,m,tyr,l,sci,cam,med,phe,a,glu,q,tris,bepridil,freeze,new,lys,trifluoperazine,cox,9ar,cys,potassium,k,band,overall,h,its,val,speed,fast,s,m3,sigma,and,spectrum,u,hand,crystal,y,may,i,muscle,methionine,see,light,al,release,kcl,patch,ref,f,ile,met,min,calmodulin,w,milli,line
2361169,d,tubocurarine,ps,g,ethopropazine,solution,saline,non,p,m,l,ecothiopate,diisopropyl fluorophosphate,a,new,ap,atropine,rmp,potassium,k,prevent,h,its,harris,speed,s,neurol,creatine,and,u,at 10,pdp,glucose,may,i,muscle,halothane,bos,phospholine,atropine sulphate,al,12h,release,fluorophosphate,f,diluted,duration,min,w,recovery,dfp
2378927,d,g,amitriptyline,solution,saline,p,m,adm,l,amphetamine,med,d1,enhance,a,q,new,act,methysergide,noise,k,gen,h,its,pimozide,imipramine,s,and,pol,y,d2,may,i,maj,now,apomorphine,see,light,al,phillips,f,sucrose,min,w
2386110,d,bloom,g,des,dexamethasone,non,sodium molybdate,p,ice,m,l,med,a,org 6216,tris,new,rimexolone,flunisolide,k,triamcinolone,h,its,progestin,speed,fast,s,sigma,hydrocortisone,and,lin,u,y,i,glycerol,clin,organon,lee,ref,metabolite,f,ethanol,min,triamcinolone acetonide,w,cls,rpm
2386945,d,staurosporine,haloperidol,ici,g,ng,solution,saline,propidium,12-o-tetradecanoylphorbol-13-acetate,glutamine,bromocryptine,non,p,hydroxytamoxifen,thymidine,ice,m,egf,l,oestrogen,zide,progesterone,sci,pa,med,diethylstilbestrol,cold,doxorubicin,enhance,a,diane,phenothiazine,tris,target,new,camp,act,trifluoperazine,condition,histamine,1do,kato,myc,k,prevent,h,its,pimozide,cal,s,gradual,sigma,and,insulin,salt,u,epidermal growth factor,y,may,i,medroxyprogesterone acetate,muscle,cb-154,equal,chlorpromazine,clin,ben,see,light,pro,eagle,al,ann,estradiol,lee,medroxyprogesterone,4-hydroxytamoxifen,mpa,f,gentamicin,ethanol,dimethyl sulfoxide,min,calmodulin,oestradiol,tyrosine,tamoxifen,propidium iodide,w,dc,ifen,line,ca2,nim