7750284,puromycin,ru 486,"4-pregnene-3,20-dione",g418,desogestrel,"pregnene-3,20-dione",3-keto-desogestrel,cyproterone acetate,ethinylestradiol,estradiol valerate,21-dihydroxy-3,r1881,3-ketodesogestrel
7750291,norgestrel,ethynylestradiol,estradiol valerate,norgestimate
7751968,nomifensine
7752578,dimethyl sulfoxide,amphotericin b,trichlormethiazide,sodium chloride
7755585,13-cis-retinoic acid,vitamin a,retinoic acid,all-trans-retinoic acid,acitretin,trans-retinoic acid,"retinoic acid, 13-cis-",cis-retinoic acid
7755615
7761270,pentolinium,trimetaphan,mecamylamine hydrochloride,mecamylamine,tubocurarine
7768881,brl49653
7769797,frusemide,ro 42-5892,remikiren
7773533,prazosin,1oim,pargyline,"n,n-dimethylformamide",nicardipine,absolute ethanol,phentolamine,mgso4,alkylating agent
7773620,inverse agonist,prazepam,aminobutyric acid,fl2,tifluadom,pyrido,i84
7800667,remoxipride,caerulein,ketanserin
7809062,"d-fructose 1,6-bisphosphate",2-mercaptoethanol,"fructose 1,6-bisphosphate",polyethylene glycol,carbox,zncl2,mercaptoethanol
7824160,methylenedioxymethamphetamine,inosital,ketanserin,dihydroxyphenylalanine,4-dihydroxyphenylalanine,"3,4-methylenedioxymethamphetamine",phorbol ester
7828655,aminobutyric acid,datp,glutamic acid,flupenthixol,absolute ethanol
7831422,aminobutyric acid,at 10,neurol,gamma-aminobutyric acid,progabide,picrotoxin,propylene glycol
7832763,retinoic acid,mefenamic,ketoprofen,piroxicam,flufenamic acid,arachidonic acid,aspartic acid,mefenamic acid,arachidonate
7843749
7848904,phorbol 12-myristate 13-acetate,decamethonium,myristate
7849137,orciprenaline sulphate,potassium chloride solution,orciprenaline,p41,dipyridamol,cinolazepam,potassium chloride,diethyl ether,sodium chloride,alupent
7851817,1-menthol,bestatin,arachidonic acid,acetylsalicylic acid,l-menthol,menthol and methyl salicylate
7855217,astemizole,3h]pyrilamine,pirenzepine,mequitazine,prazosin,mepyramine,cyproheptadine,atropine sulfate,ketanserin,ketanserin tartrate,chlorprothixene,pyrilamine,pimozide,htta,procyclidine,brompheniramine,adinazolam
7856330,zonisamide
7858879,h835,bosentan,cardioplegic,phosphoramidon,ro 47-0203,nitric oxide,edrf,nitrol,mgso4,endothelium-derived relaxing factor
7862741,secobarbital,mephobarbital,barbital,amobarbital
7865862,prochlorperazine,dactinomycin,paspertin,alizapride,holoxan,tropisetron,endoxan,domperidone
7872378,leuprolide acetate,buserelin,e 2,menotropins,luteinizing hormone,chorionic gonadotropin,follicle stimulating hormone,metrodin,clomiphene citrate,human fsh,urofollitropin,human chorionic gonadotropin,gonadotropin-releasing hormone
7873420,desflurane,red cells,enflurane,serum albumin,2-propanol,propanol
7875228,guanosine 5'-triphosphate,norepinephrine bitartrate,sodium dodecyl sulfate,trizma,l98,l-norepinephrine,c253,prazosin,methoxamine,phorbol ester,dodecyl sulfate
7882570,adenosine monophosphate,ficoll,at 10,oxprenolol,okt3,forskolin,cachectin,anti-cd3,tumor necrosis factor-alpha,tumor necrosis factor,rolipram,isoproterenol,aminophylline
7885191,dimethyl sulfoxide
7898101,nilvadipine
7898773,htta,inverse agonist,pargyline
7903385,guanabenz
7906055,agmatine,hql,ao2,mgso4
7908055,chloroprothixene,pimozide,amperozide
7908256,bm 14.190,isoproterenol,c25,digitoxin,pindolol,isoprenaline
7909690,ribonucleoside,benzamidine,atovaquone,orotate,dtmp,balanced salt solution,dimethyl sulfoxide,l-aspartate,balanced salt,gentamycin
7911332,flurazepam,bromazepam
7912539,alprenolol,fenoterol,ritodrine,cyclic amp,isoproterenol,nadolol,pindolol,isoprenaline
7918347,propericiazine
7921608,methohexitone,brietal,ro 47-0203,frusemide,edrf,bosentan,serum albumin,phosphoramidon
7925603,adenosine monophosphate,"1,3-dimethylxanthine",7-trimethylxanthine,hydroxypropyltheophylline,pentoxifylline,"adenosine 3',5'-monophosphate",polyethylene glycol,5'-amp,peridol,dimethylxanthine,forskolin,"1,3,7-trimethylxanthine",7-dimethylxanthine,thiothixene,cyclic amp,dyphylline,timolol,isobutylmethylxanthine,isoproterenol,domperidone,flupenthixol,"3,7-dimethylxanthine",ketanserin,aminophylline
7926307,streptozotocin,at 10,streptozocin
7928182
7929150,exm,cresol purple,benzamidine,ethoxzolamide,mercaptoethanol,chlorophenol
7948825,sucralfate,vitamin b12,epidermal growth factor
7952157,methimazole,carbimazole,thyrotropin,n 10,propylthiouracil,thiamazole
7957034,carfentanil,neurol,pre-op,diprenorphine
7959748
7961725,n 10,deoxyuridylate,l-histidine,dimethyl sulfoxide,mercaptoethanol,at 10,at 7,2'-deoxyuridylate,oxypurinol,5-ethynyluracil,5-iodouracil
7961794,retinoic acid,potassium acetate,iodomelatonin,indole-3-acetic acid,2-iodomelatonin,vitamin d,n-acetyl serotonin,cis-ra,cis-retinoic acid,9-cis-ra
7962113,e-aminocaproic acid,aminocaproic acid,eaca,dodecyl sulfate,vitrum,ukidan,serum albumin,pa1,aminocaproic,sodium dodecyl sulfate
7963258,mecamylamine,trimethaphan,tubocurarine,d-tubocurarine
7969507,fenoterol,fenoterol hydrobromide,fl2,brietal,erythro,propan-2ol,80g,atropine sulphate,isoprenaline,methohexital,serum albumin
7981009,celiprolol,nadolol,pindolol,sodium chloride,isoprenaline
7981624
7984281,ketanserin,clorgyline,mercaptoethanol,at 10,diethyl ether,flurazepam,amoxapine,2-mercaptoethanol,aminobutyric acid,m.o.s,a 300,gamma-aminobutyric acid,imipramine hydrochloride,mianserin,lysergic acid diethylamide,day time,sodium chloride,tetrabenazine
7989460,oestradiol,trilostane,repro,"win 24,540"
7994817
7995016,n-methylamphetamine,clorgyline,beta-phenylethylamine,d-methamphetamine,methylamphetamine,2-phenylethylamine,neurol,pargyline,phenethylamine hydrochloride,benzylamine,l982
7996177,hydroxyprogesterone,trilostane
7996307,clomiphene citrate,cyproterone acetate,factrel,luteinizing hormone,danocrine,lhrh,lupron depot,d-trp,synarel,medroxyprogesterone acetate,nafarelin,danazol,norethindrone,human chorionic gonadotropin,leuprolide acetate,chorionic gonadotropin,goserelin,gonadotropin-releasing hormone,nasal decongestant,buserelin
8000225,danazol,gonadotropin releasing hormone
8001268,at 10,pyrilamine,astemizole
8003661,cyclothiazide
8014033,ketanserin,gynergen,ergometrine,at 10,cafergot,neurol,ergotamine tartrate,sufrexal
8020989,human glucagon
8032658,-amine,ketanserin,me5,phentolamine,2-me,methysergide,pargyline,mianserin,brl 24924,ketanserin tartrate,renzapride
8050463,difenidol,eglen,abrol,gallamine,endothelium-derived relaxing factor,at 10,gallamine triethiodide,pirenzepine,myristate,diphenidol,potassium chloride,arachidonic acid,thiopentone
8052854,deoxycholate,dimethyl sulfoxide,methacin,myristate,salicylic acid,sodium salicylate,tumor necrosis factor,binds to dna
8058773,phorbol 12-myristate 13-acetate,balanced salt,magnesium sulfate,arachidonate,balanced salt solution,myristate,sulfuric acid,potassium chloride,ficoll,sodium chloride,arachidonic acid,zileuton
8059831,c658,uric acid,practolol,isoproterenol,ritodrine
8061055,c1042,c212,dodecyl sulfate,c310
8070368,d93,geneticin,tris buffer,human fsh,adenyl,d88,pp 2,thyrotropin,g418,aspartic acid
8073394,serum albumin,aminocaproic,e-aminocaproic acid,aminocaproic acid,amino caproic acid,vitrum,kabivitrum,amino caproic,eaca,human serum albumin,tranexamic acid,epsilon-aminocaproic acid
8082693,theophyllamine,aminophylline,thyrotropin,pimozide,atropine sulfate
8083242,k 12
8093733,cisapride,methacholine,methysergide,ketanserin
8097243,bupranolol,propanol,adrenocorticotropic hormone,isoproterenol,2-propanol
8098761,penbutolol,pindolol
8099718,neurol,at 10,almitrine,cxz,quisqualate,ethanol solution,red cells,m6d,ficoll,almitrine bismesylate
8100523,cyclic amp,corticotrophin,growth hormone
8101879,pp2,levomepromazine,chlorprothixene,loxapine,methotrimeprazine,trans-chlorprothixene
8103596,domperidone,alizapride,fenoldopam,phentolamine
8105356,at 10,nfx,cyclic amp,phentolamine
8106131
8110752,folicacid,spermidine hydrochloride,dodecyl sulfate,gcg,datp,folic acid,frq,dgtp
8117686,succinic acid,glucose 6-phosphate
8119180,ee2,ethynyl estradiol,3h-cortisol,fluoxymesterone,fatty acids,oxymetholone,sodium molybdate,danazol,growth hormone,r1881,triamcinolone acetonide,androsten
8132625,metocurine,serum albumin,tinic,a2p,dimethyl sulfoxide
8133056,cefdinir,ci-983
8139621,mgso4,serum albumin,at 10,benzamidine,e.f,deoxycholic acid,thiabendazole
8141114,dolasetron
8144028,sodium dodecyl sulfate,",citrate",human glucagon,dodecyl sulfate,adenyl,gcg,growth hormone
8153059,ketobemidone,dihydromorphine
8161215,menadione,glutathione disulfide
8166240,c773,c772,chloroquin,c771,prazosin,c774
8172912,hb 419,glimepiride,glibenclamide,tolbutamide,trypsin inhibitor,fungizone,hoe 490
8174605,platelet activating factor,forskolin,ls5,azatadine,arachidonic acid,dimethyl sulfoxide,concanavalin a,at 10,clarityne,mepyramine,platelet-activating factor
8182534,ceruletide
8206619,acetylsalicylic acid,ficoll,sodium heparin,remikiren,isorenin,ro 42-5892
8214757
8223836,bambec,bambuterol,th 1165a,fl2,folacin,fenoterol
8232788,mecamylamine,gallamine,neurol,trimetaphan,eserine,gallamine triethiodide,serum albumin,tubocurarine
8242249,phosphoramidon,valsartan,ml1,piroxicam,bestatin,potassium chloride,cgp 48933,e.f,serum albumin,tubocurarine
8242725,neurol,cis(z)flupenthixol,antimigraine,flupenthixol,phentolamine,ergotamine tartrate
8249551,mequitazine,adenyl,motion sickness,glycopyrronium,oxyphenonium,pirenzepine,at 10,glycopyrronium bromide,1-hyoscyamine,l-hyoscyamine,glycopyrrolate,atropine sulphate
8263811,cirazoline,guanabenz,moxonidine
8282004,sodium molybdate,retinoic acid,ru 38486,mercaptoethanol,ru 486,serum albumin
8289199,2dd,citric acid,diethyl ether,adenosine diphosphate,isopropyl alcohol,ridogrel,ethyl glycol,arachidonic acid,sodium carbonate,arachidonicacid,at 10,nicotinic acid,benzoicacid,alteplase,r-68070
8294418,actinomycin,myoinositol,m199,arachidonic acid,prazosin,cyclic amp,staurosporine,phorbol ester,a 71,serum albumin,actinomycin d,myristate,phorbol 12-myristate 13-acetate,ipz,balanced salt
8298083,diazoxide
8301142,all-trans-retinoic acid,etretinate,etretin,retinoic acid,cis-retinoic acid,trans-retinoic acid,13-cis-retinoic acid,vitamin a
8301582,domperidone,arachidonic acid,pimozide,flupenthixol,cis flupenthixol
8302852,mazindol,nomifensine,neurol,aminobutyric acid
8313547,ridogrel
8319832,chorionic gonadotropin,tris buffer,thyrotropin,luteinizing hormone,serum albumin,human fsh
8319997,human serum albumin,a-64662,dimethyl sulfoxide,remikiren,ro 42-5892,enalkiren,serum albumin,abbott-64662,barbitone,cilazapril,a 64662
8366144,balanced salt solution,gallium nitrate,vitamin d,q 2,serum albumin,balanced salt
8375617,tigason,etretin,ethyl ether,4-hpr,all-trans retinol,vitamin a,serum albumin,retinoic acid,ro 10-1670,etretinate,all-trans retinoic acid,fenretinide,acitretin,trans retinoic acid,ro 13-7410,ro 10-9359,n-(4-hydroxyphenyl)retinamide,13-cis retinoic acid,retinyl acetate,ro 1-5488
8376914,ketanserin,ridogrel,prostaglandin e2
8380156,s161,vitamin d3,gentamycin,c25,fungizone,repro,growth hormone,25-(oh)2d3,dihydrotachysterol,dht2,dihydroxyvitamin d3,propylene glycol,anol,lipidex,penicillin g,vitamin d
8380639,forskolin,ketanserin,antimigraine,2-me,pindolol,guanylyl imidodiphosphate,"n,n-dimethyltryptamine",methysergide
8380858,moxonidine
8381250,vitamin k,zinc sulfate,magnesium sulfate,glutamic acid,vitamin d3,vitamin a,"1,25-dihydroxyvitamin d",cyclic amp,dihydroxyvitamin d3,gallium nitrate,admon,parathyroid hormone,sodium chloride,sodium dodecyl sulfate,dodecyl sulfate,tumor necrosis factor,vitamin d,"1,25-dihydroxyvitamin d3"
8382768,sodium dodecyl sulphate,trifluoperazine,cyclic amp,dibucaine,at 10
8384716,cyclic amp,d-lysergic acid diethylamide,(s)-n,mgso4,methysergide,isoproterenol,lysergic acid diethylamide,isobutylmethylxanthine,ibmx
8384965,r1881,norgestrel,desogestrel,oht,triamcinolone acetonide,levonor,pl3,3-ketodesogestrel,norgestimate,proge,stimate,ethinylestradiol
8386327,diphenoxylate,ketanserin,prazosin,phentolamine,cyclic amp,methysergide,prostaglandin e2,prostaglandin e,ethnor
8388192,forskolin,aminobutyric acid,pramine,l98,arachidonic acid,luteinizing hormone,adenyl,gtp-gamma-s,tamate,l-baclofen,guanosine triphosphate,quisqualic acid,cyclic amp,picrotoxin,l-noradrenaline,progabide,pargyline,neurol,gamma-aminobutyric acid,tolbutamide,zimelidine,corticotrophin,depen,thlp,5ms
8391582,c195,c203,chlormerodrin,mercaptoethanol,mgso4,red cells,ethylmaleimide,at 10,n-ethylmaleimide,l05,deferoxamine
8392199,aminobutyric acid,ketanserin,mianserin,alprenolol
8394693,vitamin a,retinoic acid,all-trans retinoic acid,actd,actinomycin d,trans retinoic acid,ficoll,vitamin d,at 10,actinomycin,3-isobutyl-1-methylxanthine,ibmx
8399219,mg2+,phosphagen,serum albumin,2-me,mercaptoethanol,2-mercaptoethanol,oxidized glutathione,3-phosphoglycerate,sodium dodecyl sulfate,dodecyl sulfate
8423526,cisapride,ketanserin,prazosin
8423764,palmitoyl,4-methylpyrazole
8425287
8430939,echothiophate,demecarium
8441637,azacytidine,5-fluorocytosine,"azacytidine, 5-",serum albumin,5-azacytidine,deoxycytidine,2'-deoxycytidine,mercaptoethanol,2-mercaptoethanol,fluorocytosine,at 10
8446367,dipivefrin
8466638,beclomethasone,beclomethasone dipropionate,flunisolide
8469910,forskolin,arachidonic acid,luteinizing hormone,fungizone,arachidonate,phorbol ester,growth hormone,inositols,nordihydroguaiaretic acid,thyrotropin,indometacin
8473318,vitamin k,carbox,serum albumin,3-(a-acetonylbenzyl)-4-hydroxycoumarin,vitamin k1,ethylmaleimide,phylloquinone,sodium dodecyl sulfate,dodecyl sulfate,at 10,n-ethylmaleimide,p-hydroxymercuribenzoate
8486204,megestrol,norethindrone,dydrogesterone
8487621,nicotinamide adenine dinucleotide phosphate,adenosine 5'-triphosphate,fatty acids,coenzyme a,linolenic acid,reduced nicotinamide adenine dinucleotide,linolenicacid,at 7,palmitic acid,soybean oil,20:3n-6,a-linolenic acid,arachidonic acid
8487790,tolazoline
8494375,butenafine,benzylamine,cidal
8494570,68291-97-4,zonisamide
8499653,a0840,i992,aminobutyric acid,growth hormone,glutamic acid
8513851,temocapril,dicarboxylic acid
8516349,decamethonium,mecamylamine,pentolinium,d-tubocurarine,mecamylamine hydrochloride,tubocurarine,griseofulvin,serum albumin
8521855,2-chloro-2'-deoxyadenosine,8-methoxy,cldado,deoxycytidine,leustatin
8525459,tetrabenazine,tbz,sodium chloride,ketanserin,ethanol solution,trol,neurol,mazindol
8529171,1-carnitine,piroxicam,indomethacine,sulindac,flurbiprofen,streptozotocin,sorbinil,neurol,guanethidine,methylcellulose
8529521,tolbutamide,gibenclamide,glimepiride,polyethylene glycol,glibenclamide,glyburide,diazoxide
8538681,sodium salicylate,dtmp,e.f,deoxyuridylate,a 300
8546983,isotipendilo,nilergex,piroxicam,isothipendyl,methimazole,apaisyl
8564227,phentolamine,prazosin,g418,cxa,tris buffer,cirazoline,ham's f-12 medium,methoxamine
8566109,prostaglandin e,e 2,oxaprozin,diethyldithiocarbamic acid,gentamycin,izg,nabumetone,arachidonic acid,tris buffer,serum albumin,etodolac
8566141,1-aminoadamantane,aminoadamantane
8573583,mycophenolic acid,brequinar,dimethyl sulfoxide,brequinar sodium,orotic acid,leflunomide,active metabolite of leflunomide,cyclosporin a,tris buffer
8574280,nadolol
8576907,fatty acids,retinoic acid,clofibrate,at 10,"2,4-dione"
8577935,valsartan,pgf2a,phosphoramidon,serum albumin,bestatin
8578198
8578218,epidermal growth factor,sucralfate,cysteamine,nitric oxide,epidermal growth factor (egf)
8581044
8583364,p04,diphenoxylate,ethnor,atropine sulphate
8590979,mgso4,phentolamine,ascorbic acid,prazosin,prazosin hcl,a 300
8593484
8600944,interferon gamma,nitric oxide,at 10,mercaptoethanol,interleukin-4,beclomethasone dipropionate,anti-cd3,phorbol myristate acetate,p55,myristate,gamma-interferon,okt3,interleukin 2,serum albumin,cyclosporin a,beclomethasone,ficoll
8606397,diethylcarbamazine
8608784,procyclidine,difenidol,fenistil,eglen,oxyphencyclimine,dimethindene,diazepin,pirenzepine,c431,atropine sulphate,c428,pyrido,serum albumin
8612523,c562,icaz,human serum albumin,deoxycholate,at 10,mercaptoethanol,lavendustin a,cyclic amp,forskolin,poly-l-ornithine,l-ornithine,2-mercaptoethanol,diazoxide,serum albumin,hch
8615854,ks1,quisqualate,"6,7-dinitroquinoxaline-2,3-dione",aspartic acid,cyclothiazide,glutamic acid,r340,propionic acid,dnqx,benzothiazide
8622076,fluoxymesterone,thiotepa,at 10,chlorambucil,l-pam,halotestin
8635240,bisindolylmaleimide,isoproterenol,prazosin,methoxamine,forskolin,3-isobutyl-1-methylxanthine
8636062,org 3770
8636122,pyrazole,dialux,serum albumin
8636434,clotrimazole
8637716,il-11
8643547,2h3,tetrabenazine,tbz,ketanserin,methylenedioxymethamphetamine
8647296,pt3,levocabastin,neurol,levocabastine
8652509,acetylglucosamine,arachidonic acid,iodoindomethacin,salicylic acid,suprofen,benzoic acid,propionic acid,sulindac,h-8,levulinic acid,diethyl ether,flurbiprofen,2-ethoxyethanol
8662608,gcg,guanidinoacetate,tryptophane,phosphagen
8665533,remoxipride
8673626,fatty acids,alpha-linolenic acid,linolenic acid
8676079,red cells,macrophage colony stimulating factor,polyethylene glycol,dgtp,vitamin d,dodecyl sulfate,e.f,salmon calcitonin,parathyroid hormone,prostaglandin e2,hpth,ethanol-,sodium dodecyl sulfate,il-11,dihydroxyvitamin d3,tumor necrosis factor,datp,retinoic acid,oncostatin m
8693922,bz1,dormicum,as 3,phenobarbitone,bzd,anexate,sodium chloride,mith,romazicon,flumazenil injection