10722,phentolamine,aramine,isuprel,wyamine,vasoxyl,sympathin i,metaraminol,mephentermine,isoprenaline,levophed,adenyl,levarterenol,methoxamine,isoproterenol
11134,alpha-methyltyrosine,methyltyrosine,deserpidine
16716,hoe 893d,practolol,penbutolol,isoprenaline,pindolol,ici 50172,isoproterenol
17374,promazine,ethanol-,alpha-methyltyrosine,methyltyrosine,cromedazine,pp 1,uric acid,"tyrosine, l-",p-tyrosine,chlor-pz,neurol,alpha-methyl-para-tyrosine,metyrosine,pimozide
18565,hydroxocobalamin,vitamin b12,tetrahydropteroylglutamate
29133,isopropamide
29252,prochlorperazine,d-tubocurarine,tubocurarine,etorphine,dihydromorphine,aminobutyric acid,neurol
30388,practolol
36882,hydroxocobalamin,vitamin b,alpharedisol,vitamin b12,blz,neurol,oh-cbl,coenzyme a,cob(i)alamin
37605,practolol,propanol,timolol,bufuralol,alprenolol,eraldin,eye drops,propranololo,bupranolol,fatty acids,pindolol,timoptic,2-propanol,timolol maleate,timololo,neurol,isoproterenol,propylene glycol,tenormin,oxprenolol
91427,datp,arabinofuranosylcytosine,thioguanine,propanol,serum albumin,trast,2-propanol,ara-atp,dgtp,6-thioguanine,compound 9,anol,ara-c
105006,vitamin k,vitamin k1,aquamephyton,serum albumin,aspartic acid,carbox,menadione,glutamic acid,"methyl-1,4-naphthoquinone"
123251,dodecyl sulfate,sodium dodecyl sulfate
123547,digitoxin,digitoxoside
131389,digitoxin
132355,digitoxin,biuret,oubain
136410,n-ethylmaleimide,ethylmaleimide,digitoxin,p-hydroxymercuribenzoate,cardiac glycoside,ethacrynic acid
173192,halotestin,serum albumin,5a-dihydrotestosterone,mesterone,thioglycerol,sch 13521,corticotrophin,fluoxymesterone,epicortisol
225216,cyclic gmp,dyphylline,aminophylline,cyclic amp
236311,pyridoxal phosphate,"aspartic acid, l-",serum albumin,l-aspartic acid,dodecyl sulfate,"tyrosine, l-",sodium dodecyl sulfate,aspartic acid,l-aspartate,glutamic acid,l-methionine
239236,propanol,i-proh,vitamin h,decamethonium,cyclic amp,serum albumin,red oil,1n1,2-propanol,benzoic acid,isoproterenol,oxalic acid
240743,propanol,p-nitrophenol,4-methylpyrazole
241701,nadh2,at 7,pyridoxal phosphate,mercaptoethanol,citric acid,glutamat,e 2,biuret,at 10,red cells,h 8
417864,flaxedil
436795,uridine-5'-triphosphate,ribonucleoside,dydrogesterone,norethindrone
448162,azelaic acid,azelaic
458448,carboxypyrrolidine,cocain,aminobutyric acid,carbox,aminooxyacetic acid,b32,guvacine,l-proline,picrotoxin,4sr
476986,carbimazole,ethanol-,propylthiouracil,methimazole,thiouracil
477738,phentolamine,pargyline,4ox,ascorbic acid,regitine
497523,promazine,phentolamine,nialamide,phentolamine mesylate,triflupromazine,isoprenaline,cyproheptadine hydrochloride,mgso4,cyproheptadine,at 10,methysergide
570044,hexachlorophene,phosphoribosylpyrophosphate,glucose 6-phosphate
574544,rescinnamine,human serum albumin,hydrogen peroxide,serum albumin,dimethyl sulfoxide,benzoic acid,deserpidine
639854,pentazol,phentolamine,l-noradrenaline,chlormezanone,chlorzoxazone,thioproperazine,d-40ta,d-65mt,methiamide,estazolam,mianserine,diprenorphine,serum albumin,hexobarbital,trifluoperazine,pindolol,etorphine,cyproheptadine,phenantoin,tridione,diazepin,metadone,acetylsalicylate,ketobemidone,bromazepam,flupenthixol,flurazepam,metiamide,l-aspartate,pimozide,picrotoxin,lh-rh,prostaglandin e2,methysergide,methocarbamol
659613,prol,mxx,vitamin k,bovine pancreatic trypsin inhibitor,serum albumin,dodecyl sulfate,norleucine,pancreatic trypsin inhibitor,sodium dodecyl sulfate,coagulation factor ix,aspartic acid,barbital,formic acid,trypsin inhibitor,glutamic acid
689791
744157,20-trione,hydroxyprogesterone
844253,blz,vitamin b,vitamin b12,hydroxocobalamin,coenzyme a,vitamin b12 complex,propanol
948350,hexafluorenium
976190,sc-9420,21-dihydroxypregn-4-ene-3,propionic acid,d-aldosterone,sc9420,serum albumin,fxm
996853,mepyramine,tripelennamine,triplennamine
1060033
1092541,spironolactone and hydrochlorothiazide,amitryptyline,quinethazone,fursemid,uric acid,methyclothiazide,furosemid,aminophylline,metolazone,red cells,cyclothiazide,antidiuretic hormone,sodium chloride,ethacrynic acid,sulphuric acid,ktz,diazoxide,potassium chloride,bendroflumethiazide,methylclothiazide,sorbide,frusemide,aldactone,furose,hydroflumethiazide,zaroxolyn,aldos,bendrofluazide,digitoxin,aldactone a,chlorthalidone
1168577,methyltyrosine,p-tyrosine
1203620,pentagastrin,histalog,betazol,histamin,amodiaquine,betazole
1207670,eserine,gallamine,decamethonium,edrophonium,d-tubocurarine,tubocurarine
1267542,cycrimine,d-tubocurarine,tubocurarine
1278093,thiouracil,ethanol-,propylthiouracil,methimazole,carbimazol,carbimazole,fxm
1279186,epidermal growth factor,teniposide,amsacrine,pentosan polysulfate,fibrezym,m-amsa,vm-26
1280065,dodecyl sulfate,hydrogen peroxide,amino caproic,benzamidine,riol,amino caproic acid,deoxycholate,sodium dodecyl sulfate,eaca,serum albumin
1281221,nicardipine,felodipine,bepridil,cinnarizine,nimodipine,nisoldipine,growth hormone,nitrendipine,as 3,pn 200,flunarizine
1283184,nilvadipine
1303772
1303773
1311390,cytosine arabinoside,amsacrine,camptothecin,tenoposide,cisplatinum,mamsa,glutamic acid,vp-16,m-amsa,phosphotyrosine
1312851,hydrogen peroxide,balanced salt solution,ficoll,dimethyl sulfoxide,vitamin e,"1,3-bis(2-chloroethyl)-1-nitrosourea",reduced glutathione,ascorbic acid,bcnu,carmustine,balanced salt,hyaluronic acid,deferoxamine,polyethylene glycol
1314830,hqq,mk-906,dodecyl sulfate,"pregnene-3,20-dione",sodium dodecyl sulfate,"4-pregnene-3,20-dione",h23,"androst-4-ene-3,17-dione",17-dione
1315825,candoxatril
1316589,acetamide,penicillamine,etorphine,5'-guanylylimidodiphosphate,2oh,arginine vasopressin,at 10
1320313,propylthiouracil,forskolin,poly a,thyrotropin,phorbol ester,methimazole,thyroid stimulating hormone
1320691,diethyldithiocarbamate,beta-mercaptoethanol,mercaptoethanol
1322047,at 7,fatty acids,growth hormone,2kl,dl-propranolol
1322791,dimethyl sulfoxide,teniposide,amsacrine,camptothecin,mamsa,vp-16,novobiocin,vm-26
1323650,alprenolol
1323952,4'-(9-acridinylamino)methanesulfon-m-anisidide,dodecyl sulfate,vepesid,sodium dodecyl sulfate,perfloxacin,vp-16,m-amsa,novobiocin,polyethylene glycol,vm-26
1324557,ethinyl estradiol,norgestimate,growth hormone,norgestrel,natural progesterone,luteinizing hormone
1329768,nicardipine,felodipine,bepridil,adenosine triphosphate,nimodipine,sodium chloride,nitrendipine,sodium chloride solution,sodium heparin,flunarizine
1331331,h-8,teniposide,prostaglandin e,mho,podophyllotoxin
1332478,cyclic adenosine monophosphate,busulfan,adenosine monophosphate,adenosine triphosphate,diethyl ether,sodium chloride,ritodrine,guanosine monophosphate,prostaglandin e2,potassium chloride,magnesium chloride,ru 486,st. joseph,isoproterenol,guanosine triphosphate,cyclic guanosine monophosphate,serum albumin,isobutylmethylxanthine,d125
1332684,vitamin a,all-trans-retinoic acid,retinoic acid,thioglycerol,trans-retinoic acid,a 300,amphotericin b
1334399,bretylium
1334447,podophyllotoxin
1335254,dodecyl sulfate,serum albumin,sodium dodecyl sulfate,ferrous iron,gallium nitrate
1336744,enflurane,methoxyflurane,dodecyl sulfate,serum albumin,sodium dodecyl sulfate,ethyl ether,zmg,f77
1336906,propylene glycol,lipidex,vitamin d,calciferol,penicillin g,c27,lactol,"1,25-dihydroxyvitamin d",gentamycin,fungizone,dihydrotachysterol
1337082,gallamine,aminobutyric acid,e.f,tubocurarine
1344580,clearly it,oleate,sodium tetradecyl sulphate,vitamin k,s.t.d,txl
1349493,isoprenaline,pindolol,nadolol,practolol
1350385
1351412,eye drops,timoptol,timolol,dipivefrin,metipranolol,isoprenaline,isoproterenol,pindolol,levobunolol,tenormin,dipivalyl epinephrine,timolol maleate,timoptic,betagan,nicardipine,practolol
1352660,methyprylon,ethanol-,tertiary butanol,barbital,trifluoroethanol
1354084,2f2,prazosin,nadolol
1356589,magnesium ions,balanced salt solution,thyrotropin,balanced salt,ceruletide,beta-endorphin,prostaglandin e,neurol,amphotericin b,at 10,e 2,caerulein
1357064,1-epinephrine,amphotericin-b,alcohol swab,cyclic amp,amphotericin b,at 10,lofexidine,prazosin,forskolin
1357724,t4c,phosphocholine,aminosalicylic acid,salazine,sulfasalazine,5-aminosalicylic acid,tris buffer,arachidonate
1358746,2-propanol,bevantolol,labetalol,mgso4,phentolamine,propanol,prazosin
1359073,benzylamine,dacarbazine,benzylarnine,clorgyline,procarbazine,semicarbazide,pargyline,hydrallazine,nsc-77213
1359745,aminosalicylic acid,5-aminosalicylic acid,prostaglandin e2,zileuton,sulphasalazine,arachidonic acid
1359777
1360991,diphenhydramine hcl,astemizole,pyrilamine,phenindamine
1361012,minaprine,mgso4,ketanserin tartrate,ketanserine,ketanserin,arachidonic acid
1361946
1375507,ibmx,i50,cyclic gmp,iloprost,isobutylmethylxanthine,cyclic amp,tumor necrosis factor,sodium butyrate,prostaglandin e2,forskolin
1376313,miconazole,ionomycin,metyrapone,clotrimazole,tioconazole,nordihydroguaiaretic acid,aminoglutethimide,valinomycin,red cells,ndga,trans-2-phenylcyclopropylamine,nimodipine
1378042,disodium cromoglycate,cromoglycate,amlexanox
1382157,cilazapril
1382161,cilazapril
1386491,candoxatrilat,guanosine monophosphate,covit,at 7,candoxatril,cyclic guanosine monophosphate
1391956
1394620,menadione,ethacrynic acid,oxidized glutathione,bcnu,glutathione disulfide,serum albumin,gssg,glutatione,cyclosporin a
1397053,dolasetron,pindolol,eglen,tubocurarine
1397064,dimenhydrinate,danazol,cyclizine
1400062,methylcellulose,adenosine triphosphate,diethylcarbamazine,platelet activating factor,at 10,ethanol solution,propanoic acid,methacholine,arachidonic acid,53s
1407010,i992,pargyline,forskolin,isoproterenol,sumatriptan succinate,mianserin,ketanserin,pindolol,methysergide,isoprenaline,ascorbic acid,ketanserin tartrate,ergotamine tartrate
1411635,teniposide,podophyllotoxin
1424804,csf2,propidium,datp,propidium iodide
1426023,gallamine,difenidol,serum albumin,diethyl ether,tricyclamol,ox3,pirenzepine,oxyphencyclimine,procyclid,procyclidine
1438284,decamethonium,propidium,edrophonium,propidium iodide
1438304,pargyline,mianserin,ketanserin,serum albumin,tbz,tetrabenazine,ascorbic acid,2h3,prazosin,mg2+,glutamic acid
1460006,ethinamate,ex4,amidate,bamate,bis-tris propane,methocarbamol,methazolamide,h 8,"1,3-bis[tris(hydroxymethyl)methylamino]propane"
1468487,forskolin,dihydroxyphenylalanine,pindolol,l-penbutolol,l-dihydroxyphenylalanine,penbutolol
1475066,atropine sulfate,d-tubocurarine,tubocurarine
1486803,arginine-vasopressin,oxt
1493594,i992,isoproterenol,acid control,fatty acids,serum albumin,oleate,c473,triton wr 1339,triton wr-1339,intralipid,acides gras,streptozotocin,oleic acid
1511344,balanced salt,balanced salt solution,nitrogen mustard,fluorophosphate,e.f,diisopropyl fluorophosphate
1526623,vitamin d,ru 486,clotrimazole,gentamycin,r 1881,miconazole,r1881,lhrh,"1,25-dihydroxyvitamin d"
1532675,neurol
1536695,dry cough,bupivacaine,uric acid,cefotaxime,penicillamine,isosorbide dinitrate,acebutolol,d-penicillamine,prostaglandin e,hydrochlorothiazide 50,prostaglandin e2,sulindac,antidiuretic hormone,hydrogen peroxide,frusemide
1543672,terbinafine,cidal,ethinyloestradiol
1549935,propylene glycol,magnesium sulphate,droperidol,dopam
1585214,glutethimide,-amine,ethchlorvynol
1588924,ambenonium,edrophonium
1590750,barbital,semicarbazide,serum albumin,ethanol-,4-methylpyrazole,glutamic acid
1594557,deoxynojirimycin,1-deoxynojirimycin,serum albumin,suramin
1599956,estramustine,at 10,nitrogen mustard,trypsin inhibitor
1600046,pentagastrin,cisapride,cisplatinum,alkylating agent,c507,m-a,eglen,ketanserin,cyclic amp,methysergide,domperidone,gr 38032,tropisetron,renzapride,brl 24924
1601843,glibenclamide,diazoxide,glipizide,gliben,dimethyl sulfoxide
1606351,growth hormone,nicergoline,cinnarizine,anisomycin,codergocrine mesylate,coenzyme a,dihydroergotoxine mesylate,adenyl,pentoxifylline,dihydrogenated ergot alkaloids,co-dergocrine mesylate,hydergine,ergoloid mesylates,glutamic acid,adenosine monophosphate
1611705,amrinone,pentoxifylline,tumor necrosis factor
1620654,beta-endorphin,thyrotropin,pentagastrin,at 7,caerulein,adrenocorticotropic hormone,ceruletide
1646056,metiamide,4-aminopyridine,atropine sulphate,methacholine,phentolamine,famotidine,mgso4,tolazoline
1646718,tris buffer,l-noradrenaline
1646776,lauryl sulphate,sodium lauryl sulphate,pargyline,forskolin,antimigraine,at 10,methysergide,ascorbic acid,pranolol,gr 43175,neurol
1647395,estramustine
1651852,dodecyl sulfate,trilostane,fxm,at 10,adrenocorticotropic hormone,aminobutyric acid,adrenocorticotropin,sodium dodecyl sulfate
1653123,ethmozine,tocainide,mexiletine,mexilitine,encainide,flecainide,moricizine
1653644,aprindine,bupivacaine,exm,benzocaine,mexiletine,lignocaine
1654268
1654566,dihydromorphine
1656846,diprenorphine,valproic acid,carfentanil,beta-endorphin,neurol
1660104,benzocaine,lignocaine,aprindine,ac 1802,tetramethylammonium,nitrendipine
1662173,bretylium
1663395,thyrotropin,actinomycin,methimazole,forskolin,thyrotrophin,thyroid stimulating hormone,gamma-interferon,ibmx,ag2,epidermal growth factor,carbimazole,interferon gamma,phorbol ester,c41,trol,cyclic amp,"adenosine 3',5'-monophosphate",isobutylmethylxanthine
1664802,picrotoxin,redergin,at 7,convul,aminobutyric acid
1665782,ad5,frj,tris buffer,zpr,etorphine
1666366,22f,guanabenz,trypsin inhibitor,prazosin,cyclic amp,methysergide
1666931,phentolamine,pindolol,prostaglandin e,isoproterenol,cyclic amp
1666997,ketanserin,amoxapine
1667290,lignocaine,adenosine triphosphate,p-toluene sulphonic acid,frusemide,red cells,deoxycholate,bretylium,n-ethylmaleimide,serum albumin,tris base,adenosine 5'-triphosphate,ascorbic acid,cardiac glycoside,at 10,ethylmaleimide,l-histidine
1667613,dopram,"1-ethyl-4-(2-morpholinoethyl)-3,3-diphenyl-2-pyrrolidinone",nitrendipine,mgso4,d600,enflurane,doxapram
1674528,phentolamine,metaclopramide,domperidone,flupentixol
1676991,apraclonidine,timolol,prazosin
1678274,pindolol
1678430,diphenylpyraline,myristate,arachidonic acid,phorbol 12-myristate 13-acetate
1678728,busp,pargyline,ascorbic acid,ifenprodil,lisuride,bzd
1680053,antazoline hcl,famotidine,brompheniramine,bupranolol,antazoline,mepyramine,prazosine
1680715,muscle adenylate,phentolamine,absolute alcohol,tris buffer,ascorbic acid,alkylating agent,methoxamine,prazosin,cyclic gmp
1680855,dodecyl sulfate,ao2,phentolamine,proteina,cholate,s115,sodium dodecyl sulfate,c1289,aminobutyric acid,prazosin,nimodipine,c1282
1682484,erythro,procaterol
1683559,da2,motilium,ropinirole,serum albumin,domperidone,neurol,arginine vasopressin,lisuride
1684063,isoprenaline,guanethidine,procaterol
1685013,tris buffer,fl2,serum albumin,nab 365
1686208,lysergic acid diethylamide,08h,phentolamine,mequitazine,forhistal,trimeton,pheniramine,sch29851,ketanserin,astemizole,dimethindene,prazosin,mepyramine
1686618,cyproheptadine,l-val,phenindamine
1687398,pindolol,isoprenaline,bopindolol
1691468,trimetaphan,gallamine,tubocurarine
1692236,h 8,p-nitrophenyl phosphate,decamethonium,propidium iodide,propidium,phosphorofluoridate,propylene glycol,edrophonium
1694685,aluminum hydroxide,ga3
1696149,trifluoperazine,pimozide,pn-200-110,nicardipine hydrochloride,cinnarizine,fluspirilene,prenylamine,pn 200,nitrendipine,fluspiriline,nimodipine,nicardipine,nisoldipine,flunarizine
1701989,amlexanox,prostaglandin e2
1705137,amitryptiline,citric acid,formic acid,mianserin,clorgyline,benzylamine,-amine,dhpg,d600,zimeldine
1705633,enalkiren,a-64662
1708834,pentosan polysulfate,suramin,47d,epidermal growth factor,g-418,dextran sulfate,fibrezym
1712335,"n,n-dimethylformamide",prazosin,labetalol,brevital,guanethidine,isoproterenol,cirazoline,pindolol,phentolamine,polyethylene glycol,oxprenolol,methohexital
1718682,formoterol,fenoterol,adenyl,isoproterenol,methacholine,disodium cromoglycate,s 2000,isoprenaline,cromoglycate,berodual,pyruvic acid
1722672,sodium dodecyl sulphate,dicumarol,metyrapone,adenin,serum albumin,barbitone
1722692,anginal,nicardipine,oxprenolol,cough and cold,ascorbic acid,nasal decongestant
1730056,spermine,homoharringtonine,reanal,anisomycin,mercaptoethanol,puromycin,t4c
1730582,difluoromethylornithine,c212,sodium dodecyl sulfate,thioglycerol,dfmo,dodecyl sulfate,serum albumin,glutamic acid,aspartic acid,h 8
1730767,gcg,12-o-tetradecanoylphorbol 13-acetate,g418,acetylglucosamine,n-acetyl-d-glucosamine,prostaglandin e,ficoll,d-glucosamine,tumor necrosis factor,dextran sulfate,mercaptoethanol,chondroitin sulfate,hyaluronic acid,aspartic acid,phorbol ester,hyaluronate
1731757,c663,c432,vitamin d,cyclic gmp,c205,c423,c329,c427,phosphagen,c287,neurol
1732532,pp 1,i-proh,as 3,etorphine,trypsin inhibitor,pentylamine,at 10,id5,polyglutamic acid,d-n,pentagastrin,serum albumin,glutamic acid
1738111,isoproterenol,phentolamine
1744096,folicacid,s-adenosylmethionine,hydroxocobalamin,2-me,cn-cbl,2-mercaptoethanol,c25,mercaptoethanol,oh-cbl,adenosylmethionine
1748153,d-tubocurarine,hemicholinium-3,reanal,pipecuronium,mecamylamine,tubocurarine
1776688,1-propanol,tetramethylammonium,tris buffer,propanol,at 7,hydrogen peroxide,phosphorofluoridate
1783326,ifenprodil,lisuride,forskolin,neurol
1794016,ferrous ions,l-methamphetamine,reduced glutathione,l-amphetamine,pargyline,lisuride,2-phenylethylamine,glutathione disulphide,gssg,methylamphetamine,adenosine triphosphate,hydrogen peroxide,ascorbic acid
1818332,diphosphonate,colcemid,daunomycin,methylene diphosphonate,dolastatin 10,depsipeptide,nocodazole,at 10,binds to tubulin,fl2,vp-16,magnesium ion,magnesium ions,combretastatin,podophyllotoxin,8-anilino-1-naphthalenesulfonic acid,guanosine 5'-triphosphate,griseofulvin,ltn,colcemide
1822319,zuclopenthixol
1830521,nafarelin,danazol,gonadotropin-releasing hormone
1830565,chlorprothixene
1838579,ketanserin,methysergide,pargyline,mianserin,htta,serum albumin,propylene glycol,ascorbic acid
1843561,nizatidine,metiamide
1845848,mitomycin,podophyllotoxin,vindesine
1847384,lesterol,luteinizing hormone,flunitrazepan,at 10,hydroxyprogesterone,adrenocorticotropin,trilostane,aminoglutethimide,cholesterol sulfate,aminobutyric acid
1852778,nitric oxide
1860838,sodium dodecyl sulfate,sodium dodecyl sulfate solution,arachidonic acid,at 10,ic1,arachidonate,mepacrine,dodecyl sulfate,serum albumin,neurol,phorbol ester,arachidonicacid
1863523,diphenidol,procyclidine,atropine sulfate,pirenzepine,difenidol,pyrido,serum albumin
1868500,nicotinic acid,probucol
1885257,adenosine deaminase,3-propylxanthine
1886988,diethylcarbamazine,arachidonate,piroxicam
1901209,dichlorphenamide,tris buffer,benzolamide,methazolamide,trypsin inhibitor,acetamide,ethoxzolamide,at 10,pyrilamine,mianserin,fungizone,at 7,serum albumin
1908244,estramustin,estramustine,at 10,binds to tubulin,estramustine phosphate,serum albumin,aspartic acid,l-aspartic acid,estracyt
1912125,thiothixene,trifluoperazine,l-histidine,pmz,diphenylpyraline,i50,cortico,thyrotropin,mepyramine
1944305,trilostane,ethanol-,prol,mercaptoethanol,hydroxyprogesterone,datp,growth hormone,sodium dodecyl sulfate,dodecyl sulfate,2-mercaptoethanol,deoxycholate,ficoll,flutamide
1957124,ethanol-,sucralfate,sucrose octasulfate,ethylmaleimide,epidermal growth factor
1962798,guanabenz,bethanidine
1965307,pimozide,trifluoperazine
1965892,as 3,vitamin a acid,all-trans-retinoic acid,retinoic acid,vitamin a,etretinate,trans-retinoic acid
1966571,loxapine,amoxapine
1968366,2-propanol,procaterol,cyclic adenosine monophosphate,propanol,isoprenaline,erythro,adenosine monophosphate,isoproterenol,at 7
1969947,mianserin,cisapride,ketanserin,cyclic adenosine monophosphate,2tn,antagon,adenosine monophosphate,brl 24924
1970337,sucralfate,growth hormone
1970615,sodium pentothal,histamin,phentolamine,antazoline,brompheniramine,mepyramine,famotidine
1973034,l-p-tyrosine,erythro,p-tyrosine,4-dihydroxyphenylalanine,dihydroxyphenylalanine,methyltyrosine
1976401,alprenolol,2-propanol,cisapride,regitin,practolol,domperidone,propanol,atropine sulphate,naloxone hcl,pindolol,phentolamine,isoprenaline,erythro,bupranolol,ritodrine,3-isobutyl-1-methylxanthine,mepyramine,fl2,cyclic amp,isoproterenol,ascorbic acid,chlorophenol,orciprenaline,eglen,ibmx,methysergide
1977506,platelet activating factor,hydrogen peroxide
1978244,methoxamine,alkylating agent
1979424,mianserin,prazosin,phentolamine,mgso4,ascorbic acid
1979630,procaterol,at 10,pindolol,isoprenaline,erythro,labetalol,ic1
1979798,at 10,prazosin,mepyramine,nitrendipine
1980236,prazosin,phentolamine,intralipid,methychlothiazide,nadolol,hypoten,isoproterenol,methyclothiazide,fatty acids
1982265,methylenedioxymethamphetamine,"3,4-methylenedioxymethamphetamine",ascorbic acid,methysergide
1983158,cyclizine,tripelennamine
1986546
2004037,loteprednol
2011412,4-hydroxytamoxifen,hydroxytamoxifen,stilbestrol
2011590,as 3,sodium salicylate,serum albumin,at 10,mercaptoethanol,combretastatin,tubocurarine,d-tubocurarine,benzoic acid,podophyllotoxin
2027917,pirenzepine,cyclic amp,procyclidine
2067140,ethanol-,cysteamine,ym-11170,at 10,absolute ethanol,sodium taurocholate,pirenzepine,taurocholate,mk-208,famotidine,methylcellulose
2087492,ceruletide,atropine sulfate,at 10,thyrotropin,caerulein,d-phe,arginine-vasopressin,cerulein
2108722,human fsh,gcg,a 300,methylisobutylxanthine,50-28-2,63-05-8,fl2,9002-68-0
2113031,vitamin k,eposide,s-warfarin,phylloquinone,menadione,cholate,dicoumarol,e.f,i3c
2114832,reduced nicotinamide adenine dinucleotide,dicarboxylic acid,nicotinamide adenine dinucleotide phosphate,azelaic acid,azelaic,clz
2120386,mazindol,nomifensine
2120879,thyrotropin,growth hormone,d600,isoprenaline,"adenosine 3',5'-monophosphate",depen,cyclic amp,forskolin,pimozide,lactin,trifluoperazine,luteinizing hormone
2125244,serum albumin,estramustine phosphate,cyclic amp,e.f,cp7,estramustine
2137975,gonadotropin-releasing hormone,danazol,nafarelin
2140979,testosterone enanthate,human menopausal gonadotrophin,follicle stimulating hormone,buserelin,stilboestrol,danazol,gonadorelin,luteinizing hormone-releasing hormone,gonadotropin releasing hormone,luteinizing hormone,naphthylacetic acid,lhrh,lh-rh,d-n,menotropins,glycocholate,flavine-adenine dinucleotide,chorionic gonadotrophin,norethisterone,as 3,nafarelin,goserelin,gonadotropin-releasing hormone
2144185,carboxyatractyloside,potassium acetate,myxothiazol,valinomycin,"2,4-dione",biuret,aeh,almitrine
2148481,dodecyl sulfate,bepridil,sodium dodecyl sulfate,vera?,at 10,red cells
2148726,pindolol,methysergide,mianserin,fl2,cyproheptadine,"n,n-dimethyltryptamine",forskolin
2151003,buserelin acetate,buserelin,danazol,luteinizing hormone,nilutamide,synarel,lhrh,medroxyprogesterone acetate,glycocholate,leuprolide acetate,nafarelin,goserelin,gonadotropin-releasing hormone
2154737,amperozide,ketanserin,h-8,formic acid,methysergide,phentolamine,prazosin
2156274,serum albumin,polyethylene glycol,adrenocorticotropic hormone,adrenocorticotrophin,at 10,corticotrophin,norleucine,tris buffer,acth(1-24),cyclic amp,adrenocorticotropin,txl
2157221,bethanidine
2165421,glucose 6-phosphate,carboxyatractyloside,e 2,serum albumin,potassium acetate,valinomycin,biuret,almitrine
2167458,diethyl ether,serum albumin,red oil,btx-b
2175153,desogestrel,norgestimate,3-ketodesogestrel
2182794,neurol
2189902,penbutolol,piretanide,anginal,isoproterenol,nadolol,pranolol,pindolol,oxprenolol,acebutolol,celiprolol,alprenolol,prazosin,labetalol,levatol
2207500,mercaptoethanol,bepridil,9ar,perhexiline,perhexilene,diazole,cyclic amp
2226440,ethylmaleimide,l-noradrenaline,n-ethylmaleimide
2226620,indapamide,niflumic acid,hctz,chlorthalidone,metolazone,hydroflumethiazide,ethacrynic acid,hno,"acid, niflumic"
2236897,ethopropazine,pirenzepine
2248058,benzylamine,clorgyline,isocarboxazid,minaprine
2253700,difenidol,tricyclamol,procyclidine,procyclidin,dty,atropine sulfate,pirenzepine,pyrido
2262902,ethanol-,enprofylline,cyclic amp
2268554,norgestrel,trilostane,norethindrone,cyproterone acetate
2277128,d1331,oxicam,surgam,d1323,tolmetin,d1340,d1333,d1321,d1342,d1319,d1341,d1330,sulindac,hyaluronate,tris buffer,d1334
2307235,chlorotrianisene,methoxychlor,tace
2326286,danazol,luteinizing hormone,estradiol benzoate,keoxifene,flutamide
2331571,tubocurarine,quisqualate,1-amino-4-guanidobutane,quisqualic acid,concanavalin a,decamethonium,agmatine,cyclic amp
2351672,bepridil,trifluoperazine,9ar
2361169,tubocurarine,ethopropazine,ecothiopate,diisopropyl fluorophosphate,neurol,at 10,phospholine,atropine sulphate,fluorophosphate
2378927,methysergide,pimozide
2386110,sodium molybdate,org 6216,rimexolone,flunisolide,triamcinolone acetonide
2386945,staurosporine,propidium,12-o-tetradecanoylphorbol-13-acetate,bromocryptine,hydroxytamoxifen,trifluoperazine,1do,pimozide,epidermal growth factor,medroxyprogesterone acetate,cb-154,4-hydroxytamoxifen,dimethyl sulfoxide,oestradiol,propidium iodide,ifen