hot lemon relief regular strength,2
ziks arthritis pain relief,2
nighttime cold medicine,2
apri,2
smr000058248,2
ultibro breezhaler,2
smart sense multi symptom cold,2
ncgc00159345-02,2
multi symptom cold childrens plus,2
formule 115 dm,2
i06-0059,2
extra strength pain reliever,3
dibromm cold and cough childrens,2
severe sinus congestion allergy and cough formula,2
careone childrens cold and cough,2
savex with paba,2
neorecormon,2
vicks nyquil adult nighttime colds medicine,2
night time cough cherry,2
arthritis extra strength roll-on lotion,2
iontocaine,2
51-55-8,3
nsc685699,2
neo tuss syr,2
night relief multi symptom cold and flu,2
clear eyes allergy,2
centrisa 21,2
iaso intensive clear conditioner,2
corisin arthritis pain relief,2
"2,2-dimethyl-6beta-(phenylacetamido)penam-3alpha-carboxylate",2
night-time original multi-symptom cold/flu relief,2
topcare childrens cold and cough,2
drospirenone and ethinyl estradiol tablets usp (28-day regimen),2
multi symptom fever and cold childrens,2
"10-formyl-7,8-dihydrofolic acid",2
ntp-irbesartan/hctz,2
mifegymiso,2
cafergot,2
leukotrap wb system,2
children's tylenol cold and cough,2
stock1n-38565,2
trianal capsules,2
"l-n-[p-[[(2-amino-5-formyl-5,6,7,8-tetrahydro-4-hydroxy-6-pteridinyl)methyl]amino]benzoyl]-glutamic acid",2
molport-001-742-593,2
nighttime cold & flu relief syrup,2
childrens robitussin cough and cold long-acting,2
being well cold and flu relief pm,2
vicks nyquil cold and flu nighttime relief,2
mylan-atovaquone/proguanil,2
ovima 21,2
good neighbor pharmacy cold,2
plm,2
pms-pharnal-c 1/4 capsules,2
"levonorgestrel and ethinyl estradiol tablets, 0.1 mg/0.02 mg",2
juleber,2
dm cough and cold liquid,2
pms-gentamicin-betamethasone,2
good sense daytime night time,2
tri-mins - cap,2
larissia,2
arc first aid contains 1000 pieces,3
camrese lo,2
riva-zide 50/25mg tablets,2
trianal tablet,2
centrisa 28,2
sr-05000013784,2
major night time multi symptom cold and flu relief,2
tri-lo- estarylla,2
up and up nighttime daytime cold and flu,2
liquical,2
akynzeo,2
multi sympton cold day night,2
cold + sinus daytime cold + sinus nighttime,2
sunmark redness relief,2
nohist dm,2
hyolev mb,2
se-donna pb hyos,3
tisin,2
oradrine tablets,2
vancenase aq,2
rhinosol,2
13269-35-7,3
71447-49-9,2
dg health cough night time,2
c405,2
muscle & back pain relief extra strength,2
ratio-theo-bronc,3
medi-derm topical pain relief,2
duavive,2
altace plus felodipine 5mg + 5mg,2
formula int,2
nightrelief dayrelief,2
effervescent cold relief,2
urised,2
corzide tab w nadolol 80mg,2
night time cold multi-symptom,2
premier value antacid and pain relief medicine,2
c230,2
cold and cough nighttime,2
presgen b,2
alka-seltzer plus day non drowsy cold medicine citrus,2
vicks dayquil and vicks nyquil cold and flu multi-symptom relief/cold and flu nighttime relief,2
ortho tri cyclen lo,2
kbio1_000558,2
c1155,2
theophylline rougier elixir,2
evra   -(6/0.60),2
(2s)-2-amino-3-(4-hydroxyphenyl)propanoic acid,2
osteo tablets,3
25316-40-9,2
methoxisal-c 1/8,2
auralgan eardrops,2
panatuss pediatric drops dxp,2
complete liquid capsules nighttime relief,2
sunmark nite time,2
childrens wal tap dm cough and cold,2
dap001537,2
orajel instant pain relief for severe toothache maximum strength,2
honey lemon throat drops,2
pms-pharnal capsules,2
"casodex, cosudex, calutide, kalumid, bicalutamide",2
renovo lido5,2
ro-04-4079,2
sdccgmls-0066623.p001,2
teva-ramipril/hctz,2
vicks dayquil and vicks nyquil cherry cold and flu,2
hesol rim tonic,2
cas-5104-49-4,2
tianhe gutong tiegao (in polyisobutylene carrier),2
kroger maximum strength,2
ginseng,2
centracol pediatrique - syr,2
(2s)-2-aminopentanedioic acid,2
molport-003-845-034,2
lisinopril with hydrochlorothiazide,2
grippe extra fort nuit,2
n-isopropylnorepinephrine,2
cepastat sore throat and cough,3
iodine,2
trandolapril and verapamil hydrochloride,2
spironolactone and hydrochlorothiazide,2
cold and flu multi-symptom daytime nighttime,2
ncgc00016899-01,2
i06-0085,2
triquilar 21,2
myzilra,2
hand sanitizer,2
triaminic total cold with cough & fever relief,2
benylin extra strength cough plus cold relief,2
hot lemon relief for symptoms of cough and cold,3
co-veratrol,2
ncgc00093951-04,2
lisinopril and hydrochlorothiazide,2
nilotinib (inn/usan),2
ovima 28,2
ponos natural pain relief,2
coricidin d long acting tab,2
neo citran powder,2
healthy accents daytime nighttime cold and flu,2
aqua collagen solu tion marine hydroge l eye crea m mask,2
solarcaine,2
dg health cold and flu relief nite time,2
chebi:51354,2
sprintec,3
calcium and magnesium citrate and vitamin d 250mg/125mg/200iu,2
topcare nite time d,2
zamine 21,2
somophyllin-df,2
hot lemon cold and flu relief regular strength,2
pms-pharnal tablets,2
platinum muscle and back pain relief,2
apo-travoprost-timop,2
vitamin b12-folic acid,2
d013806,2
donnatal extentabs,3
4-methyl-3-[[4-(3-pyridinyl)-2-pyrimidinyl]amino]-n-[5-(4-methyl-1h-imidazo,2
rozex,2
tri-vit with fluoride and iron drops,3
hot lemon relief for cold symptoms ext str,2
maxzide-25,2
reliaderm,2
vicks nyquil cold & flu nighttime relief,2
auroquil cough nighttime cough relief,2
totamol,2
beclomethasone,2
a2468_sigma,2
folic acid 1mg with vitamin c,2
pulmorphan,2
dutoprol,2
careone allergy and cough severe sinus congestion,2
sdp-012,2
ultimate topical pain relief patch,2
equaline daytime nighttime cold and flu relief,2
c1544,2
prostin,2
pedia relief,2
kadcyla,3
q tapp cold and cough,2
women's support tablets,3
childrens plus flu,2
mid-life magnacal 2,2
hot lemon relief powder regular strength,2
bcaa 4% inj,3
fertilan,2
centrisa lo 28,2
nite time day time,2
sterile diluent for allergenic extract,2
shopko athletes foot,2
acropass trouble cure,2
sucrets complete vapor cherry,2
becodisks,2
vinotel,2
altace hct,2
isuprel mistometer 125mcg/aem,2
auralgan,2
leader nighttime severe cold and flu,2
gnrh,2
501-36-0,2
good sense childrens cold and cough,2
day night cold and flu,2
skinfood real tea ge l mask lavender,2
cal mag drink with vitamin c,2
anbesol liquid,2
anti itch,2
extra strength neocitran flu night,2
good neighbor pharmacy night time,2
target cold/flu relief,2
adc comprimes,2
atuss ds tannate suspension,2
alpha-difluoromethylornithine,2
interferon beta precursor,2
alesse 28,2
megral tabs,2
desowen,3
symbicort forte turbuhaler,2
nighttime cold and flu extra strength medicine,2
rynex dm,2
decongestant antihistaminic syrup,2
lutera 28,2
daytime and nighttime cough relief,2
maxzide,2
cod liver oil usp,2
bpbio1_000386,2
robaxisal extra strength,2
careone acid reducer,2
kroger allergy relief,2
cellapy haircell,3
topcare nite time cold and flu relief,2
atenolol scopolamine,2
ocuvite vitamin and mineral supplement capsules,2
lutrepulse kit,2
necon,2
daytime nighttime severe cold and flu,2
vicks nyquil cough,2
dexbromfeniramina,2
esterified estrogens and methyltestosterone,2
severe sinus congestion,2
ac-4232,2
marlissa,2
hot lemon relief-extra strength pck-pws,2
invisible pain,2
formula csp with vitamins a c and zinc loz,2
cherry sore throat relief lozenge,2
nighttime relief severe cold and flu,2
ls-97533,2
navildez,2
super-a vitamins with selenium dietary supplement,3
winco foods effervescent antacid and pain relief,2
spasmhalt-asa-8,2
cough and cold relief hbp,2
norgesic forte,2
rejuvesol,2
apo-latanoprost-timop,2
sodium penicillin,2
renovo,2
quality choice nighttime cold and flu,2
hp-pac,2
c1687,2
md cell scalp,3
apo-telmisartan/hctz,2
contac cough  cold and flu caplets,3
uroav-81,2
"calcium & magnesium with potassium, zinc, manganese & vitamin d",3
g-p-tuss dxp,2
triaminic cold and allergy,2
pronal - c1/2 capsules,2
sandoz alendronate/cholecalciferol,2
benylin all-in-one cold and flu night extra strength syrup,2
belladenal,2
buffered vitamin c plus magnesium,2
previfem,3
scot-tussin dm maximum strength cough suppressant and cold relief,2
supress a,2
perandren,2
advil cold and sinus plus,2
nite time multi symptom cold/flu,2
nighttime severe cold and flu,2
navelbine,3
synergistic manganese capsules,2
severe cold and flu nighttime daytime,2
overtime,2
multi-symptom cold,2
conrx nighttime,2
vitamin d,2
uro-mp,2
rexall daytime nighttime cold and flu,2
act latanoprost/timolol,2
navirel,2
actisep,2
flanax,2
unii-6yuu2pv0u8,2
mustine,2
advil allergy sinus,2
multi symptom cold plus childrens,2
bio-b12,2
luteinizing hormone,2
phenohytro,3
cold head congestion,2
delsym cough plus soothing action,2
novidroxin,2
b & j formula dietary supplement,2
chlo hist,2
rx act cough and sore throat,2
dual mix,2
calcium and mag-potass and zinc cap,2
brovex peb dm,2
night time softgels,2
"cold and flu daytime, nighttime, maximum strength",2
novartis brand of pamidronate disodium salt,2
lamivudine zidovudine,2
tianhe gutong tiegao,2
buckleys nighttime cold and sinus,2
pentam,2
childrens dimetapp cold and cough,2
hesol rim,2
external analgesic,2
vitamin b6 & b12 with folic acid,2
topcare cough relief honey lemon flavor,2
theraflu warming relief nighttime multi-symptom cold caplets,2
oti cal,2
trinessa,2
colds & coughs,2
ncgc00021679-03,2
ophtrivin a ophthalmic dps,2
tri-sprintec,3
"(2s)-2-[[4-[[(6s)-2-amino-5-formyl-4-oxo-1,6,7,8-tetrahydropteridin-6-yl]methylamino]benzoyl]amino]pentanedioic acid",2
d00961,2
calcium with vitamins c and d tab,2
painkoolers topical analgesic,2
dimaphen dm,2
benylin dm-e menthol extra strength cough and chest congestion,2
sels mexicain,2
centrisa lo 21,2
topcare tussin dm nighttime cough,2
night relief cold and flu liquid capsules,2
xoten-c,2
nighttime cold and flu cherry,2
dentalgar liq,2
spectrum2_000094,2
ndm scalp,2
complete liquid capsules,2
best health sore throat relief cherry flavor,2
teva-latanoprost/timolol,2
dg health cold head congestion,2
good sense allergy relief,2
coricidin hbp maximum strength flu,2
zicam,2
sanaflu xtra,2
camrese,2
c29974,2
hanshinnocol,2
vitamin and mineral supplement - liq,2
jack & jill children's formula cough liquid,2
"methyl (2b,3b,4b,5a,12b,19a)-4-(acetyloxy)-15-[(6r,8s)-4-ethyl-8-(methoxycarbonyl)-1,3,6,7,8,9-hexahydro-2,6-methanoazecino[4,3-b]indol-8-yl]-3-hydroxy-16-methoxy-1-methyl-6,7-didehydroaspidospermidine-3-carboxylate",2
kbio2_004207,2
cold sore lotion,2
evista,2
flex capsules,2
penicillin g potassium salt,2
spbio_002569,2
aminomux,2
molport-002-131-054,2
c 106 tab,2
eurovinorelbin,2
isoproterenol hydrochloride injection usp,2
lancell hair loss prevention hair grower tonic,2
vicks formula 44,2
9alpha-chloro-16beta-methylprednisolone,2
medi-derm / l with lidocaine rx,2
carepanto,2
dimetapp extra strength dm cough & cold,2
crystapen,2
folic acid 1mg with c 20mg,2
tylenol cold plus flu severe day/night,2
abee med,2
vanacof-8,2
avalide 150/12.5 mg,2
family care cold and flu multi symptom,2
nitetime severe cold and flu relief,2
c45h54n4o8,2
atropine care,2
minipress,2
balahist dm syrup,2
caldomine dh enfant,3
viskazide 10/50tab,2
hsdb 2199,2
pms-pharnal-c1/2 capsules,2
suprefact,2
donnagel liq,2
vinorelbinum [latin],2
cold and cough childrens,2
opcon-a,2
lo-femenal 21 tablets,2
teva-atovaquone proguanil,2
ac1l1gfk,2
min-ovral 21,2
skinfood real tea ge l mask chamomile,2
menthacin lotion,2
desogestrel and ethinyl estradiol,2
alahist dm,2
medrox-rx,2
"calcium & magnesium citrate plus d with manganese, potassium & zinc",3
ortho-cept tablets (21 day),2
cosopt,2
m-hist dm,2
mls002695888,2
cas-133-67-5,2
chebi:480999,2
cepacol sensations sore throat cooling ice cool,2
momentum,2
gencontuss,2
vita-folic-b caps,2
triaminic cold & nighttime cough,2
pentamidine isetionate,2
lidopro,2
codituss dm,2
muscle relaxant and back pain relief extra strength tablets,2
cid644241,2
exforge hct,2
equate nighttime liquid capsules,2
jamp-dorzolamide/timolol,2
good neighbor pharmacy cold multi symptom,2
clear eyes cooling itchy eye relief,2
tuinal pulvule 303,2
navelbin,2
childrens multi-symptom cold plus dye-free,2
epoch,3
dristan capsules,3
cepacol sensations cooling,2
hasol anagen hair tonic,2
medi-derm rx,2
"robitussin total cough, cold & flu extra strength",2
mpa,2
care one cold head congestion,2
imc-3g3,2
88430-50-6,2
fluorox,2
dimetapp liqui-gels cap,2
nitetime daytime severe cold and flu,2
atacand plus,2
miorel,2
benylin all-in-one cold & flu nighttime,2
c019248,2
dibromm dm,2
triaminicol dm syrup,2
top value effervescent pain relief,2
calplus,3
adriblastina,2
exoten-c,2
seasonique,2
madeca derma mask,2
min-ovral 21 tab,2
atacand hct,2
a & c powder,2
cold medication extra strength night time,2
sam001246612,2
7414-83-7,2
mag-a-folic tab,2
benylin extra strength mucus & phlegm plus cough control,2
oxipor lotion,2
db00407,2
vicks nyquil liquicaps cold and flu multi-symptom relief,2
ls-195224,2
night time total extra strength,2
cherry sore throat lozenge,2
being well night time cold and flu,2
triaminicin colds & flu caplets,3
methoxisal-c 1/4,2
oral analgesic maximum strength,2
aspirin night-time,2
113-98-4,2
db01064,2
reclipsen 28,2
bio t pres-b,2
donnatal extentabs srt,3
bye bye burn lot,2
pms-candesartan hctz,2
"benzeneacetic acid, .alpha.-(hydroxymethyl)-, 8-methyl-8-azabicyclo[3.2.1]oct-3-yl ester, [3(s)-endo]-",2
kidmag vitamins w magnesium tab,2
vagisil,2
proctosedyl suppositories,2
ratio-tecnal,2
tri-cyclen lo        (28 day),2
chenodeoxycholic acid,2
night time multi symptom flu cold medicine,2
curretab,2
ar-1h4769,2
nightrelief free multi symptom cold flu,2
apo-atenidone,2
night cold flu cough and allergy,2
amturnide,2
prestige jeju snail toner,2
icaps time release,2
adifax,2
zinda-candesartan/hydrochlorothiazide,2
femhrt,2
c17h23no3,2
p.m. cold relief formula,2
pediacare childrens plus flu,2
sandoz proctomyxin hc,2
severe nighttime cold and flu,2
follicle-stimulating hormone beta subunit,2
itabs plus,2
ac1q3xl2,2
c627,2
personal care,2
ornade dm 15 liq,3
feverall,2
"tylenol complete cold, cough & flu nighttime",2
dimetapp extentabs,2
effervescent antacid and pain relief,2
tri-lo-sprintec,2
dicel cd,2
aubra,2
tri-previfem   (28 day),2
severe nighttime,2
donnagel,2
kroger cough cold and flu,2
eulipos,2
tussin dm cough nighttime maximum strength,2
tri vi flor tab,3
atropine,2
kidkare cough/cold,2
bionatuss dxp,2
immu-g,2
sucrets complete cool citrus,2
muscle and back pain platinum relief,2
dg health maximum redness relief,2
c833,2
brom tapp dm,2
nicold medicine for adults,2
genuine first aid industrial first aid,2
smart sense nighttime,2
multi symptom cold childrens,2
"9-chloro-11beta,17,21-trihydroxy-16beta-methylpregna-1,4-diene-3,20-dione",2
cold/flu medicine,2
trandolapril and verapamil hydrochloride er,2
cold and flu day night,2
cough and sore throat nighttime,2
osteo formula,3
up and up cold flu relief multi symptom night,2
good sense severe nighttime,2
prinzide,2
cepacol extra strength sore throat cherry,2
ncgc00161600-03,2
orajel ultra canker sore medicine,2
day time nighttime cough,2
anbesol maximum strength liquid,2
cepacol extra strength sore throat and cough,2
hms2089n12,2
day relief night relief free,2
good sense nighttime cough,2
tylenol cold and flu nighttime,2
lutera,2
nitetime severe cold and flu,2
dorzolamide hydrochloride and timolol maleate ophthalmic solution,2
up and up nighttime cough control,2
poly hist pd,3
smart sense cold and cough,2
aldactazide 50,2
clear eyes redness relief handy pocket pal,2
dcl000136,2
cooper a.r.,2
c15493,2
5543-57-7,2
multi-symptom daytime and nighttime cold and flu relief plus,2
mylan-telmisartan hctz,2
hipolixan,2
robaxisal caplets,2
otic care antipyrine and benzocaine,2
lexicaps,2
folinic acid-sf,2
treximet,2
optic splash,2
atpgammas,2
disulone,2
daytime nighttime multi symptom cold and flu relief,2
carbaphen ped ch,2
mendex,2
unipres,2
skinfood miracle food 10 solu tion 1ml,2
tussin nighttime cough dm maximum strength,2
donnatal elixir,3
alka-seltzer plus cold medicine sparkling original,2
blue collyrium,2
alka-seltzer plus severe cold and flu formula,2
rajani,2
l001264,2
trivora,2
equaline daytime and nighttime cold,2
analgesic and muscle relaxant,2
health mart cold and cough childrens,2
nightcap cold and flu liquid gels,2
nuvaring,2
inhibace plus - tab,2
ocuvite vitamin and mineral supplement,2
"2-pyridinepropanamine, .gamma.-(4-bromophenyl)-n,n-dimethyl-, (s)-",2
growth hormone 1,2
dppe,2
tiloryth,2
clorpres,2
overtime-x,2
smr000059147,2
ecteinascidin 743,2
aedon,2
triaminic multi-symptom fever,2
ctla4-ig,2
sunmark cold,2
harris teeter nighttime,2
orasep,2
dcl000615,2
therapytion natural relaxing,3
cold and flu,3
nighttime liqua caps,2
"(3s,6s)-6-(dimethylamino)-4,4-diphenylheptan-3-yl acetate",2
vitamin and mineral supplement capsules,2
immuglobin,2
osteo formula tab,3
mirvala 28,2
bpm-dm-phen,2
tandem dha,2
valsartan and hydrochlorothiazide,2
alka-seltzer lemon lime,2
naphcon a,2
night time relief,2
"vitamin a (100,000 iu) and vitamin e (20 iu) oral liquid preparation",2
harris teeter nighttime cold and flu,2
kanga-kid vitamins & iron,2
topcare cold and cough,2
aurotussin maximum strength daytime and nighttime cough relief,2
altipres-b,2
sandoz travoprost / timolol pq,2
dolor-parche with lidocaine-rx,2
velivet triphasic regimen,2
diopticon a liq,2
dg health night time cold and flu relief,2
winco foods effervescent cold relief,2
scalpicin anti-dandruff anti-itch liquid,2
scal-tonic intensive liquid hair care,2
therapy pain,2
esgic,2
aknefug,2
prestwick3_000565,2
l-betagamma-meatp,2
teva-dorzotimol,2
antipyrine and benzocaine otic,2
emoquette,2
hot lemon relief for symptoms of cold and flu forte,2
buffered vitamin c powder with ca mg and k,3
ncgc00018113-03,2
mucinex fast-max day severe cold and night cold and flu,2
ru-tuss expectorant,2
cmx topical pain,2
nicomide,2
climara pro,2
premplus cycle,2
quasense,2
isoprenalina,2
cepacol extra strength sore throat sugar free cherry,2
benylin cough & chest congestion for people with diabetes,2
lemon time,2
pro biosan kit,2
dap001436,2
multi symptom cold and flu relief nighttime,2
motrin platinum muscle and body,2
cpd-12479,2
bromfeddm dm,2
cortisone,2
rifamate,2
metreton tab,3
kbio2_001639,2
painkoolers,2
hemetab,2
kw 2307 base,2
eye drops,2
orajel for codl sores relief and concealer,2
neo-diophen,2
tenoretic 50/25mg tab,2
daytime pe nitetime,2
vitamin e + 3 (extra strength),2
uro-l,2
pharmetapp elixir,2
sodium benzylpenicillin,2
as 3,2
probampacin,2
effervescent potassium chloride,2
equaline nighttime,2
lexotan,2
ur n-c urinary antiseptic,2
cpd000466329,2
unii-7c0697dr9i,2
atovaquone and proguanil hydrochloride,2
citron chaud dm option + pws,3
inderide-80 tab,2
rotex,2
daytime and nighttime cold and flu relief,2
darvon n compound pulvule 405,2
summit ultra,2
nsc722665,2
benylin dm-d-ah chewables for children,2
pain relieving roll-on,2
fortovase,2
valsartan hct,2
nitetime d,2
chromease tab,2
rhume et de la grippe (extra-fort),2
dimetane expectorant-dc syr,2
lisinopril/hctz (type z),2
relcof dm,2
claravis,2
follitropin beta chain precursor,2
night relief,2
collyre bleu,2
c38h50n6o5,2
nighttime cold,2
durachol,2
sr-05000013784-1,2
sentraflox am-10,2
vicks nyquil cold and flu,2
apo-alendronate/vitamin d3,2
preven tablets,2
formula l.g.i.,2
linessa 21,2
c320,2
ayuna,2
irbesartan and hydrochlorothiazide,2
health mart night time cold and flu,2
tussin dm maximum strength,2
cléo -35,2
telmisartan and hydrochlorthiazide,2
balanced salt,2
night-time multi-symptom cold/flu cherry,2
malacide,2
lancell hair loss prevention hair grower clean formula,2
tri-vi-sol drops,3
true pain relief plus,2
original night-time multi-symptom cold/flu relief,2
terocin,2
"nighttime extra strength contac complete cough, cold & flu plus vitamin c",3
nikki,2
brotapp dm cold and cough,2
visine a multi-action eye allergy relief,2
duetact,2
calcium et magnesium plus vitamin d,2
l-1-yl)-3-(trifluoromethyl)phenyl]benzamide,2
good neighbor pharmacy severe sinus congestion,2
marvelon,2
calcium magnesium avec vitamine c,2
timolide tab,2
equaline nighttime cold and flu relief,2
sch-9724,2
innovar inj,2
childrens robitussin nighttime cough long-acting dm,2
daytime nighttime cold and flu relief,2
healthy accents cold and cough,2
teva-triamterene/hctz,2
hot lemon cough and cold relief dm,2
daytime nighttime severe cold and flu relief,2
formula im-vitamins and minerals tab,2
cepacol extra strength sore throat tangerine,2
jayjun baby pure shining mask step2 baby pure shining mask,2
cid2153,2
proben-c,2
blue ice pain relieving,2
r-1415,2
act irbesartan/hct,2
topcare nite time cough,2
isopropyl noradrenaline,2
zestoretic tab 10/12.5mg,2
sandoz pentasone,2
megxp0_001878,2
psoricare crm 3%,2
adriblastin,2
l-isopropylnoradrenaline,2
allergy,2
"(2s)-2,6-diaminohexanoic acid",2
capzasin quick relief,2
up and up cold flu relief day night,2
p01225,2
accutane roche,2
tri-lena lo 28,2
up and up cold relief,2
t-pa cap,2
your logo here burn first aid,2
calcimar,2
"cal-mag complete with zinc, c and d",3
minipress xl,2
75847-73-3,2
db00523,2
globucel - methode,3
adrenergy tablets,2
donnatal tab,3
urin d/s,2
dimetapp clear,2
"abacavir sulfate, lamivudine and zidovudine",2
fresh med solution,2
kbioss_001639,2
thiuranide,2
flp,2
leader nite time cough,2
valisone-g ointment,2
ready america first aid pocket - 33 pieces,3
avita,2
actikerall,2
symbyax,2
mls000069426,2
mya,3
effervescent vitamin c powder with ca and mg,2
ccris 3080,2
esimil,2
betamethasone clotrimazole,2
multimineral chelates,2
tarceva,2
tnkase,2
tri-lena lo 21,2
oprea1_442738,2
fioricet,2
bicalutamide (jan/usp/inn),2
cherry throat relief lozenges,2
hot lemon relief for cold symptoms pws,2
nsc-707389,2
tri-cyclen tablets - 28-day,2
ncgc00167977-02,2
vigem 12 liquid,2
naphazoline hydrochloride and pheniramine maleate,2
robax platinum,2
chloraseptic sore throat max liquid center,2
extra strength tylenol cold and flu nighttime,2
ncgc00016317-01,2
delta-cortef,2
haemonetics additive solution formula 3 (as-3),2
mls000069795,2
lipovitan,2
"prime's sore throat, cough and colds capsules",2
cal/mag 1:1 with zinc and vitamin d - tablet,2
"globulin, immune human serum",2
micardis hct,2
lidl redness relief,2
citron chaud réguliern dm,2
sore throat logenzes sore throat,2
coldaside cold & flu extra strength,2
sam002554885,2
t0179,2
triphasil 28,2
c498826,2
alo therapeutic massage pain relieving,2
dallergy,2
revesta,2
careone severe sinus congestion,2
bite relief,2
"acetaminophen, chlorpheniramine maleate, dextromethorphan hydrobromide, phenylephrine hydrochloride",2
neophedan,2
ac1l1twq,2
sucrets complete,2
tekturna hct,2
effervescent pain relief,2
ncgc00091019-08,2
counteract sinus and allergy,2
urologic solution g,2
all-nite cold and flu,2
tis-u-sol,2
hot lemon relief powder,2
cold and cough nighttime cool blast,2
pioglitazone hydrochloride and glimepiride,2
minims,2
anaspaz,2
shoprite ni calm,2
quality choice effervescent cold relief plus,2
db02556,2
cold and flu relief nighttime,2
delsym cough relief plus soothing action,2
byvalson,2
broncochem cold and flu caplets,2
topcare day time nite time,2
tri-lo-marzia,2
creosedin,2
infant's multiple vitamin drops,3
"cough, cold & allergy relief",3
ultra therapy pain relief,2
topcare cough relief sugar free cherry flavor,2
carbaphen ch,2
flu relief childrens,2
probenecid and colchicine,2
apo-abacavir-lamivudine-zidovudine,2
leader nite time,2
formula ch. les.,2
port a mins super cal-mag 300/150 with vitamin d3,2
alka seltzer plus cold,2
menocal tab,3
cold and flu nighttime relief syrup extra strength,2
fluzon,2
fe c tab plus,3
capment,2
7683-59-2,2
night time liquid caps cold flu multi symptom,2
"(+,-)-tropyl tropate",2
enzogenol,2
dalmacol,2
levatio patch,2
apri 21,2
tussaminic dh pediatric syrup,3
coricidin hbp day and night,2
gabazolamine,2
clonex,2
good neoghbor pharmacy tussin dm max nighttime cough,2
scalp scaling,2
min-ovral 28,2
"tropic acid, 3-alpha-tropanyl ester",2
atrosulf,2
stona-s,2
picot plus effervescent,2
prazosin hcl,2
yondelis,2
advil cold & sinus convenience pack,2
reme d,2
corzide tab w nadolol 40mg,2
daytime cold and flu severe and nighttime cold and flu severe,2
novo-cilazapril/hctz,2
mls000759437,2
nighttime cold and flu original,2
pronal capsules,2
walgreen nighttime cold and flu relief,2
good neighbor pharmacy multi symptom,2
md cell solution,2
fluress,2
effervescent pain relief fast relief,2
triphasil 28 tab,2
good sense severe sinus congestion,2
ornade liquid,2
sunmark nite time cough,2
teva-lamivudine/zidovudine,2
ice,2
fiorinal c1/4,2
alka-seltzer plus cold and cough,2
delalutin,2
little ouchies little remedies pain relief,2
c379,2
zolben,2
megrix,2
benylin dm-d-e extra strength with menthactin,2
bonnoir hair medi,2
methoxisal extra strength,2
fyzical sports pain relief 1-cool,2
glenmax peb dm,2
orajel instant pain relief maximum strength,2
genuine first aid emergency preparedness contains 167 pieces hardcase,3
thyroxine,2
"1,3-dimethyl-7h-purine-2,6-dione",2
cold and flu medicine - night time formula,2
aurodex,2
ortho evra,2
ocuvel,3
dg health pain relief cold night time,2
gh-n,2
hematogen,2
mixed berry throat lozenge,2
viskazide 10/25tab,2
pallerix,2
flu hbp maxium strength,2
cough and cold hbp decongestant-free,2
apo triazide,2
chateal,2
lytensopril-90,2
equagesic tablets,2
zincfrin a,2
pamidronate calcium,2
calmurid hc,2
new premium notamo tonic,3
clerian h,2
riva-dorzolamide/timolol,2
contact c src,2
smart sense severe cold and flu nighttime,2
ibuprofen+methocarbamol caplets,2
61-33-6 (parent),2
guardyn tab,3
ctx,2
antidouleurs rezall,2
optivite vitamin and mineral supplement tablet,2
daytime nighttime cold and flu relief multi-symptom,2
care one cold multi symptom,2
healthy accents night time cough,2
hycomine,2
daytime/nitetime severe cold and flu maximum strength,2
steritears ar,2
phosphasal,2
prestwick2_000565,2
canesten,2
multi symptom nighttime cold and flu relief,2
butalbital compound,2
kama sutra pleasure balm,2
topcare nite time,2
ncgc00093951-01,2
top value effervescent cold relief,2
advil allergy and congestion relief,2
muscle relaxant and analgesic caplets,2
ncgc00093951-03,2
tri-lena 28,2
beta-retinoate,2
contac cold extra strength capsules,2
vitamin b12 plus tablets w folic acid,2
extra strength dm cough and cold syrup,2
retin-a micro,2
dom-gentamicin-betamethasone,2
orkambi,2
rasilez hct,2
vinorelbinum,2
nighttime d cold and flu relief,2
golf vitamin and mineral supplement,2
tamnamo plus vital hair,2
brotapp pe-dm cough and cold liquid,2
cough relief nighttime,2
candesartan hct,2
osteo-life,2
theo von ct,2
wellbutrin xl,3
chelated cal/mag/zn with vitamins,2
healthy accents cold,2
voir,2
spectra 301 vitamin and mineral supp,3
corzide,2
muscular balm,2
58-05-9,3
folbic,2
marvelon 28,2
v-v dietary supplement,2
cosopt pf,2
being well cold flu relief pm multi symptom,2
cid6426842,2
liquid calcium and magnesium with vit.d,2
ifn-beta,2
"coricidin hbp cough and cold cough suppressant, antihistamine",2
gh,2
fulton street market cold and flu,2
"hot lemon relief for symptoms of cough, cold and flu",2
a.s.a. with methocarbamol night-time extra strength,2
retin a (tn),2
atovaquone proguanil,2
gfa first aid kit essentials - 33 pieces,3
choledyl sa,2
chembl69905,2
bicalutamide [usan:inn:ban],2
mls000028393,2
fulton street market night time cold and flu,2
equaline childrens cold and cough,2
contac night cough syrup,2
stalevo,2
c6h14n4o2,2
casodex (tn),2
5'-noranhydrovinblastine,2
alka-seltzer extra strength,2
krx-0601,2
tri-buffered asa tab,2
methaver,2
simply right night time,2
neo dm drops dm,2
mucinex fast-max night time cold and flu,2
calcium/magnesium/vitamin d - capsule,2
mls000759533,2
maximum strength nighttime cold/flu relief,2
triple action arthritis,2
c1440,2
gaboxetine,2
prestwick1_000565,2
niacinamide 250mg with 50mg c,2
piceatannol,2
ac1ld0nq,2
cold & sinus liquid capsules,2
"buckley's complete extra strength cough, cold and flu night",2
ncgc00015026-13,2
super b12 + folic acid,2
dap000092,2
acon1_000046,2
x-seb t plus conditioning shampoo,2
idi1_033965,2
equate nite time cough,2
wellbutrin,2
cold and flu relief daytime nighttime,2
icaps,2
robitussin medi-soothers cough dm,2
ncgc00094699-02,2
unii-4gy0avt3l4,2
"cold and flu severe, nighttime, maximum strength",2
gammar,2
reumazin,2
painmd max,2
caziant,2
therapytion natural deep clean,3
freya 21,2
q-10 plus,2
teva-lisinopril/hctz (type p),2
cold and cough,3
ncgc00161590-03,2
atomy herbal hair tonic,2
niamide,2
nighttime cold and flu relief alcohol free,2
"lansoprazole, amoxicillin, and clarithromycin",2
cough,2
capsiderm,2
urelle,2
good neighbor pharmacy first aid contains 202 pieces,3
ornade spansule  src,2
drospirenone and ethinyl estradiol tablets usp (21-day regimen),2
pro-chlo,2
super c-m-k,2
family care thera flex,2
clotrimazole and betamethasone dipropionate,2
tri femynor,2
niacinamide 250mg with vitamin c,2
c22h29fo5,2
mylan-lisinopril hctz,2
donatussin,3
esme 28,2
richennapharm growmax hair care tonic,2
altace plus felodipine 2.5mg + 2.5mg,2
cal-mag citrate zinc & vitamin d tablets,2
prestige jeju snail essence,2
cold pe,2
mixed berry sore throat lozenge,2
"hot lemon relief for symptoms of cough, cold and flu extra strength",2
sentroxatine,2
cepacol ultra sore throat,2
benylin 1 nightime with menthactin,3
bio-rytuss,2
med-latanoprost-timolol,2
uribel,2
equaline daytime and nighttime cold and flu relief,2
notamo hair tonic,2
garasone ophthalmic and otic solution,2
salinocaine,2
estarylla,2
pulmorphan pediatrique,2
amethyst,2
portia 21,2
phrenilin forte,2
nite time (children's),2
soothanol x2,2
clerian,2
vinelbine,2
isuprel liq 0.2mg/ml,2
equate daytime nitetime,2
mencaps,2
vicks nyquil d cold and flu nighttime relief,2
thymunase tab,2
atropin [german],2
folcaps,2
dr.jart dermask micro jet clearing solution,2
duavee,2
aldactazide 25,2
good neighbor pharmacy night time d,2
the all medicare v pla synergy whitening mask,2
cough relief daytime nighttime,2
cal-mag vitamin c and zinc tab,2
d00113,2
hot lemon relief  pck-pws,2
act dorzotimolol,2
tussin nighttime cough control,2
c18h14f4n2o4s,2
medi-first burn first aid,2
chlo tuss,2
avalide 300/12.5 mg,2
night time cherry,2
travel sickness,2
ncgc00161590-06,2
"active calcium plus magnesium, vitamin d and silicon",2
ser-ap-es tab,3
urolet mb,2
vicks nyquil severe cold and flu,2
ncgc00161590-02,2
soothe allergy,2
atragen,2
magnesium cap,2
clear-n-smooth,2
medique medi seltzer,2
navin,2
[11c]pyrilamine,2
dayclear cough cold and flu,2
vasotec,2
insect sting relief pad,2
colprep kit,2
lh,2
hot lemon extra strength,2
kerasal topical solution,2
symbicort,2
muscle relaxant and back pain relief regular strength tablets,2
multi symptom cold plus childrens pain relief,2
aminoderm poudre,3
migergot,2
alka-seltzer plus,2
me naphos mb hyo 1,2
kimidess,2
a + d ointment,2
arthritis relief,2
benylin for children all-in-one cold and fever,2
glenmax peb dm forte,2
e.v.c. vitamins tab,2
cough and runny nose childrens plus,2
testoral,2
c939,2
pituitary growth hormone,2
malarone pediatric,2
"bodysmarts with vitamins a, c and e",2
"aspirin and extended - release dipyridamole capsules, 25 mg / 200 mg",2
carti-aide tab,2
night time cough and sore throat cool blast,2
smr000466329,2
visine for allergy with antihistamine,2
up and up nighttime cold and flu,2
nchembio.307-comp21,2
dap000765,2
zinda-telmisartan/ hctz,2
zarah 28,2
doloracin/l rx with lidocaine,2
retavase,2
night time cherry pseudo-free,2
"n5-formyl-5,6,7,8-tetrahydrofolic acid",2
navelbine base,2
careone nitetime cold flu relief,2
severe cold and flu,2
daytime nighttime cold flu relief,2
macrol,2
drospirenone and ethinyl estradiol tablets 28,2
ana-kit,2
dg health cold multi symptom nite time,2
multiple electrolyte additive inj,2
triaminic dm expectorant syr,2
ustell,2
vasaten,2
gamulin,2
"fluorescein sodium & benoxinate hydrochloride ophtalmic solution, usp",2
alka-seltzer plus night cold medicine,3
daytime nighttime cold/flu,2
dimetapp chewable tablets,2
topcare severe sinus congestion,2
arthrotec,2
brd-a27290375-001-01-8,2
dg health childrens cold and cough,2
mls000028738,2
dr. throwers pbc no. 1,3
"multi-symptom cold relief daytime, nighttime",2
dimetapp-c syr,2
av-vite fb,2
previfem   (21day),2
chembl462399,2
lamivudine and zidovudine,2
ultracet,2
malarone,2
parabromodylamine,2
flu hbp maximum strength,2
smr000059004,2
molport-006-823-869,2
cyclen tablets (28 day),2
nyquil severe cold and flu,2
shoprite ni calm cough,2
super cal mag plus,2
db00361,2
equate nite time cold flu relief,2
bronchodex pediatrique,2
152923-56-3,2
rebetron ready to use solution (albumin(human)free) (6000000 iu/ml and 200mg capsules),2
cough and cold,2
spectrum3_000307,2
muscle and back pain relief extra strength,2
up and up jock itch relief,2
nyquil severe,2
extra strength cold medication nighttime rlf,2
ratio-tecnal c 1/2,2
ncgc00021679-04,2
children pediatric vitamins drops,3
dimetapp children's cold & allergy tablets,2
probeta - liq oph,2
childrens metapp daytime,2
ru-hist plus,2
m-end dmx,2
labella linimento obrero,2
adazin,2
cal-mag (one to one) with potass & zinc,2
genorthix pain relieving roll on,2
ophthocort,2
ncgc00015889-05,2
"cold,sore throat pain & cough ultra strength",2
cipril,2
ratio-irbesartan hctz,2
calmax,3
orajel multi-action cold sore medicine,2
childrens plus flu with pe,2
qtern,2
alka-seltzer plus night cold and flu formula,2
infants' vitamin drops,3
muscle and back pain relief with asa extra strength,2
ascomp with codeine,2
teva-spironolactone/hctz,2
renovel,2
vinorelbine (inn),2
linessa 28,2
equate nitetime daytime,2
uramit mb,2
dust,2
cajun hot ice muscle and joint pain rub,2
q-tapp dm elixir,2
symbicort 200 turbuhaler,2
isoretinoin,2
phs hair science pro hair loss tonic,3
nitetime cold relief extra strength,2
"(6r,s)-5-formyltetrahydrofolate",2
e-ferol,2
neocitec,2
actonel sachet kit,2
aquasol a & d drops,2
hot lemon relief - extra strength,2
multi symptom cold relief childrens,2
flu multi symptom relief,2
safeway nighttime cold and flu,2
grippalin & c tab,2
flexin,2
somatotropin precursor,2
tretinoin (tn),2
nitetime cold medicine liq,2
circle k nighttime cold and flu,2
nighttime cold multi-symptom cool blast,2
kurvelo,2
nite-time cold and flu multi-symptom relief,2
vicks dayquil tropical and vicks nyquil cherry cough,2
md cell,2
lutrelef,2
formule 7561 caps,2
nioxin recharging complex,3
topcare day time nite time cold and flu,2
family care thera flex pain,2
fsh,2
prostat burn first aid,2
cough and sore throat multi symptom,2
junior strength cold dm  -  tablet,2
eunades,2
coenzyme q10 isotonix vitamin and mineral supplement,2
tylenol cold max night,2
ft-0080576,2
advair diskus,2
leader nite time severe cold and flu,2
apo-ramipril/hctz,2
tibinide,2
family care cough nighttime,2
c238,2
"5-formyl-5,6,7,8-tetrahydrofolate",2
flu bp maximum strength,2
good sense severe nighttime cold and flu,2
esme 21,2
fluoro-methyl-(4-methylpiperazin-1-yl)-oxo-[?]carboxylic acid,2
up and up severe cold and flu nighttime,2
afirmelle,2
coldaside cough & cold,2
raloxifene hcl,2
pms-ramipril-hctz,2
hasol intensive scalp tonic,3
"dimetapp cough, cold & flu",3
thiuram e,2
madeca,2
nyquil cold and flu,2
t.a. vit a & d ointment,2
children's tylenol cough and runny nose,2
bupropion hcl,2
cid4674,2
hypertenevide-12.5,2
atuss da,2
agarol eml strawberry,2
acella antipyrine and benzocaine otic,2
"nighttime extra strength contac complete cough, cold & flu",2
qismette 21,2
folic acid-b12 tab,2
mononessa,2
topcare cold,2
gamastan,2
zarah 21,2
7 select night time relief,2
cold + sinus nighttime,2
cold relief dm,3
bidd:pxr0186,2
med-dorzolamide-timolol,2
medi-derm / l with lidocaine,2
liptruzet,2
jayjun real water brightening black mask step2 jayjun vita snow essence,2
extra strength nighttime flu pe,2
healthy accents cold head congestion,2
dorzolamide hcl /timolol maleate,2
butapap,2
good neighbor pharmacy severe night time,2
equaline night time cough,2
triphasil 21,2
contac cold and flu cooling relief,2
reclipsen,2
gonadotropin releasing hormone,2
bb medicated pain relieving oil,2
molport-006-808-679,2
cyestra-35,2
tussilyn dm,2
dimetapp dm cough & cold,2
strazepam,2
nite-time cold/flu original,2
vinorelbina,2
extra strength neocitran total night,2
didronel,2
nighttime total super strength,2
tenoretic,2
pergonal 75 i.u.,2
sunmark nite time d cold and flu,2
vitamines a - d calcium,2
tenoretic 100/25mg tab,2
urophen mb,3
cepacol sore throat maximum numbing honey lemon,2
extra strength tylenol cold and flu powder,2
hematogen fa,3
cold head congestion daytime / nighttime,2
zestoretic tab 20/12.5mg,2
dimetapp cough & cold liqui-gels  -  cap,3
new terocin,2
cold max nighttime,2
triaminic expectorant dh syrup,3
capsodan cream,2
theraplus plus,2
sanaflu night-time xtreme multi-symptom cold/flu relief cherry flavor,2
"benzeneacetic acid, .alpha.-(hydroxymethyl)-, (3-endo)-8-methyl-8-azabicyclo[3.2.1]oct-3-yl ester, (.alpha.s)-",2
cough and cold hbp,2
careone cold and cough,2
ran-irbesartan hctz,2
nitetime cough daytime cough,2
leader nite time multi symptom cold flu relief,2
meletin,2
pediatric cough and cold medicine,2
acme first aid contains 404 pieces,3
atovaquone and proguanil hcl,2
calcium with mg zn mn cu cr si and vit. c & d,3
neocitran cough & cold syrup,2
c888,2
kbio3_001374,2
vasocon a eye drops,2
complete one cold and flu nightime extra strength liquid,2
micardis plus,2
elinest,2
raffolutil,2
mylan-valsartan hctz,2
cough day night,2
bellergal-s,2
clear eyes cooling redness relief,2
101-31-5,3
extra strength tylenol cold nighttime caplet,2
vitamin d3dietary supplemen dietary supplement,2
extra strength day and night cold medication,2
triaminic multi-symptom fever and cold,2
teva-lisinopril/hctz (type z),2
daytime nighttime multi symptom cold flu relief,2
apo-lamivudine-zidovudine,2
gm-csf,2
head congestion,2
adriamycin,2
benylin dm-d-ah for children,2
genz-112638,2
smart sense acid reducer,3
cerdelga,2
fusion pm formula tab,2
cold & allergy relief - liq,2
nighttime cough dm maximum strength,2
delsym night time multi-symptom,2
regular strength analgesic & muscle relaxant caplets,2
apo-irbesartan/hctz,2
mist,2
norgestimate and ethinyl estradiol,2
parche leon milagroso,2
trisulfaminic sus,3
c468,2
texaclear fast acting allergy relief,2
"medicament pour le rhume, nuit",2
nighttime 325 liqua caps,2
leader cold head congestion,2
night time day time cold and flu,2
vinorgen,2
navelbine (tn),2
yasmin 28,2
jamp-latanoprost/timolol,2
equaline nighttime severe cold and flu,2
equaline,2
pain relieving,2
"retinoic acid, 9-cis-",2
humco strong iodine tincture,2
new premium notamo,3
formula osg,3
pms-clotrimazole-betamethasone,2
munit-e tablet,2
upcmld-dp018,2
ndm scalp tonic,2
torrent-telmisartan and hydrochlorothiazide,2
telmisartan and hydrochlorothiazide 80 mg/12.5 mg,2
easter scalp tonic,2
chela calmag-300 plus zinc d3,2
robitussin children's cough & cold bedtime,2
thomas formula no 17,2
up and up childrens cold and cough,2
medi-patch with lidocaine,2
apo-spirozide tab,2
rescon dm,2
disodium pamidronate,2
ncgc00016398-01,2
dom-irbesartan-hctz,2
"cough, cold & flu super strength",2
telmisartan and hydrochlorothiazide 80 mg/25 mg,2
agarol vanilla laxative liq,2
cold,2
severe cold and flu daytime/nighttime,2
pentam 300,2
ncgc00016654-01,2
protamine & atropine,2
yasmin plus,2
tl8005814,2
night time original pseudo-free,2
buffered vitamin c pwr w cal-mag-potassium,3
a0754,2
atomy hair treatment,2
ambotz51-55-8,2
ilvin,2
nighttime cough all night cough relief,2
cvs health nighttime cold and flu relief single serve cups cold and flu nighttime relief,2
phs hair science hom hair loss tonic,3
hemarexin amp,2
sine-off allergy tab,2
good sense night time cold and flu,2
benylin for children cough stuffy and runny nose,2
extra strength nighttime cold relief,2
"cold and flu daytime, nighttime, multi-symptom",2
childrens multi symptom fever and cold,2
dg health cold and flu relief night time,2
methoxisal-c 1/2,2
"lansoprazole, amoxicillin, clarithromycin",2
vicks nyquil liquicaps,2
triquilar 28,2
amen,2
ribodroat,2
extra strength dm cough and cold liquid,2
stona for children,2
white hand sanitizer,2
phylloquinone,2
lisnopril/hctz (type p),2
alpha-(isopropylaminomethyl)protocatechuyl alcohol,2
anodynerx,2
zestoretic,2
good neighbor pharmacy night time cough,2
2'-monophosphoadenosine 5'-diphosphoribose,2
alka-seltzer plus cold and cough formula,3
leader nite time multi symptom cold and flu relief,2
teva-alendronate/cholecalciferol,2
luteinizing hormone-releasing factor diacetate tetrahydrate,2
isotretinoin retinoic acid,2
cold and flu nighttime relief,2
quadrapax,3
polycillin-prb,2
formula bp,2
n-isopropylnoradrenaline,2
albalon a,2
vicks dayquil and vicks nyquil cold and flu,2
tretinoine (french) (einecs),2
pamidronate monosodium,2
nighttime cold and flu liquid capsules,2
caldomine dh adulte,3
c7h8n4o2,2
cold and flu nighttime,2
prempro,2
adalat xl plus,2
tibizide,2
isuprel liq 0.5%,2
axum,2
55837-27-9,2
azuphen mb,2
timpilo 2,2
vinorel,2
kirkland signature cold,2
"ct, theo von",2
theraplex acp,2
pain reliever fever reducer,2
fib-c melts,3
cell-wise,3
dcl000360,2
ornade expectorant cough formula,2
megrix otc,2
belladonna alkaloids with phenobartbital,3
dorzolamide hydrochloride-timolol maleate ophthalmic solution sterile ophthalmic solution,2
cas-61413-54-5,2
nighttime d cold and flu,2
topical pain relief,2
n5-formyltetrahydrofolic acid,2
regular strength tylenol cold and flu powder,2
ap-hist dm,2
ciferex,2
a.r.t.h. away formula,2
lomilan,2
virt-vite,2
mylan-dorzolamide/timolol,2
beconasol,2
soothee patch,2
ninjacof,2
nighttime multi symptom,2
dendracin neurodendraxcin,2
atropair,2
eye drops redness and dry eye relief,2
daytime/nighttime cold and flu multi-symptom relief,2
triaminic time release tab,3
cold and allergy,2
follicle stimulating hormone,2
cellapy haircell meso tonic,2
angidol cherry flavor,2
orajel denture pain relief,2
692 tab,2
cold and cough dm,2
nighttime cold relief extra strength tablets,2
teva-valsartan/hctz,2
tylenol cold & flu nighttime,2
pms-dorzolamide-timolol,2
pronal c1/4 capsules,2
hand sanitizer with ve,2
mckesson nite time,2
chlor tripolon decongest syr,2
ortho cept,2
aflexeryl-mc,2
remaxazon external patch,2
cycrin,2
pallerix otc biofrequency chip,2
green guard burn first aid,2
282 mep tab,2
dcl001030,2
daytime cough nighttime cough,2
dimetapp dm elixir,3
cortone,2
atropine sulfate s.o.p.,2
suprep bowel prep,2
muscle relaxant and analgesic,2
careone nighttime cough,2
alphaligo,3
careone nighttime severe cold and flu,2
bioferr 90,3
doll lash,2
topcare nite time day time cold and flu relief,2
cold and flu relief,2
l-hyoscyamine,3
therapytion nokmosu sensitive and dry hair,2
childrens cold and cough,2
pain reliever,2
ac1l1dje,2
d08680,2
tri-vitamin with fluoride,2
cold medication regular nighttime tablets,2
cold/flu multi-symptom relief daytime/nighttime,2
glacierix,2
fujimycin,2
vicks nyquil complete cold & flu caplets,2
alka-seltzer plus flu formula,2
publix cherry flavor nitetime,2
alka-seltzer plus severe sinus and cold,2
"cold and flu relief multi-symptom, day, night",2
leader severe sinus congestion,2
visine maximum strength redness relief formula,2
tussaminic dh forte syrup,3
ran-telmisartan hctz,2
signature care athletes foot,2
apo-lisinopril/hctz,2
nezger tab,2
wellbutrin sr,2
next night time cold and flu relief,2
fiorinal tab,2
smart sense nighttime cold and flu relief multi symptom,2
oreton,2
mucinex sinus - max day / night,2
pronal tablets,2
topical pain relief rx,2
ncgc00161600-02,2
cold and flu nighttime d,2
neocitran cold & cough night,2
alysena 21,2
vigantol,2
nitetime d multi symptom cold flu relief,2
ovrette,2
re-pb hyos elixir,3
muscle and back pain relief,2
combivir,2
fiorinal c1/2,2
corsym suspension,2
selenium plus,3
vicks pediatric formula 44m liq,2
pain relief plus,2
adventure first aid water resistant,2
vitamin b12b,2
equate nitetime,2
cold multi-symptom daytime and nighttime,2
tri-mili,2
shoprite childrens multi symptom cold relief,2
cepacol sore throat and cough,2
night-time cherry multi-symptom cold/flu relief,2
penta-triamterene hctz tablets,2
rg-1415,2
dap001519,2
citron chaud cumberland pws,2
lmpr01090022,2
topcare nite time cold and flu relief multi symptom relief,2
alka-seltzer plus day and night severe cold and flu,2
vasofrinic plus sirop,2
lotrimin antifungal,2
robaxisal c 1/4,2
antifungal foot,2
metanor,2
fortical,2
procicept b benzocaine 20%,2
becotide,2
defensol d (multi symptom effervescent tablets),2
cid174174,2
tylenol cold plus flu severe and tylenol cold max,2
coricidin sinus headache tab,2
dimetapp elixir,2
triaminic cold and allergy syrup,2
s1190_selleck,2
gravergol capsules,2
atovaquone and proguanil hydrochloride pediatric,2
clomiphene,2
lopac0_000042,2
apo-zidovudine-lamivudine-nevirapine,2
bspbio_000350,2
dxm,2
lexxel,2
otozin,2
night time multi symptom relief,2
telmisartan and hydrochlorothiazide 40 mg/12.5 mg,2
good neighbor pharmacy emergency preparedness and first aid contains 167 pieces,3
good neighbor pharmacy cold head congestion,2
tri-cyclen tablets - 21-day,2
maximum strength flu,2
night time cold/flu relief original,2
childrens plus multi-symptom grape with pe,2
isuprel,2
sti-571,2
rexall daytime nighttime cold flu,2
cold decongestant long acting cap,3
citron chaud dm cumberland pws,3
robitussin complete nighttime,2
nitetime cold plus flu releif,2
night time cold and flue relief,2
proctosedyl ointment,2
atropin,2
er-086526,2
db01274,2
triphasil 21 tab,2
auro-telmisartan hctz,2
sandoz valsartan hct,2
envive,2
anacin,2
glyxambi,2
aldactazide,2
stilphostrol,2
ncgc00161590-04,2
amnesteem,2
angidol honey lemon flavor,2
dong sung monelyn,2
chela-manganese 50 plus,2
allpanto s,2
donnatal,3
nyquil liquicaps,2
calcium & magnesium plus potassium & zinc,2
"sucrets complete sore throat, cough and irritation",2
candesartan cilexetil and hydrochlorothiazide tablets,2
mls001424047,2
healthy accents cough and sore throat night time,2
day time and night time cold and flu formula,2
cold and nasal congestion relief nighttime extra strength,2
bb_nc-1005,2
chembl9751,2
asasantine cap,2
hesol rim jean-aeck hair tonic,2
soothe-a-sting,2
victrelis triple,2
ninjacof-a,2
hms1361k17,2
isuprel inj 0.2mg/ml,2
dimetapp tab,2
cepacol dual relief,2
ac1q3zkh,2
olanzapine and fluoxetine,2
aspirin and extended-release dipyridamole,2
sotret,2
body,2
alka-seltzer plus cold formula (cherry burst),2
broncochem expectorant ii,2
triaminic cold and cough,2
van-dorzolamide-timolol,2
auro-lamivudine/zidovudine,2
careone tussin dm nighttime cough,2
(s)-1-[n-[1-(ethoxycarbonxyl)-3-phenylpropyl]-l-alanyl]-l-proline,2
benylin extra strength mucus & phlegm plus cold relief night,2
isuprel mistometer aem 0.25%,2
tencon,2
isoproterenol hcl inj 1:5000,2
childrens dimetapp long acting cough plus cold,2
alivio medicated pain,2
penicillin g sodium,2
apo-cilazapril/hctz,2
proctol ointment,2
atropinol,2
shoprite childrens cold and cough,2
night relief cough,2
alka-seltzer flavoured - evt,2
nu-lisinopril/hctz,2
avon clearskin acne defense stick,2
extra strength tylenol cold nighttime,2
ultracin,2
tarka,2
humegon inj 75 i.u.,2
sha-lem,3
van-irbesartan-hctz,2
ncgc00161590-05,2
preferred plus severe nite time,2
ncgc00161600-01,2
aloe vera gel,2
coroxin,2
orajel instant pain reliver for canker sores extra strength pain relief,2
9-cis ra,2
altafluor,2
alegenix biofrequency chip,2
ustekinumab,2
molport-003-987-089,2
sandoz irbesartan hct,2
rycontuss cherry flavor,2
benylin 1 with menthactin,2
atropine (usp),2
cpd-11911,2
biohisdex dm decongestant,2
extra strength nighttime cold relief-caplet,2
sting-kill,2
mylan-latanoprost/timolol,2
vaseretic,2
desoxyn,2
cvs nighttime cold/flu relief,2
c08160,2
sandoz dorzolamide/timolol,2
leucal,2
didronel iv,2
silvera pain relief patch,2
amikin,2
nitetime cold medicine original and cherry,2
medi-patch with lidocaine rx,2
bhc,2
pegetron,2
"brompheniramine maleate, pseudoephedrine hydrochloride, dextromethorphan hydrobromide",2
muscle and back pain relief with asa,2
cvs pharmacy cough relief honey lemon flavor,2
cough nighttime cough relief,2
carione rg,2
night time cold/flu relief multi symptom,2
norgesic,2
hot pain relieving,2
yasmin 21,2
t-dm1,2
leader nighttime cold and flu,2
triaminic dm daytime syr,2
rhume extra fort nuit,2
integra f,3
drospirenone and ethinyl estradiol tablets 21,2
bortons menticol,2
atropina [italian],2
cardoxin,2
utira-c,2
i06-0475,2
trizivir,2
magnacal,3
halaven,2
folinate,2
ntp-lisinopril/hctz (type p),2
c053541,2
leader nighttime cough,2
cough and sore throat pain relief,2
gammagee,2
57248-88-1,2
texaclear,2
tylenol flu nighttime,2
trilisate tab,2
freya 28,2
savex with sunscreen ont,2
mili,2
assured pain relief hot patch,2
first aid shot therapy cold relief,2
extra strength muscle & back pain asa 500 mg methocarbamol 400 mg & acetylsalicylic acid 500 mg,2
norinyl,2
bidil,2
zostrix joint and arthritis pain relief,2
"b6, b12 & folic acid",2
i.d.m. solution,2
osi-774,2
topcare day time nite time cold and flu relief,2
auro-candesartan hct,2
sunmark allergy relief,2
pediacare plus multisymptom cold,2
adriamycin rdf,2
pain free,2
topcare cough and sore throat,2
gleevec,2
hvp chelated cal/mag with zinc and vitamins c and d,3
dorzolamide hydrochloride-timolol maleate,2
mint-irbesartan/hctz,2
vitamin b-12 with folic acid tablets,2
dorzolamide hcl and timolol maleate,2
pms-valsartan-hctz,2
"iron plus manganese, b12, folic acid & c",3
hot lemon cough and colds relief dm,2
advicor,2
macuzin,3
ncgc00142514-01,2
robitussin maximum strength nighttime cough dm,2
tedral tab,2
calcium magnesium with potassium tab,2
cherry sore throat lozenges,2
prastera,2
always bright spot lumedic,2
makesense,2
runny nose and cough,2
lutera 21,2
cold relief multi symptom nighttime,2
"tropine, tropate (ester)",2
rock sauce,2
"cal-mag plus k, mn and zn caplets",2
maximum redness relief eye,2
fluorescein sodium and benoxinate hydrochloride,2
nighttime cough. cold. flu gel capsules,2
hemarexin liquid and drinkable ampoules,2
alka-seltzer plus severe sinus congestion and cough day and night,2
topcare nite time multi symptom relief,2
calcium and magnesium with vitamin d,2
zarah,2
junior strength tylenol cold and cough,2
skinfood miracle food 10 solu tion,2
q-valsartan hctz,2
eunexon,2
hms1989k17,2
complex 5 - pwr,2
enskyce,2
robaxisal tablets,2
azarga,2
st057178,2
methoxisal,2
advil cold and sinus nighttime,2
mint-dorzolamide/timolol,2
alka-seltzer plus severe cold and cough night,2
good sense nighttime daytime cold and flu,2
diprosalic,2
good neighbor pharmacy cough and sore throat,2
horse,2
ncgc00142514-03,2
prevpac,2
pms-telmisartan-hctz,2
ncgc00094699-01,2
"beta-carotene 10,000 iu with vitamins c & e",2
lisinopril and hctz,2
valisone-g cream,2
cepacol sore throat maximum numbing citrus,2
comtrex cough and cold day/night,2
inderide-40 tab,2
nutricel additive system - as-3,2
xyphex biofrequency chip,2
fosavance,2
zyban,2
r4643_sigma,2
salsonin,2
liquid cal/mag plus d,2
ambap71486-22-1,2
cold & cough extra strength,2
sound body cold and flu relief,2
benylin dm-d-e with menthactin,2
idm tab,3
dcl001064,2
loryna,2
84-52-6,2
ocella,2
arthrocare lotion,2
pml crono,2
pharmacitron,2
cold + sinus plus,2
daytime cold and cough and nighttime cold and congestion childrens,2
menticol first aid antiseptic and external analgesic lotion,2
ec + complex,2
lomidine,2
bromo seltzer,3
ovex,2
remedium - liq orl,2
tri-norinyl,2
cold relief duo pack,2
multi-symptom cold relief,2
head congestion daytime and nighttime cold,2
deprex,2
novo-valsartan/hctz,2
live better antifungal,2
goodsense maximum strength redness relief plus,2
ncgc00167977-01,2
saventrine,2
portia,2
leader childrens cold and cough,2
molport-006-822-661,2
skin shield liquid bandage,2
eagle,2
thomas formula no 47,2
midax,2
clear eyes maximum redness relief,2
dimetapp children's cold & fever,2
minims atropine,2
bspbio_001874,2
ginseng royal silk ampoule,2
safetussin pm,2
zee-seltzer antacid and pain reliever,2
osteo-plus,2
cnc,2
cyred,2
dg health tussin,2
np-010662,2
proctol suppositories,2
x-tar shampoo,2
spectrum4_001813,2
anceron,2
red eye relief,2
ovral 21,2
alka-seltzer plus night severe cold and flu,2
releevia,2
ninds_000558,2
dimetapp dm tab,3
childrens cold and cough relief,2
nor-5'-anhydrovinblastine,2
low-ogestrel,2
red oil,2
beclometasone,2
stanback,2
hydropres 50 tab,2
coricidin cold & flu multi-symptom,2
cold and sinus plus,2
prenavite tablets,3
kmg plus,2
coricidin cold & flu extra strength,2
imm formula cap,3
walgreens maximum redness relief,2
muscle & back pain relief with ibuprofen,2
care one cold mutli symptom,2
pendo-telmisartan-hctz,2
ovral 28 tablets,2
drospirenone and ethinyl estradiol,2
ortho tri cyclen,2
ncgc00015026-12,2
"von ct, theo",2
cvs sore throat mixed berry flavor,2
phytopecia hair tonic,2
ncgc00161590-07,2
smp1_000031,2
alka seltzer evt,2
isuprel liq inh 0.5%,2
syeda,2
toux rhume et grippe (extra-fort),2
pro-ace,2
ac-15995,2
dg day time cold and flu formula and night time cold and flu formula,2
hyophen,3
bronchoparat,2
ab00514677,2
vytorin,2
a0132_sigma,2
formula u - tab,2
robaxisal c-1/8 tablets,2
triferric doxorubicin,2
bspbio_001495,2
acti-cal/mag 2:1 + zinc and d caplet,2
altavera,2
cp 127374,2
extra strength pharmacitron,2
retinova,2
childrens dimetapp multisymptom cold and flu,2
vitamin e cream w vitamins a and d,2
children's nyquil liquid,2
avon clearskin 2 overnight acne treatment,2
core values night time relief,2
tri-cyclen lo        (-21 day),2
hot lemon regular - pwr,2
cool b,3
sarensis 21,2
upcmld-dp018:001,2
colbenemid,2
head congestion cold relief,2
calma-d,2
children's advil cold & flu multi-symptom,2
c2635,2
glycerolyte 57 solution,2
powertech vitamin and mineral supplement,2
good neighbor pharmacy night time cold and flu,2
cc ii,2
menthacin - cream,2
mylan-candesartan hctz,2
medicaine sting and bite,2
dyazide tab,2
tri-lena 21,2
avandaryl,2
betamycin ophthalmic/otic solution,2
nighttime multi-symptom cold,2
pioglitazone and glimepiride,2
db00394,2
acetabolan iii vitamin and mineral supplement,2
idi1_000558,2
rompe pecho sf flu,2
proternol l,2
extra strength tylenol flu nighttime,2
alka-seltzer plus cold formula (orange zest),2
penta-thion pwr,2
aqua bab modeling mask,2
menotropins,2
calci-yum plus magnesium + d3,2
enpresse,2
real vitamin supplement cap,2
coricidin tab,2
hot lemon cold and flu relief extra strength,2
cal/mag 2:1 with d,2
glentuss,2
childrens flu relief,2
"evc liquid vitamins a,c,b6 with beta caro&zn",2
cold relief nightime tablet,2
marfem 28,2
equate nitetime cold and flu,2
neocitran cold & flu syrup,2
qismette 28,2
formula 9 tab,2
db00572,2
ratio-topisalic,2
urologic g half strength for irrigation,2
caziant triphasic regimen,2
c18h28n2o,2
vermin,2
vicks childrens nyquil cold and cough multi-symptom relief,2
vitamin e + 3 extra strength with zinc,2
n - time,2
uralgic,2
harmon face values night time relief,2
metacinamide tab,2
calcium magnesium 2:1 tablets with vitamin d,2
equaline childrens cold,2
76721-89-6,2
renacidin,2
vicks dayquil and vicks nyquil severe cold and flu,2
ferralet 90,3
hot lemon relief for symptoms of cold and flu regular strength,2
delatestryl,2
vasocon a oph soln,2
cold medication,2
maximum strength night time cold and flu relief,2
c1345,2
health mart allergy relief,2
prenavite forte,3
upcmld-dp097:002,2
hms2089a16,2
pain relief patch,2
pendo-irbesartan-hctz,2
ac1l1kvk,2
c299,2
upcmld-dp097:001,2
zostrix hot and cold therapy system,2
up and up cold flu relief,2
plus multi symptom cold childrens pain relief,2
astra brand of bicalutamide,2
honey lemon sore throat lozenges,2
folic acid & vitamin c,2
ava-lisinopril hct,2
equate daytime nitetime severe,2
vicks children's nyquil cold & cough multi-symptom relief,2
ava-valsartan hct,2
betadren,2
vitalis,2
71486-22-1,3
pms-latanoprost-timolol,2
symbicort 100 turbuhaler,2
candesartan cilexetil and hydrochlorothiazide,2
sugar,2
reliever,2
vinorelbine [inn:ban],2
ratio-proctosone,2
texaclear daytime cough cold/flu,2
alka-seltzer plus multi-smptom cold and flu night,2
tri-previfem,3
apo-dorzo-timop,2
cold medication reg strength n tab,2
niacin-niacinamide tab,2
coltalin-dm,2
north burn,2
alka-seltzer plus severe sinus congestion and cough liquid gels night,2
rebetron solution (albumin (human) free) (18 miu multi-dose pen / 200mg capsules),2
calcium  mg and zn capsules with vitamin d,2
c01479,2
cid60780,2
aviane 28,2
hot lemon relief powder extra strength,2
zamine 28,2
atropin-flexiolen,2
azd8931,2
robitussin peak cold nighttime cold plus flu,2
tri-estarylla,2
roferon-a,2
super extra strength aspirin backache,2
m-end dm,2
opti-tears allergy,2
naturalth goat milk premium tone up,2
excedrin extra strength caplets,2
madeca derma mask ii,2
lytensopril,2
nitetime cough,2
"vitamins a, c, d and fluoride",3
ls-7203,2
orajel maximum strength,2
myocet,2
anx-530,2
marfem 21,2
night relief free,2
ucn-01,2
phaze 18 clearskin,2
arthricare for women ultra strength,2
calcium-magnesium with k & zn and vitamin d3,3
benylin extra strength all-in-one cold and flu nightime,2
introvale,2
alka-seltzer plus night cold formula (lemon),3
premphase,2
urogesic blue,2
triamterene and hydrochlorothiazide,2
hsdb 7665,2
trinessa lo,2
alka-seltzer plus-d multi-symptom sinus and cold,2
cifrazol,2
calcium and magnesium 1:1 plus tablets,3
coricidin nd tab,2
adriamycin pfs,2
lortuss dm,2
careone daytime nighttime cold flu relief,2
madame pearl's cough syrup,2
diprogen cream,2
pred-g,2
orsythia,2
ureaphil,2
propranolol hydrochloride and hydrochlorothiazide,2
natura magnesium plus vitamin c,2
dyazide,2
reg.str.cold medic.(night time relief)caplet,2
menthocin patch with lidocaine - strong,2
cough and cold xl3 xtra,2
pour ma santé,3
bronchodex fort-dm syr,3
theraflu flu cold and cough medicine,2
"retinoic acid, cis-9,trans-13-",2
act candesartan/hct,2
aredia,2
flogostop,2
hasol anti hair loss day tonic,2
night time gelcap,2
cgp-23339ae,2
cas-77-36-1,2
reclipsen 21,2
coricidin cough & cold,2
indayo,2
vicks formula 44m liq,2
alesse 21,2
auralgan solution,2
nighttime cold and flu relief plus,2
carione rg toner,2
amethia,2
indaflex,2
benylin dm-d soft chews with menthactin,2
cold and cough high blood pressure,2
benylin extra strength with menthactin,2
benylin dm-d with menthactin,2
sandoz telmisartan hct,2
nighttime daytime cough,2
cid5311497,2
balamine dm syrup,2
bye bye bite lot,2
tri-linyah,2
nutri-chem calcium magnesium with d and zinc,2
"calcium & magnesium plus potassium, zinc, & manganese",2
astrazeneca brand of bicalutamide,2
bronchodex d cap,3
levonorgestrel and ethinyl estradiol and ethinyl estradiol,2
lo/ovral-28,2
formula 14 dietary supplement,2
smart sense multi symptom fever and cold childrens,2
pediacare childrens plus multisymptom cold,2
buckley's complete nighttime softgels,2
jolessa,2
"n5-formyl-5,6,7,8-tetrahydrofolate",2
sunmark nite time cold and flu,2
pms-irbesartan-hctz,2
childrens plus cough and runny nose,2
"c'-norvincaleukoblastine, 3',4'-didehydro-4'-deoxy-",2
antiseptic skin cream,2
g,2
vinorelbine ditartarate,3
riborelbin,2
formule l2,2
mylan-irbesartan hctz,2
cytospaz,2
act telmisartan/hct,2
neo citran a powder,2
pegasys rbv,2
vinorelbine tartrate,2
pain relief fast relief,2
chela calmag-100 plus zinc d3,2
jack & jill complete,2
gabazolamine-0.5,2
aeroburn burn first aid,2
"nitetime cold/flu, multi-symptom relief",2
p01563,3
transanosil,2
vicks custom care cough & cold pm,2
drymax af,2
z-mass pm vitamin and mineral supplement,2
seasonale,2
actical plus calcium-magnesium-vitamin d3-silicon chewable,2
esl,2
nighttime maximum strength cold and flu,2
sunmark antifungal,2
mac patch,2
night time cold and flu formula,2
utibron neohaler,2
miractil,2
verdeso,2
eye allergy relief,2
preferred plus arthritis cream,2
mgk,2
panatuss dxp,2
col-probenecid,2
vinorelbin,2
iferex 150 forte,2
troyl tropate,2
relyyt patch,2
good neighbor pharmacy cold and cough,2
maux de gorge et de la toux extra-fort,2
niaacinamide azelaic ac turmer fa b6 zinc ox copper,2
severe nighttime severe daytime,2
biclora,2
ramipril-hctz,2
tuinal pulvule 304,2
ncgc00015026-03,2
extra strength nighttime cold relief pe,2
vi-daylin adc vitamins drops for infants,2
vilne,2
ocu-tropine,2
"menthol, capsaicin",2
i-care multivitamin and multimineral tablets,2
smart sense nighttime daytime,2
mint-latanoprost/timolol,2
nebupent,2
dg health cold max,2
novo-cyproterone/ethinyl estradiol,2
eu-0100567,2
servisone,2
clear eyes maximum itchy eye relief,2
topcare nite time day time cold and flu,2
signature care childrens cold and cough,2
"b6, b12 & folic acid multi-vitamin tablets",2
ornade dm 10 liq,3
ado-trastuzumab emtansine,2
medi hydro dp bb cream,2
ncgc00161590-01,2
hasol anagen scalp,2
severe cold and flu relief nighttime,2
good night/pm formula tab,2
bactimicina childrens cough and cold,2
femynor,2
childrens plus multi symptom cold,2
simmyungsaengmosu hair tonic,3
growth hormone,2
etrafon-forte,2
xl3 xtra,2
hot lemon relief for sore throat and cough extra strength,2
childrens wal tap dm,2
sandoz latanoprost/timolol,2
tizide,2
yaz plus,2
mixed berry sore throat and cough lozenge,2
ntp-telmisartan hctz,2
dimetane expectorant-c syr,2
stk801887,2
aviane 28 day,2
sore throat & cough ultra strength,2
teva-candesartan/hctz,2
prenavite forte tablets,3
aldoron,2
vinorelbina [spanish],2
metrate,3
gabavale-5,2
spectrum5_001935,2
desogen,2
fulton street market cold,2
dingtai pharmatopical analgesic,2
gouttes dentaires,2
formule no 204 profil tab,2
renadyn tab,2
raloxifene (hydrochloride),2
d-tracetten,2
hot lemon for colds powder,2
vito bronches sirop,3
ntp-lisinopril/hctz (type z),2
diprogen ointment,2
hot liquid relief for symptoms of cold and cough,2
trans-retinoate,2
"acetaminophen,dextromethorphan,doxylamine",2
nirvan,2
orajel instant pain relief severe pm,2
equate nitetime severe,2
tricira lo,2
acid reducer,2
leptanal,2
levonorgestrel and ethinyl estradiol,2
"junior strength tylenol complete cold, cough & fever",2
day cold and flu plus and nighttime cold and flu plus,2
zinc03871701,2
prestige jeju snail,2
cerson,2
telmisartan and hydrochlorothiazide,2
thanks 12 rich caviar mask,2
dr.'s cream,2
3-phytylmenadione,2
heartburn relief,2
diane-35,2
riva-latanoprost/timolol,2
collyrium eye drops,2
dulera,2
assured childrens cold and cough,2
alahistdm dm,2
cpd001906768,2
arc first aid contains 404 pieces,3
ibritumomab,2
daytime and nighttime cold and flu relief plus,2
einecs 200-104-8,2
133652-38-7,2
axisal-c1/8,2
clapiel hyalon serum,2
sronyx,2
accutane,2
contac cold nasal congestion-nighttime,2
ac1l9mt9,2
lohist peb dm,2
triaminic dm,2
mountain series weekender medical,2
p01574,2
"daytime cold, nighttime cold multi-symptom",2
levonest,2
db03225,2
orajel instant pain relief maximum,2
sandoz candesartan plus,2
daysee,2
regular strength tylenol cold nighttime,2
healthy accents day time night time,2
cepacol extra strength sore throat mixed berry,2
extra strength muscle & back pain relief with asa,2
smart sense nighttime cold and flu,2
advil back pain,2
v00534,2
5-isobutyl-5-allylbarbituric acid,2
robaxisal c 1/2,2
75747-14-7,2
sore throat relief cherry flavor,2
hasol anti hair loss,2
healthy accents nighttime cold and flu,2
dimetane expectorant liq,2
usana calmag plus tablets - tab,2
d02815,2
amfebutamone hcl,2
c607,2
childrens dibromm cold and cough,2
brevicon,2
clerian anti-hairloss,2
zavara,2
nadolol and bendroflumethiazide,2
biferarx,3
spectrum5_000545,2
aurax otic,2
ornade af spansule src,2
atropt,2
delyla,2
diban cap,2
clear eyes acr by murine,2
lactose,2
lisinopril and hydrochlorthiazide,2
midol,2
ch-p cap,2
ntp-atenolol/chlorthalidone,2
pramin,2
chebi:537621,2
foltabs 800,2
fortifi-plus,2
topcare cold max,2
gd-latanoprost/timolol,2
apri 28 day,2
brovex psb dm,2
cvs pharmacy toothache and gum reliever,2
fibroblast interferon,3
duotrav pq,2
ala,3
sildec pe dm,2
ici-176334,2
eberelbin,2
jayjun real water brightening black mask step3 real water brightening black mask,2
tender age vit adc drops,2
health mart redness relief,2
[3(s)-endo]-alpha-(hydroxymethyl)benzeneacetic acid 8-methyl-8-azabicyclo[3.2.1]oct-3-yl ester,2
i-tropine,2
vit c w calc-mag and potass powder,3
isonarif,2
perjeta-herceptin,2
clear eyes extra strength redness relief,2
children vitamin drops,3
fosamax plus d,2
vicks nyquil complete cold & flu,2
topcare nite time cold and flu,2
yasmin,2
alka-seltzer plus multi-symptom cold and flu day and night liquid gels,2
aspirin and dipyridamole,2
atropen,2
"alka-seltzer plus severe sinus congestion, allergy and cough",2
ai3-60219,2
zicam multi-symptom cold & flu nighttime,2
unii-q6c979r91y,2
eh hair plus regeneration hair care,3
gianvi,2
synalgos,2
vitamin k1,2
invirase,2
triamterene hydrochlorothiazide,2
nitrogen mustard,2
iron with vitamins tab,2
estracyt,2
pediacare childrens plus cough and runny nose,2
vida mia pain relief,2
mono-linyah,2
daytime nitetime cold and flu,2
stimulex,2
stona,2
cid5672,2
cardilate,2
phs hair science fem hair loss tonic,3
endacof dm,2
hematogen forte,3
fire out,2
bevespi aerosphere,2
heb day time night time severe cold and flu,2
jack & jill cough and cold,2
good sense cough and sore throat night time,2
falmina,2
spectrum_001159,2
chloraseptic sore throat liquid center,3
bw-323,2
trisulfaminic tab,3
calcium & magnesium with potassium & zinc,2
ornade dm 30 liq,3
cepacol sore throat maximum numbing sugar free cherry,2
flu hbp,2
isoprenalinum,2
cvs daytime cold and flu relief and nighttime cold and flu relief,2
dm cough and cold syrup,2
hasol vital for hair-loss tonic,2
premplus,2
lyteprep,2
spbio_000048,2
doxil,2
caelyx,2
dm cough and cold relief,2
entre-s,2
cold and flu relief non-drowsy / daytime severe / nighttime severe,2
myferon 150 forte,2
psicopax,2
tri-vit with fluoride drops,3
thiamine hcl 100mg w c 20mg,2
atropine [ban],2
ec-000.2344,2
tussaminic c forte syrup,3
dermoplast pain relieving,2
decadron,2
vicks nyquil hbp cold and flu,2
good neighbor pharmacy night time severe,2
up and up severe cold and flu,2
nighttime cold relief extra strength tablets pe,2
"(3-amino-1-hydroxypropylidene)-1,1-biphosphonate",2
garasone ophthalmic ointment,2
falessa,2
extavia,2
tianhe zhuifeng gao,2
tri-previfem   (21 day),2
nighttime cold and flu lil drug store products,2
chebi:46153,2
min-ovral 28 tab,2
dl-tropanyl 2-hydroxy-1-phenylpropionate,2
avonex,2
vinorelbine,2
salinex,2
me-pb-hyos,3
durabolin,2
smith bros night time cough and congestion,2
teva-telmisartan hctz,2
dg health cough and sore throat nite time,2
h 9002,2
db01954,2
neo dm,2
urologic g for irrigation,2
pain & fever + cold & cough,2
mar-candesartan / hctz,2
plax anti-plaque dental rinse,2
uro-458,2
lcdo. orlando rivera arthritis topical analgesic,2
flex-ol,2
alendronate-cholecalciferol,2
zolate,2
sore throat and cough lozenge,2
calcium complex high grade,3
shantinib,2
nighttime cough and sore throat liquid,2
cid2375,2
orajel denture plus,2
perfect harvest,2
hms2051b13,2
ran-cyproterone/ethinyl estradiol,2
floradix formula liq,2
captopril and hydrochlorothiazide,2
calmadol plus,2
dry super vitamin a plus d - cap,2
night time cold/flu relief cherry,2
camphomex,2
finafta,3
harris teeter daytime nighttime,2
isopto atropine,2
nighttime severe,2
ratio-tecnal c 1/4,2
simcor,2
extra strength contac c - src,2
divk1c_000558,2
tylenol cold multi-symptom,2
allergy and cough,2
folic acid with vitamin b12 and vitamin c,3
nighttime multi-symptom flu cold,2
severe cold and flu relief,2
teruflex blood bag system anticoagulant citrate phosphate dextrose adenine (cpda-1),2
ornade af liquid,2
atenolol and chlorthalidone,2
assured pain relief hot menthol,2
bupropion hydrocloride,2
childrens plus multi symptom cold dye free,2
health mart multi-symptom cold and flu night time,2
"amlodipine, valsartan, hydrochlorothiazide",2
family care cold and flu nighttime,2
dermacinrx therazole pak,2
first aid contains 303 pieces,3
equaline nighttime cold multi symptom,2
pms-oxtriphylline elixir,2
inalone,2
vinorayne,2
prestwick0_000565,2
up and up cold and flu relief,2
tabcin 500,2
chembl607994,2
molport-001-779-638,2
glidiab,2
etrafon-a,2
tussi pres b,2
uroav-b,2
c994,3
healthy accents childrens cold and cough,2
antipyrine and benzocaine,2
ls-1328,2
redoxon-cal,2
trepoxicam-7.5,2
bendarelbin,2
follidiene,2
alysena 28,2
pro-triazide,2
alka-seltzer xtra strength,2
daytime nitetime cold flu relief,2
triaminic cold cough and fever,2
bdr re-action tonic professional multi active booster,2
apri 28,2
children's nicold medicine,2
childrens cough and cold,2
sunmark cold and cough dm childrens,2
smart sense daytime nighttime cold and flu,2
poly-tussin dm,2
rx act nighttime cold flu relief multi symptom,2
aloe bha skin toner,2
sopalamine/3b tab,2
senophylline,2
cell-wise natural source,3
marvelon 21,2
topcare pain relief cold nightttime,2
n5-formyltetrahydrofolate,2
lotrisone,2
topcare cold nighttime multi symptom,2
kos-953,2
i d m expectorant tab,3
topcare sore throat cherry flavor,2
nopiate topical pain relief,2
hydropres 25 tab,2
normalip,2
tussaminic c pediatric syrup,3
mexiletine,2
nitetime daytime cold and flu,2
mustargen,2
diaben,2
kw-2401,2
cid6708742,2
prenate am,2
evra -(6/0.75),2
sentrazolam am,2
teva-atenolol/chlorthalidone,2
cmp plex,2
effervescent pain relief fast relief fast relief,2
xalacom,2
nvb,2
"extra strength tylenol complete cold, cough & flu plus mucus relief nighttime",2
(2s)-2-aminopropanoic acid,2
nite-timecold/flu cherry cold/flu cherry,2
pandas dream magic,2
usana optimizer actical plus calcium-magnesium-vitamin d3-silicon tablets,2
panto flu,2
setlakin,2
db00982,2
vitamin b12,2
reactine eye drops,2
trabectedin,2
aviane,2
sore throat lozenges menthol flavour,2
equate athletes foot,2
atropen (tn),2
tisiodrazida,2
lillow,2
baczol cold medicine,2
84371-65-3,2
protection,3
smart sense nighttime cough,2
up and up daytime nighttime cold and flu,2
tincture of iodine 2.5%,2
simvistatin,2
"cold formula daytime nighttime, non-aspirin, multi-symptom",2
n-isopropyl-beta-dihydroxyphenyl-beta-hydroxyethylamine,2
cepacol sore throat maximum numbing cherry,2
bio-fen,2
regular strength tylenol cold nighttime caplet,2
lessina,2
act,2
maximum strength flu hbp,2
equate childrens cold and cough,2
all-trans-b-retinoic acid,2
good neighbor pharmacy cold plus multi symptom,2
muscle & back pain asa 325 mg methocarbamol 400 mg & acetylsalicylic acid 325 mg,2
portia 28,2
cod liver oil oleovitamin a & d caps 20min,2
sodium heparin,2
ipa,2
cepacol extra strength sore throat honey lemon,2
skinfood real tea ge l mask rose,2
de-chlor dm,2
cool mint antiseptic mouthwash,2
5-formyltetrahydropteroylglutamate,2
fabb tablets,2
sanatos night,2
iron plus tab,3
i06-0084,2
alo therapeutic massage,2
hms1791k17,2
decadron-la,2
ortho cyclen,2
childrens plus multi-symptom with pe,2
m16647,2
careone cold max,2
up and up cold and flu relief multi symptom day and night combo pack,2
pure eyes sterile eyes,2
factrel,2
candesartan cilexetil-hydrochlorothiazide,2
activon ultra strength arthritis,2
bio dtuss dmx,2
opti-manganese + b1 + c caplet,2
bio-b kids,2
cryselle,2
121451-09-0,2
auro-irbesartan hct,2
cough multi symptom,2
euphylline,2
careone daytime nighttime cold and flu,2
zenhale,2
hot lemon relief for symptoms of cold and flu extra strength,2
mrx liq,2
healthy accents childrens multi symptom fever and cold,2
good sense cold,2
cortiment,2
nu-triazide tab 50 mg/25 mg,2
ac1l5ax3,2
evc - liq,2
arbid,2
cyclen tablets (21 day),2
cid355119,2
bss plus,2
doloracin rx,2
uta,2
coralite pain relief,2
no440 cap,2
c27h29no11,2
all nite,2
orajel cold sore moisturelock,2
norelcs cs,2
night time cold and flu severe,2
altilan cl,2
tri-lo-mili,2
ovral 28tab,2
smart sense childrens multi symptom cold relief,2
mixed berry sore throat and cough lozenges,2
urimar-t,2
vicks alcohol free nyquil cold and flu nighttime relief,2
sterile urea,2
follistim,2
auroquil severe cold and flu nighttime relief,2
acide retinoique (french) (dsl),2
dorzolamide hydrochloride and timolol maleate,2
flurwood,2
dea no. 2784,2
nite time cold medicine cherry flavor,2
analgesic and muscle relaxant caplets,2
lohist dm,2
nightcap complete liquid gels,2
rubex,2
rexall night time cold and flu,2
apo-valsartan/hctz,2
atropina,2
sandoz lisinopril hct,2
acetabolan-ii vitamin and mineral supplement,2
alivio,3
rauwiloid,2
lopac0_000567,2
ac1l75q4,2
ncgc00093951-02,2
dg health cold and flu relief,2
alka-seltzer plus day and night cold and flu formula,2
tantapp elixir,2
clear eyes redness relief,2
healthy accents cold and cough dm,2
ximelegatran,2
cal & mag hvp chel plus c potass & zinc tab,3
ls-119125,2
mirvala 21,2
avalide,2
careone nitetime severe cold flu relief,2
cpda-1,2
ecosom tonic,2
neutra-seltzer,2
auro-valsartan hct,2
topcare sore throat honey lemon flavor,2
duexis,2
leader nite time cold flu relief multi symptom,2
cold & flu relief nighttime,2
levora,2
medi-sulting topical pain relief,2
nighttime cold head congestion,2
trans-d,2
zeneca brand of bicalutamide,2
"butalbital, aspirin and caffeine tablets",2
aidplus sting relief prep pad,2
clear eyes for dry eyes plus redness relief,2
.beta.-lactose,2
niva-hist dm,2
cold medication regular nighttime tablets pe,2
rifater,3
denovo 3 h,2
septa-candesartan hctz,2
premel,2
novo-propoxyn compound cap,2
bml2-e06,2
fiorinal with codeine,2
refresh eye allergy relief,2
preferred plus severe sinus congestion,2
signature care nighttime severe cold and flu relief,2
exelbine,2
ddm day time and nite time cold and flu,2
indiomin mb,2
topcare cold head congestion nighttime,2
therapytion nokmosu neutral and oily hair,2
ovral 21 tab,2
daytime nitetime cold and flu relief,2
ran-ramipril hctz,2
lotriderm cream,2
daytime and nitetime,2
nite time severe cold and flu maximum strength,2
chelated cal-mag(2:1)with zn vit.c and d,2
simanix,3
parche leon milagroso dual action,2
extra strength aspirin backache,2
calmitol itching relief ont,2
timpilo 4,2
cpda-1 blood collection system,2
healthy accents multi symptom cold,2
cyclessa,2
previfem   (28day),2
bmse000649,2
cold multi symptom relief,2
acti-mn + b1 + c caplet,2
cold and flu daytime nighttime,2
night-time multi-symptom cold/flu original,2
synergy booster,2
"jack & jill cough, cold & flu junior strength tablets",2
night time pseudo-free,2
biohisdine dm decongestant,2
tridesilon,3
insect string relief pad,2
naphazoline hci and pheniramine maleate,2
sanatos cold multi-symptom,2
amb,2
molport-002-507-281,2
"children's tylenol complete cold, cough & fever",2
c1317,2
medrox,2
lutrepulse,2
easy care first aid kit - comprehensive,2
locasalen,2
citron chaud extra fort,2
energy 80 prolonged release tab,2
17-n-allylamino-17-demethoxygeldanamycin,2
692 tablet,2
dm cough and cold liquid cherry flavour,2
sandoz proctomyxin hc suppositories,2
vicks nyquil cold and flu nighttime relief and vicks childrens nyquil cold and cough,3
filcrin,2
releevia mc,2
dox,2
day & night combo pack,2
salex,2
chebi:16684,2
moviprep,2
cepacol sore throat plus cough,2
vienva tm,2
equaline nighttime cough relief,2
goserelin acetate,2
texaclear kids allergy,2
nighttime cold & flu liquid capsules,2
tamhada synergy whitening mask,2
h0450,2
cherry sore throat lozenze,2
"methyl (2beta,3beta,4beta,5alpha,12beta,19alpha)-4-acetoxy-15-[(6r,8s)-4-ethyl-8-(methoxycarbonyl)-1,3,6,7,8,9-hexahydro-2,6-methanoazecino[4,3-b]indol-8-yl]-3-hydroxy-16-methoxy-1-methyl-6,7-didehydroaspidospermidine-3-carboxylate",2
dr. oh balm,2
propranolol scopolamine,2
apo-candesartan/hctz,2
ahprbp,2
coricidin d tab,3
topcare clear time,2
cal-mag with zinc & vitamin d,2
ava-irbesartan/hctz,2
hms2090e13,2
benylin for children all-in-one cold & fever,2
teva-irbesartan/hctz,2
contac cold capsules,2
harris teeter acid reducer,3
isibloom,2
fesi,2
eyesules,2
capron dm,2
jamp-irbesartan and hydrochlorothiazide,2
yaz,2
daturine,2
scot-tussin dm sf maximum strength cough cold,2
neocitran ultra strength total flu night,2
"d-glucose, 4-o-.beta.-d-galactopyranosyl-",2
zestoretic tab 20/25mg,2
kbiogr_002450,2
preven emergency contraceptive,2
ab00384263,2
becloval,2
vestura,2
rebif,2
b-donna,3
dcl000346,2
cataplex a-c tab,2
donatussin dm drops dm,2
mls001148094,2
auroquil cold and flu nighttime relief,2
6yuu2pv0u8,2
145040-37-5,2
aviane 21,2
sore throat and cough,2
reclipsen 28 day,2
fluress liq oph,2
triaminic softchews cough and cold,2
cold & flu nighttime,2
hot lemon night time total extra strength,2
bioaches,2
ortho-cept tablets (28 day),2
cold and flu relief hbp maximum strength multi-symptom,2
iron complex,2
proctosedyl sup,2
fsh-beta,2
"vitamin a (200,000 iu) and vitamin e (40 iu) oral liquid preparation",2
aurophen cold multi symptom,2
dimetapp oral infant drops,2
kbio2_006775,2
sting relief,2
sarensis 28,2
aspirin backache,2
ach-telmisartan hctz,2
flurox,2
inselon,2
aggrenox,2
van-telmisartan-hctz,2
tylenol cold nightime rapid release,2
orajel instant pain relief severe,2
childrens plus multi-symptom cold grape with pe,2
painkoolers topical analgesic patch,2
xulane,2
acetaminophen/pseudoephedrine/dextromethorphan/doxylamine,2
children's tylenol cold liquid with dm,2
allevess,2
efferlife calcium 500mg + vitamin d3 440 iu + vitamin c 125mg,2
zinavin,2
i06-0480,2
foltrate,2
db01128,2
bronkids,2