d17,"1,2,4-triazole"
d18,"1,3-propanediol"
d21,1400w
d13,"[1,4']bipiperidinyl"
d19,"1,4-butanediol"
d20,"1,6-hexanediol"
d16,1-methylimidazole
d22,"2',3'-dideoxyadenosine triphosphate"
d30,"2,3-dihydroxybenzoic acid"
d23,"2-amino-1-methyl-6- phenylimidazo[4,5- b]pyridine"
d24,2-chlorophenol
d25,2-ethoxyethanol
d26,2-mercaptoethanol
d27,2-mercaptopyridine
d28,2-methoxyestradiol
d29,2-oxoisovalerate
d31,"2s,4r-4-methylglutamate"
d37,"3,5 dibromotyrosine"
d36,"3,5-dinitrocatechol (or-486)"
d14,[3h]pgd2
d32,3-hydroxy-3-methylglutaryl-coenzyme a
d33,3-methylbutanol
d34,3-methylpyridine
d35,3-phosphoglyceric acid
d39,4-guanidino-benzoic acid
d40,4-hydroxyphenylpyruvic acid
d38,4'-hydroxytamoxifen
d41,4-phenyl-butylamine
d42,"5-iodo,5'-deoxytubercidin"
d43,5-n-allyl-arginine
d44,6-aminonicotinamide
d45,6-diazo-5-oxo-l-norleucine
d46,6-o-benzylguanine
d47,7-hydroxy aristolochic a
d48,7-nitroindazole
d4,(7s)-hydroxyl-staurosporine
d49,8-azaguanine
d50,a-443654
d51,abarelix
d52,abatacept
d53,abciximab
d54,abemaciclib
d55,abiraterone
d56,ac-480
d57,acarbose
d58,acebutolol
d59,acenocoumarol
d60,acepromazine
d61,aceprometazine
d62,acetaminophen
d63,acetazolamide
d64,acetoacetic acid
d65,acetohexamide
d66,acetohydroxamic acid
d67,acetophenazine
d68,acetylcysteine
d69,acetyldigitoxin
d70,acetylserotonin
d71,acitretin
d72,acivicin
d73,aclarubicin
d74,acridine
d75,acyclovir
d76,adalimumab
d77,adapalene
d78,adefovir
d79,adenine
d80,adenosine diphosphate
d81,adenosine phosphate
d82,adenosine phosphonoacetic acid
d83,adenosine triphosphate
d84,adinazolam
d85,adozelesin
d86,aee-788
d87,aew-541
d88,afamelanotide
d89,afatinib
d90,afelimomab
d91,afimoxifene (chembl489)
d92,aflibercept
d93,afuresertib
d94,agmatine
d95,agomelatine
d96,ajmaline
d97,alanosine
d98,albendazole
d99,albiglutide
d100,albumin human
d101,alcaftadine
d102,alcohol
d103,aldosterone
d104,alectinib
d105,alefacept
d106,aleglitazar
d107,alemtuzumab
d108,alendronic acid
d109,alfacalcidol
d110,alfimeprase
d111,alglucosidase alfa
d112,alirocumab
d113,aliskiren
d114,alitretinoin
d115,alizapride
d116,allosamizoline
d117,allylestrenol
d118,almitrine
d119,aloisine a
d120,alpelisib
d121,alpha-naphthoflavone
d122,alprazolam
d123,alprenolol
d124,alprostadil
d125,alrestatin
d126,alseroxylon
d127,alsterpaullone
d128,alteplase
d129,altiratinib
d130,aluminium glycinate
d131,aluminum hydroxide
d132,alverine
d133,alvespimycin
d134,alvimopan
d135,alvocidib
d136,amantadine hydrochloride
d137,ambenonium
d138,ambrisentan
d139,amcinonide
d140,amg-337
d141,amg-900
d142,amifostine
d143,amikacin
d144,amikacin sulfate
d145,amineptine
d146,aminocaproic acid
d147,aminoglutethimide
d148,aminolevulinic acid
d149,aminomethylamide
d150,aminophylline
d151,aminopterin
d152,aminopurvalanol
d153,aminosalicylic acid
d154,amiodarone
d155,amisulpride
d156,amitriptyline
d157,amlexanox
d158,amobarbital
d159,amodiaquine
d160,amoxapine
d161,amoxicillin
d162,amperozide
d163,amphetamine
d164,amphotericin b
d165,ampicillin
d166,amprenavir
d167,amrubicin
d168,amsacrine
d169,amsalog
d170,amuvatinib
d171,amyl nitrite
d172,anakinra
d173,anastrozole
d174,anatibant
d175,androstanediol
d176,androstenedione
d177,androstenol
d178,anileridine
d179,anilinopyrimidine1
d180,anilinoquinazoline1
d181,aniracetam
d182,anisindione
d183,anisomycin
d184,anisotropine methylbromide
d185,anistreplase
d186,antazoline
d187,antazoline hydrochloride
d188,anthracene-9-carboxylic acid
d189,anthranilic acid
d190,anthraquinone
d191,antibiotic
d192,antipyrine
d193,antrafenine
d194,apadenoson
d195,apaziquone
d196,apitolisib
d197,apixaban
d198,aplaviroc
d199,aplyronine a
d200,apomorphine
d201,apraclonidine
d202,apremilast
d203,aprepitant
d204,aprindine
d205,aprinocarsen sodium
d206,aprobarbital
d207,aprotinin
d208,arachidonic acid
d209,arachidonoyl dopamine
d210,arbaclofen
d211,arbaclofen placarbil
d212,arbutamine
d213,arcitumomab
d214,ardeparin sodium
d215,arecoline
d216,arformoterol
d217,argadin
d218,argatroban
d219,argifin
d220,arginine
d221,aripiprazole
d222,armodafinil
d223,arn-509
d224,arq-092
d225,arsanilic acid
d226,arsenic trioxide
d227,as-602868
d228,ascorbate
d229,asp-3026
d230,asparaginase
d231,asparagine
d232,aspartame
d233,aspartic acid
d234,aspirin
d235,ast-487
d236,astemizole
d237,at-13148
d238,at-7519
d239,atazanavir
d240,atenolol
d241,atezolizumab
d242,atorvastatin
d243,atovaquone
d244,atpgammas
d245,atracurium besylate
d246,atropine
d247,atropine sulfate
d248,auranofin
d249,av-203
d250,avanafil
d251,avelumab
d252,axitinib
d253,azacitidine
d254,azaserine
d255,azatadine
d256,azathioprine
d257,azd-1208
d258,azd-1480
d259,azd-1775
d260,azd-2014
d261,azd-4547
d262,azd-5363
d263,azd-5438
d264,azd-6482
d265,azd-6738
d266,azd-7762
d267,azd-8055
d268,azd-8186
d269,azelaic acid
d270,azidothymidine monophosphate
d271,azilect
d272,azimilide
d273,aziridine
d274,azithromycin
d275,azoxystrobin
d276,aztreonam
d277,bacitracin
d278,baclofen
d279,bafilomycin a1
d280,bafilomycin b1
d281,balanol
d282,balsalazide disodium
d283,bambuterol
d284,banoxantrone
d285,barbital
d286,basiliximab
d287,batimastat
d288,bay-1125976
d289,bazedoxifene
d290,bcg vaccine
d291,beauvericin
d292,becaplermin
d293,beclomethasone
d294,beclomethasone dipropionate
d295,becocalcidiol
d296,belatacept
d297,belinostat
d298,bendamustine
d299,bendroflumethiazide
d300,benoxinate
d301,bentiromide
d302,benzamidine
d303,benznidazole
d305,benzocaine
d304,benzo[d]thiazole
d306,benzoic acid
d307,benzolamide
d308,benzonatate
d309,benzoquinone
d310,benzoyl formic acid
d311,benzphetamine hydrochloride
d312,benzquinamide
d313,benzthiazide
d314,benzylamine
d315,benzylcysteine
d316,benzylpenicilloyl polylysine
d317,bepotastine
d318,bepridil
d319,beraprost
d321,betahistine
d320,beta-lapachone
d322,betamethasone
d323,betanmn
d324,betazole
d325,bethanechol chloride
d326,bethanidine
d327,betulinic acid
d328,bevacizumab
d329,bevantolol
d330,bexarotene
d331,bezafibrate
d332,bgb-283
d333,bi-2536
d334,bicalutamide
d335,bicifadine
d336,bifeprunox
d337,bifonazole
d338,bilastine
d339,biliverdin
d340,bimatoprost
d341,binimetinib
d342,binodenoson
d343,biochanin
d344,biotin
d345,bisantrene (chembl139554)
d346,bisphenol a
d347,bitoscanate
d348,bivalirudin
d349,bizelesin
d350,bleomycin (chembl3039590)
d351,blinatumomab
d352,bms-690514
d353,bms-754807
d354,bms-777607
d355,boldenone undecylenate
d356,bopindolol
d357,bortezomib
d358,bosentan
d359,bosutinib
d360,botulinum toxin type b
d361,brasofensine
d362,brentuximab vedotin
d363,brequinar
d364,bretylium
d365,brexpiprazole
d366,brigatinib
d367,brinzolamide
d368,brivanib
d369,bromazepam
d370,bromfenac
d371,bromoacetic acid
d372,bromocriptine
d373,bromodiphenhydramine
d374,bromopride
d375,brompheniramine
d376,brontictuzumab
d377,bryostatin
d378,buclizine
d379,budesonide
d380,bufuralol
d381,bumetanide
d382,buparlisib
d383,bupivacaine
d384,bupranolol
d385,bupropion
d386,bupropion hydrochloride
d387,buserelin
d388,buserelin acetate
d389,buspirone
d390,busulfan
d391,butabarbital
d392,butalbital
d393,butein
d394,butenafine
d395,butethal
d396,buthionine sulfoximine
d397,butriptyline
d398,butylated hydroxytoluene
d399,cabazitaxel
d400,cabergoline
d401,cabozantinib
d402,cacodylic acid
d403,caffeic acid
d404,caffeine
d405,cal
d406,calcitonin
d407,calcitonin salmon recombinant
d408,calcitriol
d409,calcium gluconate
d410,calusterone
d411,calyculin a
d412,camptothecin
d413,canagliflozin
d414,canakinumab
d415,canaline
d416,canavanine
d417,candesartan cilexetil
d418,candicidin
d419,candoxatril
d420,candoxatrilat
d421,canertinib
d422,canfosfamide
d423,cangrelor
d424,cannabinol
d425,capecitabine
d426,capmatinib
d427,capromab
d428,capsaicin
d429,captodiame
d430,captopril
d431,carazolol
d432,carbamazepine
d433,carbenoxolone
d434,carbetocin
d435,carbimazole
d436,carbocysteine
d437,carboplatin
d438,carboxin
d439,carboxymethoxylamine
d440,carfentanil
d441,carfilzomib
d442,carglumic acid
d443,cariprazine
d444,carmustine
d445,carphenazine
d446,carprofen
d447,carvedilol
d448,casimiroin
d449,cc-223
d450,cediranib
d451,cefaclor
d452,cefadroxil
d453,cefdinir
d454,cefepime
d455,cefotaxime
d456,ceftriaxone
d457,celecoxib
d458,celiprolol
d459,cep-32496
d460,ceritinib
d461,cerivastatin
d462,certolizumab pegol
d463,cerulenin
d464,ceruletide
d465,cetirizine
d466,cetrorelix
d467,cetuximab
d468,cgs-27023a
d469,chalepin
d470,chembl100014
d471,chembl100109
d472,chembl100239
d473,chembl101683
d474,chembl101801
d475,chembl103043
d476,chembl104166
d477,chembl104264
d478,chembl104815
d479,chembl104937
d480,chembl106187
d481,chembl106708
d482,chembl107201
d483,chembl107316
d484,chembl107528
d485,chembl1078685
d486,chembl1081312
d487,chembl1082152
d488,chembl1082552
d489,chembl1082738
d490,chembl1083185
d491,chembl1084102
d492,chembl1084625
d493,chembl108483
d494,chembl1086377
d495,chembl1088324
d496,chembl1088749
d497,chembl1088762
d498,chembl1090777
d499,chembl1092830
d500,chembl109367
d501,chembl109612
d502,chembl1096339
d503,chembl1098060
d504,chembl109822
d505,chembl110674
d506,chembl110971
d507,chembl111575
d508,chembl112834
d509,chembl112896
d510,chembl112953
d511,chembl11306
d512,chembl113194
d513,chembl113690
d514,chembl113948
d515,chembl114500
d516,chembl115220
d517,chembl115357
d518,chembl115824
d519,chembl1160508
d520,chembl1160567
d521,chembl1160597
d522,chembl1160619
d523,chembl1160756
d524,chembl1161221
d525,chembl1161222
d526,chembl1161253
d527,chembl1161480
d528,chembl1161784
d529,chembl1161789
d530,chembl1161861
d531,chembl1161862
d532,chembl1161866
d533,chembl1161998
d534,chembl1162071
d535,chembl1162174
d536,chembl1163018
d537,chembl1163074
d538,chembl116597
d539,chembl117168
d540,chembl1173
d541,chembl117651
d542,chembl117658
d543,chembl117869
d544,chembl1179605
d545,chembl1185001
d546,chembl1186230
d547,chembl1187319
d548,chembl1190476
d549,chembl119084
d550,chembl119489
d551,chembl1197118
d552,chembl1204498
d553,chembl1204628
d554,chembl1205452
d555,chembl1205948
d556,chembl120708
d557,chembl1207374
d558,chembl1208337
d559,chembl1210221
d560,chembl121291
d561,chembl1213083
d562,chembl1213270
d563,chembl1213371
d564,chembl1213412
d565,chembl1213492
d566,chembl121790
d567,chembl121915
d568,chembl121941
d569,chembl1221512
d570,chembl1221657
d571,chembl1221659
d572,chembl1221660
d573,chembl1221699
d574,chembl1221702
d575,chembl1221944
d576,chembl1222035
d577,chembl122264
d578,chembl1229266
d579,chembl1229525
d580,chembl1229535
d581,chembl1229585
d582,chembl1229592
d583,chembl1229868
d584,chembl1229914
d585,chembl1230004
d586,chembl1230015
d587,chembl1230023
d588,chembl1230044
d589,chembl1230144
d590,chembl1230270
d591,chembl1230309
d592,chembl1230438
d593,chembl1230513
d594,chembl1230612
d595,chembl1230617
d596,chembl1230658
d597,chembl1230662
d598,chembl1230670
d599,chembl1230742
d600,chembl1230763
d601,chembl1230790
d602,chembl1230906
d603,chembl1230988
d604,chembl1230989
d605,chembl1231012
d606,chembl1231099
d607,chembl1231193
d608,chembl1231206
d609,chembl123132
d610,chembl1231358
d611,chembl1231453
d612,chembl1231458
d613,chembl1231533
d614,chembl1231592
d615,chembl1231666
d616,chembl1231683
d617,chembl1231689
d618,chembl1231778
d619,chembl1231801
d620,chembl1232076
d621,chembl1232157
d622,chembl1232182
d623,chembl1232243
d624,chembl1232261
d625,chembl1232399
d626,chembl1232445
d627,chembl1232448
d628,chembl1232472
d629,chembl1232673
d630,chembl1232702
d631,chembl1232817
d632,chembl1232829
d633,chembl1232858
d634,chembl1232920
d635,chembl1233001
d636,chembl1233057
d637,chembl1233097
d638,chembl1233206
d639,chembl1233327
d640,chembl1233457
d641,chembl1233506
d642,chembl123368
d643,chembl1233749
d644,chembl1233772
d645,chembl1233797
d646,chembl1233867
d647,chembl1233881
d648,chembl1233882
d649,chembl1233960
d650,chembl1233973
d651,chembl1234009
d652,chembl1234085
d653,chembl1234086
d654,chembl1234087
d655,chembl1234088
d656,chembl1234089
d657,chembl1234135
d658,chembl1234162
d659,chembl1234200
d660,chembl1234268
d661,chembl1234370
d662,chembl123440
d663,chembl1234416
d664,chembl1234479
d665,chembl1234578
d666,chembl1234593
d667,chembl1234621
d668,chembl1234624
d669,chembl1234777
d670,chembl1234797
d671,chembl1234815
d672,chembl1234956
d673,chembl1234965
d674,chembl1235106
d675,chembl1235110
d676,chembl1235116
d677,chembl1235132
d678,chembl1235136
d679,chembl1235146
d680,chembl1235237
d681,chembl1235255
d682,chembl1235429
d683,chembl1235529
d684,chembl1235556
d685,chembl1235676
d686,chembl1235693
d687,chembl1235702
d688,chembl1235837
d689,chembl1235854
d690,chembl1235981
d691,chembl1236010
d692,chembl1236126
d693,chembl1236157
d694,chembl1236215
d695,chembl1236268
d696,chembl1236441
d697,chembl1236539
d698,chembl1236661
d699,chembl1236704
d700,chembl123678
d701,chembl1236882
d702,chembl1237007
d703,chembl1237117
d704,chembl123904
d705,chembl12392
d706,chembl123978
d707,chembl124493
d708,chembl124718
d709,chembl125181
d710,chembl125200
d711,chembl125236
d712,chembl125381
d713,chembl125386
d714,chembl1255648
d715,chembl126506
d716,chembl126589
d717,chembl126955
d718,chembl12760
d719,chembl127907
d720,chembl129788
d721,chembl133097
d722,chembl1332025
d723,chembl134022
d724,chembl134529
d725,chembl134713
d726,chembl135302
d727,chembl138806
d728,chembl139050
d729,chembl139393
d730,chembl139423
d731,chembl141247
d732,chembl141889
d733,chembl144527
d734,chembl14562
d735,chembl148169
d736,chembl148333
d737,chembl148630
d738,chembl148732
d739,chembl148756
d740,chembl149502
d741,chembl149603
d742,chembl150261
d743,chembl151958
d744,chembl1522056
d745,chembl153057
d746,chembl153254
d747,chembl153813
d748,chembl155103
d749,chembl156987
d750,chembl157105
d751,chembl159820
d752,chembl162300
d753,chembl164138
d754,chembl165372
d755,chembl169186
d756,chembl169526
d757,chembl170077
d758,chembl173682
d759,chembl1741913
d760,chembl17432
d761,chembl1743358
d762,chembl174539
d763,chembl175198
d764,chembl175543
d765,chembl176467
d766,chembl1765740
d767,chembl176602
d768,chembl177101
d769,chembl177749
d770,chembl178090
d771,chembl178130
d772,chembl178938
d773,chembl180071
d774,chembl180300
d775,chembl180517
d776,chembl1812061
d777,chembl18136
d778,chembl181936
d779,chembl182260
d780,chembl182323
d781,chembl184048
d782,chembl184151
d783,chembl184410
d784,chembl184444
d785,chembl185097
d786,chembl18591
d787,chembl185918
d788,chembl186483
d789,chembl187105
d790,chembl188678
d791,chembl188865
d792,chembl189434
d793,chembl189607
d794,chembl189938
d795,chembl190201
d796,chembl190467
d797,chembl190801
d798,chembl191060
d799,chembl191275
d800,chembl191482
d801,chembl191598
d802,chembl191632
d803,chembl192154
d804,chembl192894
d805,chembl193156
d806,chembl193233
d807,chembl193264
d808,chembl193676
d809,chembl194009
d810,chembl194176
d811,chembl194322
d812,chembl1946187
d813,chembl194805
d814,chembl195368
d815,chembl195393
d816,chembl195450
d817,chembl196526
d818,chembl197277
d819,chembl1983566
d820,chembl198408
d821,chembl199237
d822,chembl200177
d823,chembl200255
d824,chembl200435
d825,chembl200469
d826,chembl200495
d827,chembl200528
d828,chembl2017291
d829,chembl202431
d830,chembl202609
d831,chembl202839
d832,chembl202930
d833,chembl202932
d834,chembl203407
d835,chembl203517
d836,chembl203569
d837,chembl203836
d838,chembl204086
d839,chembl204459
d840,chembl204785
d841,chembl204997
d842,chembl205098
d843,chembl205437
d844,chembl205786
d845,chembl205792
d846,chembl206109
d847,chembl2062155
d848,chembl207095
d849,chembl207228
d850,chembl207496
d851,chembl207701
d852,chembl207729
d853,chembl207994
d854,chembl208239
d855,chembl209022
d856,chembl209720
d857,chembl209740
d858,chembl210833
d859,chembl21156
d860,chembl211614
d861,chembl211769
d862,chembl212301
d863,chembl212522
d864,chembl212616
d865,chembl213618
d866,chembl213661
d867,chembl213758
d868,chembl214205
d869,chembl214253
d870,chembl214393
d871,chembl214502
d872,chembl215205
d873,chembl215344
d874,chembl215803
d875,chembl216697
d876,chembl2169919
d877,chembl217068
d878,chembl217271
d879,chembl217354
d880,chembl217914
d881,chembl218006
d882,chembl218289
d883,chembl218328
d884,chembl218382
d885,chembl219445
d886,chembl219484
d887,chembl219695
d888,chembl219841
d889,chembl220050
d890,chembl220346
d891,chembl220396
d892,chembl220428
d893,chembl2204502
d894,chembl220467
d895,chembl220513
d896,chembl220529
d897,chembl220896
d898,chembl221118
d899,chembl221170
d900,chembl221181
d901,chembl22148
d902,chembl221735
d903,chembl222002
d904,chembl222476
d905,chembl222501
d906,chembl223026
d907,chembl223147
d908,chembl223339
d909,chembl223512
d910,chembl223873
d911,chembl225210
d912,chembl225664
d913,chembl226403
d914,chembl226471
d915,chembl227123
d916,chembl227381
d917,chembl227924
d918,chembl227954
d919,chembl228133
d920,chembl228224
d921,chembl228369
d922,chembl229264
d923,chembl229855
d924,chembl230137
d925,chembl230153
d926,chembl230172
d927,chembl230347
d928,chembl230354
d929,chembl23094
d930,chembl231095
d931,chembl231950
d932,chembl232148
d933,chembl2325503
d934,chembl232557
d935,chembl232566
d936,chembl232827
d937,chembl232942
d938,chembl233149
d939,chembl233209
d940,chembl233349
d941,chembl233360
d942,chembl233553
d943,chembl233970
d944,chembl233992
d945,chembl235134
d946,chembl235157
d947,chembl23552
d948,chembl236086
d949,chembl2365680
d950,chembl236573
d951,chembl236708
d952,chembl236718
d953,chembl236720
d954,chembl236777
d955,chembl237127
d956,chembl237337
d957,chembl237600
d958,chembl237786
d959,chembl239507
d960,chembl239508
d961,chembl239746
d962,chembl239857
d963,chembl240355
d964,chembl240719
d965,chembl240725
d966,chembl2407634
d967,chembl241577
d968,chembl2420629
d969,chembl242237
d970,chembl243024
d971,chembl243731
d972,chembl243940
d973,chembl243978
d974,chembl244342
d975,chembl245549
d976,chembl245678
d977,chembl245787
d978,chembl247272
d979,chembl24811
d980,chembl248176
d981,chembl248643
d982,chembl249334
d983,chembl249530
d984,chembl24957
d985,chembl249736
d986,chembl24983
d987,chembl249847
d988,chembl250409
d989,chembl250787
d990,chembl251074
d991,chembl251429
d992,chembl25186
d993,chembl252124
d994,chembl252128
d995,chembl252967
d996,chembl253608
d997,chembl253825
d998,chembl253951
d999,chembl253976
d1000,chembl254520
d1001,chembl255590
d1002,chembl255750
d1003,chembl255874
d1004,chembl256315
d1005,chembl256725
d1006,chembl256892
d1007,chembl257036
d1008,chembl257158
d1009,chembl257341
d1010,chembl257543
d1011,chembl257553
d1012,chembl257591
d1013,chembl257705
d1014,chembl257975
d1015,chembl258040
d1016,chembl258202
d1017,chembl258208
d1018,chembl258467
d1019,chembl258728
d1020,chembl259420
d1021,chembl259551
d1022,chembl259724
d1023,chembl259833
d1024,chembl259850
d1025,chembl260000
d1026,chembl260563
d1027,chembl260629
d1028,chembl261454
d1029,chembl261720
d1030,chembl261723
d1031,chembl261777
d1032,chembl262103
d1033,chembl262489
d1034,chembl262628
d1035,chembl263143
d1036,chembl263664
d1037,chembl264669
d1038,chembl264950
d1039,chembl265720
d1040,chembl267048
d1041,chembl26717
d1042,chembl26828
d1043,chembl269264
d1044,chembl269881
d1045,chembl270512
d1046,chembl270527
d1047,chembl270672
d1048,chembl270875
d1049,chembl271138
d1050,chembl27130
d1051,chembl271591
d1052,chembl272114
d1053,chembl272198
d1054,chembl272690
d1055,chembl273101
d1056,chembl273158
d1057,chembl273822
d1058,chembl275311
d1059,chembl275339
d1060,chembl275368
d1061,chembl276864
d1062,chembl27784
d1063,chembl278894
d1064,chembl281795
d1065,chembl282146
d1066,chembl282837
d1067,chembl283807
d1068,chembl284362
d1069,chembl28472
d1070,chembl285063
d1071,chembl285527
d1072,chembl286364
d1073,chembl286497
d1074,chembl286678
d1075,chembl286939
d1076,chembl287837
d1077,chembl288436
d1078,chembl289422
d1079,chembl289635
d1080,chembl290140
d1081,chembl291678
d1082,chembl29197
d1083,chembl292963
d1084,chembl293034
d1085,chembl293212
d1086,chembl293700
d1087,chembl295971
d1088,chembl296323
d1089,chembl29641
d1090,chembl298445
d1091,chembl301769
d1092,chembl302715
d1093,chembl303958
d1094,chembl303992
d1095,chembl304552
d1096,chembl304784
d1097,chembl304858
d1098,chembl305178
d1099,chembl305785
d1100,chembl306380
d1101,chembl307440
d1102,chembl307679
d1103,chembl308745
d1104,chembl3087498
d1105,chembl3087499
d1106,chembl309282
d1107,chembl310554
d1108,chembl311228
d1109,chembl311932
d1110,chembl315546
d1111,chembl316053
d1112,chembl316308
d1113,chembl316388
d1114,chembl318721
d1115,chembl319467
d1116,chembl319516
d1117,chembl32113
d1118,chembl32190
d1119,chembl321944
d1120,chembl323202
d1121,chembl324168
d1122,chembl324942
d1123,chembl324951
d1124,chembl325023
d1125,chembl325434
d1126,chembl326082
d1127,chembl326523
d1128,chembl326564
d1129,chembl326611
d1130,chembl326651
d1131,chembl327127
d1132,chembl327579
d1133,chembl327715
d1134,chembl327830
d1135,chembl328139
d1136,chembl3287735
d1137,chembl328827
d1138,chembl329985
d1139,chembl330572
d1140,chembl331057
d1141,chembl331282
d1142,chembl331858
d1143,chembl332958
d1144,chembl333964
d1145,chembl334167
d1146,chembl335060
d1147,chembl335315
d1148,chembl335538
d1149,chembl335954
d1150,chembl336908
d1151,chembl337577
d1152,chembl338076
d1153,chembl33859
d1154,chembl338790
d1155,chembl34062
d1156,chembl340813
d1157,chembl341273
d1158,chembl342478
d1159,chembl343336
d1160,chembl343892
d1161,chembl345292
d1162,chembl346455
d1163,chembl35107
d1164,chembl351298
d1165,chembl352764
d1166,chembl353861
d1167,chembl354634
d1168,chembl354739
d1169,chembl35482
d1170,chembl355497
d1171,chembl356002
d1172,chembl356700
d1173,chembl356752
d1174,chembl357217
d1175,chembl357488
d1176,chembl358064
d1177,chembl358860
d1178,chembl358866
d1179,chembl359020
d1180,chembl359482
d1181,chembl360356
d1182,chembl360410
d1183,chembl360520
d1184,chembl360563
d1185,chembl360998
d1186,chembl361054
d1187,chembl361078
d1188,chembl361348
d1189,chembl362148
d1190,chembl36245
d1191,chembl362592
d1192,chembl363302
d1193,chembl363498
d1194,chembl363847
d1195,chembl364092
d1196,chembl364748
d1197,chembl364811
d1198,chembl364869
d1199,chembl365617
d1200,chembl365776
d1201,chembl366254
d1202,chembl366312
d1203,chembl367588
d1204,chembl367746
d1205,chembl368238
d1206,chembl369251
d1207,chembl369507
d1208,chembl371428
d1209,chembl371491
d1210,chembl371732
d1211,chembl371948
d1212,chembl372164
d1213,chembl374713
d1214,chembl374936
d1215,chembl375112
d1216,chembl375270
d1217,chembl376388
d1218,chembl376408
d1219,chembl376505
d1220,chembl376632
d1221,chembl377312
d1222,chembl377956
d1223,chembl378160
d1224,chembl378927
d1225,chembl379000
d1226,chembl379218
d1227,chembl379692
d1228,chembl379760
d1229,chembl380331
d1230,chembl380373
d1231,chembl380394
d1232,chembl380589
d1233,chembl380648
d1234,chembl380888
d1235,chembl380955
d1236,chembl381806
d1237,chembl382127
d1238,chembl382201
d1239,chembl382311
d1240,chembl382639
d1241,chembl383189
d1242,chembl383541
d1243,chembl383570
d1244,chembl383705
d1245,chembl383923
d1246,chembl38397
d1247,chembl383990
d1248,chembl384759
d1249,chembl385178
d1250,chembl385587
d1251,chembl385711
d1252,chembl385937
d1253,chembl386015
d1254,chembl386049
d1255,chembl38681
d1256,chembl387187
d1257,chembl387347
d1258,chembl387385
d1259,chembl38851
d1260,chembl389051
d1261,chembl389767
d1262,chembl390674
d1263,chembl391087
d1264,chembl391586
d1265,chembl391640
d1266,chembl391737
d1267,chembl391805
d1268,chembl391910
d1269,chembl392068
d1270,chembl392452
d1271,chembl392990
d1272,chembl394826
d1273,chembl394875
d1274,chembl395336
d1275,chembl395347
d1276,chembl396380
d1277,chembl397666
d1278,chembl398346
d1279,chembl398428
d1280,chembl399530
d1281,chembl399598
d1282,chembl400111
d1283,chembl400431
d1284,chembl400520
d1285,chembl400754
d1286,chembl401150
d1287,chembl401365
d1288,chembl401377
d1289,chembl401842
d1290,chembl401843
d1291,chembl401930
d1292,chembl402001
d1293,chembl402262
d1294,chembl402747
d1295,chembl402761
d1296,chembl403328
d1297,chembl403350
d1298,chembl403673
d1299,chembl404150
d1300,chembl404508
d1301,chembl404630
d1302,chembl405730
d1303,chembl406105
d1304,chembl406572
d1305,chembl406652
d1306,chembl406821
d1307,chembl406845
d1308,chembl406863
d1309,chembl407567
d1310,chembl408500
d1311,chembl408967
d1312,chembl409038
d1313,chembl409536
d1314,chembl41036
d1315,chembl410448
d1316,chembl410462
d1317,chembl410668
d1318,chembl410834
d1319,chembl411250
d1320,chembl411274
d1321,chembl411930
d1322,chembl416301
d1323,chembl41631
d1324,chembl42039
d1325,chembl420671
d1326,chembl420806
d1327,chembl421138
d1328,chembl422668
d1329,chembl423417
d1330,chembl424278
d1331,chembl425181
d1332,chembl425584
d1333,chembl425616
d1334,chembl426560
d1335,chembl426815
d1336,chembl427896
d1337,chembl428462
d1338,chembl428495
d1339,chembl428963
d1340,chembl429852
d1341,chembl430879
d1342,chembl431210
d1343,chembl432359
d1344,chembl433501
d1345,chembl433921
d1346,chembl434025
d1347,chembl434374
d1348,chembl435278
d1349,chembl435747
d1350,chembl436462
d1351,chembl436784
d1352,chembl436947
d1353,chembl437508
d1354,chembl437747
d1355,chembl438303
d1356,chembl439009
d1357,chembl440498
d1358,chembl443455
d1359,chembl444422
d1360,chembl445162
d1361,chembl445420
d1362,chembl447183
d1363,chembl447627
d1364,chembl44833
d1365,chembl449269
d1366,chembl451332
d1367,chembl451721
d1368,chembl451855
d1369,chembl452289
d1370,chembl452800
d1371,chembl453620
d1372,chembl45483
d1373,chembl455271
d1374,chembl455907
d1375,chembl455946
d1376,chembl456163
d1377,chembl456218
d1378,chembl457047
d1379,chembl457530
d1380,chembl458767
d1381,chembl458926
d1382,chembl458975
d1383,chembl458997
d1384,chembl459149
d1385,chembl459177
d1386,chembl460102
d1387,chembl460741
d1388,chembl460831
d1389,chembl46085
d1390,chembl460901
d1391,chembl460910
d1392,chembl460962
d1393,chembl46148
d1394,chembl462170
d1395,chembl462228
d1396,chembl462712
d1397,chembl46293
d1398,chembl463580
d1399,chembl46439
d1400,chembl466496
d1401,chembl46780
d1402,chembl46817
d1403,chembl468900
d1404,chembl469099
d1405,chembl469117
d1406,chembl470365
d1407,chembl472193
d1408,chembl472879
d1409,chembl47302
d1410,chembl473773
d1411,chembl473922
d1412,chembl474637
d1413,chembl47527
d1414,chembl475814
d1415,chembl47590
d1416,chembl476189
d1417,chembl476937
d1418,chembl477786
d1419,chembl478381
d1420,chembl478409
d1421,chembl478464
d1422,chembl478524
d1423,chembl478649
d1424,chembl478718
d1425,chembl479014
d1426,chembl479960
d1427,chembl480329
d1428,chembl480411
d1429,chembl48046
d1430,chembl480626
d1431,chembl48109
d1432,chembl48122
d1433,chembl481931
d1434,chembl482193
d1435,chembl482708
d1436,chembl483091
d1437,chembl483161
d1438,chembl483348
d1439,chembl483716
d1440,chembl483790
d1441,chembl483995
d1442,chembl484726
d1443,chembl484780
d1444,chembl485070
d1445,chembl485323
d1446,chembl485835
d1447,chembl485945
d1448,chembl485961
d1449,chembl48608
d1450,chembl486146
d1451,chembl486921
d1452,chembl486954
d1453,chembl487431
d1454,chembl487738
d1455,chembl48813
d1456,chembl489157
d1457,chembl489514
d1458,chembl489798
d1459,chembl489799
d1460,chembl490730
d1461,chembl490814
d1462,chembl490866
d1463,chembl490867
d1464,chembl490920
d1465,chembl490961
d1466,chembl491429
d1467,chembl492265
d1468,chembl492529
d1469,chembl493986
d1470,chembl494072
d1471,chembl494360
d1472,chembl494708
d1473,chembl495597
d1474,chembl495758
d1475,chembl49636
d1476,chembl496574
d1477,chembl496942
d1478,chembl497689
d1479,chembl500724
d1480,chembl500779
d1481,chembl501822
d1482,chembl50267
d1483,chembl503090
d1484,chembl504805
d1485,chembl50483
d1486,chembl50514
d1487,chembl506972
d1488,chembl508461
d1489,chembl509064
d1490,chembl509101
d1491,chembl509485
d1492,chembl509730
d1493,chembl511942
d1494,chembl512172
d1495,chembl512283
d1496,chembl512341
d1497,chembl513225
d1498,chembl514794
d1499,chembl516357
d1500,chembl518383
d1501,chembl518800
d1502,chembl519160
d1503,chembl519827
d1504,chembl519939
d1505,chembl521105
d1506,chembl521203
d1507,chembl521703
d1508,chembl522387
d1509,chembl522579
d1510,chembl522891
d1511,chembl523395
d1512,chembl524266
d1513,chembl525028
d1514,chembl525191
d1515,chembl525194
d1516,chembl526479
d1517,chembl526688
d1518,chembl527018
d1519,chembl527066
d1520,chembl537968
d1521,chembl538937
d1522,chembl538940
d1523,chembl539640
d1524,chembl539906
d1525,chembl540929
d1526,chembl541253
d1527,chembl54277
d1528,chembl549340
d1529,chembl549343
d1530,chembl549906
d1531,chembl550453
d1532,chembl55068
d1533,chembl550795
d1534,chembl551043
d1535,chembl551561
d1536,chembl552425
d1537,chembl55264
d1538,chembl554496
d1539,chembl555205
d1540,chembl557915
d1541,chembl559401
d1542,chembl560377
d1543,chembl560871
d1544,chembl561318
d1545,chembl561639
d1546,chembl561660
d1547,chembl562314
d1548,chembl562317
d1549,chembl562318
d1550,chembl562743
d1551,chembl563168
d1552,chembl563196
d1553,chembl563327
d1554,chembl563377
d1555,chembl564249
d1556,chembl564912
d1557,chembl56543
d1558,chembl568150
d1559,chembl570072
d1560,chembl570533
d1561,chembl570537
d1562,chembl570775
d1563,chembl571159
d1564,chembl572546
d1565,chembl572879
d1566,chembl573077
d1567,chembl573819
d1568,chembl574003
d1569,chembl574060
d1570,chembl574817
d1571,chembl575218
d1572,chembl576960
d1573,chembl577144
d1574,chembl582887
d1575,chembl589258
d1576,chembl589752
d1577,chembl590753
d1578,chembl592878
d1579,chembl593335
d1580,chembl593503
d1581,chembl593791
d1582,chembl594722
d1583,chembl594840
d1584,chembl594972
d1585,chembl603367
d1586,chembl605003
d1587,chembl608393
d1588,chembl609880
d1589,chembl611940
d1590,chembl62492
d1591,chembl62836
d1592,chembl62897
d1593,chembl63859
d1594,chembl63895
d1595,chembl64579
d1596,chembl64676
d1597,chembl64934
d1598,chembl65273
d1599,chembl66380
d1600,chembl6685
d1601,chembl66907
d1602,chembl6708
d1603,chembl67158
d1604,chembl70176
d1605,chembl7087
d1606,chembl71191
d1607,chembl71360
d1608,chembl71611
d1609,chembl72434
d1610,chembl73303
d1611,chembl73502
d1612,chembl7390
d1613,chembl74078
d1614,chembl75691
d1615,chembl76029
d1616,chembl77562
d1617,chembl78455
d1618,chembl78755
d1619,chembl78794
d1620,chembl80333
d1621,chembl82767
d1622,chembl83116
d1623,chembl83547
d1624,chembl85860
d1625,chembl86658
d1626,chembl87277
d1627,chembl87580
d1628,chembl88153
d1629,chembl89363
d1630,chembl8943
d1631,chembl89506
d1632,chembl90403
d1633,chembl90488
d1634,chembl92277
d1635,chembl92361
d1636,chembl9240
d1637,chembl92404
d1638,chembl92567
d1639,chembl92608
d1640,chembl92636
d1641,chembl93247
d1642,chembl93560
d1643,chembl93647
d1644,chembl93687
d1645,chembl94061
d1646,chembl94277
d1647,chembl94417
d1648,chembl95097
d1649,chembl9519
d1650,chembl95700
d1651,chembl96433
d1652,chembl96741
d1653,chembl96852
d1654,chembl96862
d1655,chembl97355
d1656,chembl99447
d1657,chembl99842
d1658,chembl99889
d1659,chembl99951
d1660,chenodiol
d1661,chir-265
d1662,chitodextrin
d1663,chlophedianol
d1664,chloral betaine
d1665,chlorambucil
d1666,chloramphenicol
d1667,chlorcyclizine
d1668,chlorfenson
d1669,chlorhexidine
d1670,chlormerodrin
d1671,chlormezanone
d1672,chloroguanide
d1673,chloropyramine
d1674,chloroquine
d1675,chlorotrianisene
d1676,chlorpheniramine polistirex
d1677,chlorpromazine
d1678,chlorpropamide
d1679,chlorprothixene
d1680,chlorthalidone
d1681,chlorzoxazone
d1682,cholecalciferol
d1683,cholesterol
d1684,cholestyramine
d1685,cholic acid
d1686,choline
d1687,chondroitin sulfate
d1688,ci-1040
d1689,cibacron blue
d1690,ciclesonide
d1691,cidofovir
d1692,cilansetron
d1693,cilastatin
d1694,cilazapril
d1695,cilengitide
d1696,cilmostim
d1697,cilomilast
d1698,cilostazol
d1699,cimetidine
d1700,cimicoxib
d1701,cinacalcet
d1702,cinalukast
d1703,cinitapride
d1704,cinnarizine
d1705,cinolazepam
d1706,ciprofloxacin
d1707,cirazoline
d1708,cisapride
d1709,cisplatin (chembl2068237)
d1710,citric acid
d1711,cixutumumab
d1712,cladribine
d1713,clarithromycin
d1714,clenbuterol
d1715,clevidipine
d1716,clidinium
d1717,clindamycin phosphate
d1718,clobazam
d1719,clobetasol propionate
d1720,clocortolone pivalate
d1721,clodronate disodium
d1722,clofarabine
d1723,clofazimine
d1724,clofibrate
d1725,clomiphene
d1726,clomiphene citrate
d1727,clonazepam
d1728,clonidine
d1729,cloprostenol (chembl2220404)
d1730,clorgiline
d1731,clotiazepam
d1732,clotrimazole
d1733,clozapine
d1735,cobimetinib
d1736,cocaine
d1737,coenzyme q1
d1738,coenzyme q2
d1739,coenzyme_a
d1740,colchicine
d1741,colestipol hydrochloride
d1742,colforsin
d1743,collagenase clostridium histolyticum
d1744,combretastatin
d1745,conatumumab
d1746,conestat alfa
d1747,conivaptan
d1748,copanlisib
d1749,coproporphyrinogen-iii
d1750,cordycepin
d1751,corticosterone
d1752,corticotropin
d1753,cortisone
d1754,cortisone acetate
d1755,cosyntropin
d1734,co-trimoxazole
d1756,coumaric acid
d1757,coumarin
d1758,cp-724714
d1759,creatine
d1760,crenolanib
d1761,crizotinib
d1762,crofelemer
d1763,cromolyn sodium
d1764,crotonaldehyde
d1765,cryptotanshinone
d1766,cucurbitacin i
d1767,cudc-101
d1768,cudc-907
d1769,curcumin
d1770,cyanamide
d1771,cyanocobalamin
d1772,cyclandelate
d1773,cyclic adenosine monophosphate
d1774,cyclizine
d1775,cyclobutyl(cyclopentyl)formamide
d1776,cyclohexanol
d1777,cyclohexylformamide
d1778,cycloleucine
d1779,cyclophosphamide
d1780,cyclopiazonic acid
d1781,cyclosporine
d1782,cyclotheonamide a
d1783,cyclothiazide
d1784,cycrimine
d1785,cyproheptadine hydrochloride
d1786,cyproterone acetate
d1787,cysteamine
d1788,cysteine
d1789,cystetine triphosphate
d1790,cytarabine
d1791,cytidine
d1792,cytisine
d1795,dabrafenib
d1796,dacarbazine
d1797,dacinostat
d1798,daclizumab
d1799,dacomitinib
d1800,dactinomycin
d1801,dactolisib
d1802,daidzein
d1803,daidzin
d1804,dalfampridine
d1805,dalteparin sodium
d1806,danazol
d1807,danusertib
d1808,dapagliflozin
d1809,dapiprazole
d1810,dapoxetine
d1811,dapsone
d1812,darbepoetin alfa
d1813,darifenacin
d1814,darusentan
d1815,dasatinib
d1816,daunorubicin
d1817,dazoxiben
d1818,debrisoquin
d1819,debromohymenialdisine
d1820,decamethonium
d1821,decanoic acid
d1822,decarboxylated derivative
d1823,decitabine
d1824,deferoxamine
d1825,defibrotide
d1826,degarelix
d1827,deguelin
d1828,delantercept
d1829,demcizumab
d1830,demecarium
d1831,demecolcine
d1832,denileukin diftitox
d1833,denosumab
d1834,denufosol
d1835,deoxycholic acid
d1836,deoxycytidine
d1837,deoxyguanosine triphosphate
d1838,deoxyuridine monophosphate
d1839,depatuxizumab
d1840,depatuxizumab mafodotin
d1841,depsipeptide
d1842,deramciclane
d1843,deserpidine
d1844,desflurane
d1845,deslanoside
d1846,desloratadine
d1847,desmopressin acetate
d1848,desmoteplase
d1849,desogestrel
d1850,desonide
d1851,desoximetasone
d1852,desoxycorticosterone pivalate
d1853,dexamethasone
d1854,dexamethasone acetate
d1855,dexbrompheniramine
d1856,dexfenfluramine
d1857,dexfosfoserine
d1858,dexloxiglumide
d1859,dexrazoxane
d1860,dextran sulfate sodium
d1861,dextromethorphan
d1862,dextrose
d1863,dextrothyroxine
d1864,dezocine
d1865,diacetylmorphine
d1866,diazepam
d1867,diaziquone
d1868,diazoxide
d1869,dibucaine
d1870,dichloroacetic acid
d1871,dichlororibobenzimidazole
d1872,dichlorphenamide
d1873,diclofenac
d1874,diclofop
d1875,dicumarol
d1876,didanosine
d1877,didemnin b
d1878,dienestrol
d1879,diethylcarbamazine
d1880,diethylstilbestrol
d1881,diethylstilbestrol diphosphate
d1882,diflunisal
d1883,difluprednate
d1884,digitoxin
d1885,digoxin
d1886,dihomo-gamma-linolenic acid
d1887,dihydrolipoic acid
d1888,dihydromorphine
d1889,dihydroresveratrol
d1890,dihydrospingosine
d1891,dihydrotachysterol
d1892,dimenhydrinate
d1893,dimetacrine
d1894,dimethindene
d1895,dimethyl fumarate
d1896,dimethyl sulfoxide
d1897,dimethylallyl diphosphate
d1898,dimethylformamide
d1899,dimethylthiambutene
d1900,diminazene
d1901,dinaciclib
d1902,dinoprost tromethamine
d1903,dinoprostone
d1904,dioxane
d1905,diphemanil methylsulfate
d1906,diphenhydramine hydrochloride
d1907,diphenidol
d1908,diphenoxylate
d1909,diphenylacetic acid
d1910,diphenylpyraline
d1911,diphosphomethylphosphonic acid adenosyl ester
d1912,dipivefrin
d1913,diprenorphine
d1914,dipyridamole
d1915,dipyrone
d1916,disulfiram
d1917,ditiocarb
d1918,dnqx
d1919,docetaxel
d1920,docosanol
d1921,dodecanoate
d1922,dodecanol
d1923,dofetilide
d1924,dolasetron
d1925,dolastatin-10
d1926,domoic acid
d1927,domperidone
d1928,donepezil
d1929,doramapimod
d1930,dorsomorphin
d1931,dorzolamide
d1932,dovitinib
d1933,doxacurium chloride
d1934,doxapram
d1935,doxercalciferol
d1936,doxifluridine
d1937,doxorubicin
d1938,doxorubicin hydrochloride
d1939,doxycycline
d1940,doxylamine
d1793,d-phenylalanine
d1941,droloxifene
d1942,dromostanolone
d1943,dronabinol
d1944,dronedarone
d1945,droperidol
d1946,drospirenone
d1947,drotaverine
d1948,drotrecogin alfa (activated)
d1949,droxidopa
d1950,ds-7423
d5,(d)-serine
d1794,d-tryptophan
d1951,dulaglutide
d1952,duroquinone
d1953,durvalumab
d1954,dutasteride
d1955,duvoglustat
d1956,dyclonine
d1957,dydrogesterone
d1958,dyphylline
d1959,e-6201
d1960,ecabet
d1961,ecallantide
d1962,echothiophate
d1963,eculizumab
d1964,edaravone
d1965,edelfosine
d1966,edotecarin
d1967,edoxaban
d1968,edrophonium
d1969,efalizumab
d1970,efaproxiral
d1971,efavirenz
d1972,eflornithine
d1973,egf816
d2,(+)-ehna
d1974,ehna
d1975,elacridar
d1976,eletriptan
d1977,eliglustat
d1978,eliglustat tartrate
d1979,ellagic acid
d1980,elotuzumab
d1981,elsamitrucin
d1982,eltrombopag
d1983,eluxadoline
d1984,emd-1204831
d1985,emibetuzumab
d1986,emodin
d1987,empagliflozin
d1988,enalapril
d1989,enalapril maleate
d1990,enalkiren
d1991,encainide
d1992,encorafenib
d1993,enflurane
d1994,eniluracil
d1995,enmd-2076
d1996,enoxacin
d1997,enoxaparin
d1998,enoximone
d1999,enprofylline
d2000,entacapone
d2001,entinostat
d2002,entrectinib
d2003,enzalutamide
d2004,enzastaurin
d2005,epibatidine
d2006,epigalocatechin gallate
d2007,epinephrine
d2008,epirubicin
d2009,epitestosterone
d2010,eplerenone
d2011,epoetin alfa
d2012,epoetin beta
d2013,epoetin zeta
d2014,epothilone d
d2015,epratuzumab
d2016,eprotirome
d2017,eptifibatide
d2018,equilin
d2019,ergocalciferol
d2020,ergoloid mesylates
d2021,ergonovine
d2022,ergotamine
d2023,eribaxaban
d2024,eribulin
d2025,eribulin mesylate
d2026,erismodegib
d2027,eritadenine
d2028,eritoran (chembl501259)
d2029,erlotinib
d2030,erlotinib hydrochloride
d2031,erteberel
d2032,erythrityl tetranitrate
d2033,erythromycin
d2034,eslicarbazepine acetate
d2035,esmirtazapine
d2036,estazolam
d2037,estradiol
d2038,estradiol benzoate
d2039,estradiol dipropionate
d2040,estradiol valerate
d2041,estramustine
d2042,estramustine phosphate
d2043,estriol
d2044,"estrogens, conjugated"
d2045,estrone
d2046,estropipate
d2047,eszopiclone
d2048,etanercept
d2049,ethacrynic acid
d2050,ethanolamine oleate
d2051,ethchlorvynol
d2052,ether
d2053,ethinamate
d2054,ethinyl estradiol
d2055,ethopropazine
d2056,ethosuximide
d2057,ethotoin
d2058,ethoxzolamide
d2059,ethyl nitrosourea
d2060,ethylisothiourea
d2061,ethylmorphine
d2062,etidronate disodium
d2063,etidronic acid
d2064,etiocholanolone
d2065,etodolac
d2066,etomidate
d2067,etonogestrel
d2068,etoposide
d2069,etoricoxib
d2070,etorphine (chembl1908334)
d2071,etretinate
d2072,everolimus
d2073,evofosfamide
d2074,exatecan mesylate
d2075,exemestane
d2076,exenatide
d2077,ezatiostat hydrochloride
d2078,ezetimibe
d2079,ezogabine
d2080,fadrozole
d2081,famciclovir
d2082,famotidine
d2083,famoxadone
d2084,farletuzumab
d2085,farnesol
d2086,farnesyl diphosphate
d2087,fasudil
d2088,febuxostat
d2089,fedratinib
d2090,felbamate
d2091,felbinac
d2092,felodipine
d2093,felypressin
d2094,fencamfamin
d2095,fenfluramine
d2096,fenofibrate
d2097,fenoldopam
d2098,fenoterol
d2099,fenretinide
d2100,fentanyl
d2101,fesoterodine
d2102,fexaramine
d2103,fexofenadine hydrochloride
d2104,ficlatuzumab
d2105,filaminast
d2106,filgrastim
d2107,finafloxacin
d2108,finasteride
d2109,fingolimod
d2110,firocoxib
d2111,fisetin
d2112,flavin adenine dinucleotide
d2113,flecainide
d2114,fleroxacin
d2115,flibanserin
d2116,florbetapir f 18
d2117,floxuridine
d2118,fluconazole
d2119,flucytosine
d2120,fludarabine
d2121,fludiazepam
d2122,flufenamic acid
d2123,flumazenil
d2124,flumethasone
d2125,flunarizine
d2126,flunisolide
d2127,flunitrazepam
d2128,fluocinolone acetonide
d2129,fluocinonide
d2130,fluorescein
d2131,fluorescin
d2132,fluorometholone
d2133,fluorotryptophane
d2134,fluorouracil
d2135,fluoxetine
d2136,fluoxymesterone
d2137,flupentixol
d2138,flupirtine
d2139,flurandrenolide
d2140,flurazepam
d2141,flurbiprofen
d2142,fluspirilene
d2143,flutamide
d2144,flutemetamol f18
d2145,fluticasone propionate
d2146,folic acid
d2147,folinic acid
d2148,fomepizole
d2149,fondaparinux sodium
d2150,forasartan
d2151,foretinib
d2152,formebolone
d2153,formestane
d2154,formic acid
d2155,formoterol
d2156,formycin
d2157,foscarnet
d2158,fospropofol
d2159,fostamatinib
d2160,fotemustine
d2161,framycetin
d2162,freselestat
d2163,fructose
d2164,"fructose 1,6-diphosphate"
d2165,fulvestrant
d2166,fumagillin
d2167,furosemide
d2168,futuximab
d2169,gabaculine
d2170,gabapentin
d2171,gadopentetate dimeglumine
d2172,galactitol
d2173,galiximab
d2174,gallamine triethiodide
d2175,gallium nitrate
d2176,galsulfase
d2177,gamma-aminobutyric acid
d2178,ganciclovir
d2179,ganetespib
d2180,ganirelix acetate
d2181,garlic
d2182,gavestinel
d2183,gdc-0810
d2184,gdc-0994
d2185,gedatolisib
d2186,gefitinib
d2187,geldanamycin
d2188,gemcitabine
d2189,gemfibrozil
d2190,gemtuzumab ozogamicin
d2191,geneticin
d2192,genistein
d2193,gentamicin
d2194,geranyl diphosphate
d2195,gf-109203
d2196,gibberellin a3
d2197,gilteritinib
d2198,ginger
d2199,ginkgo
d2200,"ginseng, asian"
d2201,glatiramer acetate
d2202,gliclazide
d2203,glimepiride
d2204,glipizide
d2205,gliquidone
d2206,glisoxepide
d2207,"globulin, immune"
d2208,glucagon
d2209,glucarpidase
d2210,gluconolactone
d2211,glucosamine
d2212,glutamine
d2213,glutathione
d2214,glutethimide
d2215,glyburide
d2216,glycerin
d2217,glycine
d2218,glycocholic acid
d2219,glycolic acid
d2220,glycopyrrolate
d2221,glycyrrhizin
d2222,glymidine
d2223,go-6976
d2224,golimumab
d2225,golvatinib
d2226,gonadorelin
d2227,gonadorelin acetate
d2228,"gonadotropin, chorionic"
d2229,goserelin
d2230,goserelin acetate
d2231,gosogliptin
d2232,gossypol
d2233,gossypol acetic acid
d2234,gpi-1046
d2235,griseofulvin
d2236,gsk-2256098
d2237,gsk-237701a
d2238,gsk-2636771
d2239,gsk-461364
d2240,gsk-690693
d2241,guanabenz
d2242,guanadrel
d2243,guanethidine
d2244,guanidino acetate
d2245,guanine
d2246,guanosine
d2247,guanosine triphosphate
d2248,guvacine
d2249,gw572738x
d2250,gw590735
d2251,gw607117x
d2252,gw612286x
d2253,gw632580x
d2254,hadacidin
d2255,halazepam
d2256,halcinonide
d2257,halobetasol propionate
d2258,halofantrine
d2259,halofuginone
d2260,haloperidol
d2261,halothane
d2262,haloxyfop-r-methyl
d2263,harmine
d2264,hemicholinium-3
d2265,heparin
d2266,heparin calcium
d2267,heparin sodium
d2268,heptabarbital
d2269,heptanoate
d2270,heptylformamide
d2271,herbimycin
d2272,hesperetin
d2273,hesperidin
d2274,hexachlorophene
d2275,hexadecanesulfonyl fluoride
d2276,hexafluorenium
d2277,hexamethylenebisacetamide
d2278,hexanoyl-coa
d2279,hexobarbital
d2280,hexylcaine
d2281,histamine
d2282,histidine
d2283,hmn-214
d2284,hoechst 33258
d2285,human fsh
d2286,human interleukin-2
d2287,huperzine a
d2288,huperzine b
d2289,hyaluronic acid
d2290,hyaluronidase (human recombinant)
d2291,hycanthone
d2292,hydralazine
d2293,hydrazine
d2294,hydrochlorothiazide
d2295,hydrocortamate
d2296,hydrocortisone
d2297,hydroflumethiazide
d2298,hydrogen peroxide
d2299,hydroquinone
d2300,hydroxocobalamin
d2301,hydroxychloroquine
d2302,hydroxyfasudil
d2303,hydroxyprogesterone caproate
d2304,hydroxyurea
d2305,hymenialdisine
d2306,hyoscyamine
d2307,hyperforin
d2308,hypericin
d2309,hypothemycin
d2310,hypoxanthine
d2311,ibandronic acid
d2312,ibritumomab tiuxetan
d2313,ibrutinib
d2314,ibudilast
d2315,ibuprofen
d2316,ic261
d2317,icatibant
d2318,icosapent
d2319,icotinib
d2320,idarubicin
d2321,idelalisib
d2322,idoxifene
d2323,idoxuridine
d2324,idronoxil
d2325,idursulfase
d2326,ifenprodil
d2327,ifosfamide
d2328,ign-311
d2329,ilomastat
d2330,iloperidone
d2331,iloprost
d2332,imatinib
d2333,imatinib mesylate
d2334,imgatuzumab
d2335,imidacloprid
d2336,imiglucerase
d2337,imipenem
d2338,imipramine
d2339,imiquimod
d2340,implitapide
d2341,inamrinone
d2342,indacaterol
d2343,indapamide
d2344,indecainide
d2345,indeglitazar
d2346,indinavir
d2347,indirubin sulfate
d2348,indole-3-acetic acid
d2349,indole-3-butyric acid
d2350,indole-3-carbinol
d2351,indolylpropionic acid
d2352,indomethacin
d2353,inecalcitol
d2354,infigratinib
d2355,infliximab
d2356,ingenol mebutate
d2357,ink-1117
d2358,ink-128
d2359,inosine
d2360,inositol
d2361,insulin detemir
d2362,insulin glargine
d2363,insulin glulisine
d2364,insulin human
d2365,interferon alfa-2a
d2366,interferon alfa-2b
d2369,interferon alfacon-1
d2367,interferon alfa-n1
d2368,interferon alfa-n3
d2370,interferon beta
d2371,interferon beta-1a
d2372,interferon beta-1b
d2373,interferon gama-1b
d2374,interleukin 1beta
d2375,iodine
d2376,iodoindomethacin
d2377,iodomelatonin
d2378,iodotubercidin
d2379,ionomycin
d2380,ipatasertib
d2381,ipilimumab
d2382,irbesartan
d2383,irinotecan
d2384,irofulven
d2385,iron dextran
d2386,irosustat
d2387,isatoribine
d2388,isobutylmethylxanthine
d2389,isocarboxazid
d2390,isocitric acid
d2391,isoetharine
d2392,isoflavone
d2393,isoflurophate
d2394,isoleucine
d2395,isometheptene
d2396,isoniazid
d2397,isopentenylpyrophosphate
d2398,isoprenaline
d2399,isopropamide
d2400,isopropyl alcohol
d2401,isoproterenol
d2402,isosorbide dinitrate
d2403,isothipendyl
d2404,isotretinoin
d2405,isradipine
d2406,itopride
d2407,itraconazole
d2408,ivacaftor
d2409,ivermectin
d2410,ixabepilone
d2411,ixazomib
d2412,jaspisamide a
d2413,jnj-38877605
d2414,jnj-42756493
d2415,k-252a
d2416,kabiramide c
d2417,kaempferol
d2418,kelatorphan
d2419,ketanserin
d2420,ketazolam
d2421,ketobemidone
d2422,ketoconazole
d2423,ketoprofen
d2424,kifunensine
d2425,ku-55933
d2426,kx2-391
d2427,l-778123
d2435,labetalol
d2436,lacosamide
d2437,"lactose, anhydrous"
d2438,lactulose hydrate
d2428,l-alanine
d2439,lalanosine
d2440,lamivudine
d2441,lamotrigine
d2442,lanosterol
d2443,lanreotide
d2444,lansoprazole
d2445,lapatinib
d2446,latanoprost
d2447,latrunculin a
d2448,latrunculin b
d2449,lavendustin a
d2429,l-citrulline
d2430,l-eflornithine
d2450,leflunomide
d2451,lefradafiban
d2452,lenalidomide
d2453,lentinan
d2454,lenvatinib
d2455,lepirudin
d2456,lercanidipine
d2457,lesopitron
d2458,lestaurtinib
d2459,letrozole
d2460,leucine
d2461,leucine phosphonic acid
d2462,leucovorin
d2463,leuprolide acetate
d2464,levallorphan
d2465,levamisole
d2466,levetiracetam
d2467,levobunolol
d2468,levobupivacaine
d2469,levocabastine
d2470,levocarnitine
d2471,levodopa
d2472,levofloxacin
d2473,levoleucovorin
d2474,levomepromazine
d2475,levomethadyl acetate
d2476,levonorgestrel
d2477,levothyroxine
d2478,levulinic acid
d2479,lexacalcitol
d2431,l-glutamate
d2480,liarozole
d2481,licofelone
d2482,lidocaine
d2483,lidorestat
d2484,lifitegrast
d2485,limonene oxide
d2486,linaclotide
d2487,linagliptin
d2488,lindane
d2489,linezolid
d2490,linolenic acid
d2491,linsitinib
d2492,lintitript
d2493,liothyronine sodium
d2494,lipoic acid
d2495,liraglutide
d2496,lisinopril
d2497,lisofylline
d2498,lisuride
d2499,lithium
d2432,l-nio
d2500,lofexidine
d2501,lomefloxacin
d2502,lomustine
d2503,lonafarnib
d2504,loratadine
d2505,lorazepam
d2506,lorcaserin
d2507,lorlatinib
d2508,lornoxicam
d2509,loteprednol
d2510,lovastatin
d2511,loxapine
d2512,loxo-101
d2433,l-phenylalanine
d2434,l-proline
d2513,lubiprostone
d2514,lucanthone
d2515,lucitanib
d2516,lumacaftor
d2517,lumiracoxib
d2518,lurasidone
d2519,lutein
d2520,lutropin alfa
d2521,ly-2780301
d2522,ly-2874455
d2523,ly-294002
d2524,ly-3009120
d2525,ly-3023414
d2526,lycopene
d2527,lysergide
d2528,lysine
d2529,macitentan
d2530,mafosfamide
d2531,magnesium
d2532,magnesium chloride
d2533,magnesium salicylate
d2534,magnesium sulfate
d2535,malathion
d2536,maleic acid
d2537,malonic acid
d2538,maltose
d2539,maltotriose
d2540,mannitol
d2541,mannomustine
d2542,maraviroc
d2543,margetuximab
d2544,marimastat
d2545,matairesinol
d2546,mazindol
d2547,mb07811
d2548,mdx-447
d2549,mebendazole
d2550,mecamylamine hydrochloride
d2551,mechlorethamine
d2552,mechlorethamine hydrochloride
d2553,medronic acid
d2554,medroxyprogesterone acetate
d2555,medrysone
d2556,mefenamic acid
d2557,megestrol acetate
d2558,meglutol
d2559,melatonin
d2560,mellitic acid
d2561,meloxicam
d2562,melphalan
d2563,menadione
d2564,menotropins
d2565,menthol
d2566,mepenzolate
d2567,mephentermine
d2568,mephenytoin
d2569,mephobarbital
d2570,mepolizumab
d2571,meprobamate
d2572,mequitazine
d2573,mercaptopurine
d2574,mercuric iodide
d2575,merestinib
d2576,meriolin 3
d2577,meriolin 5
d2578,meropenem
d2579,mesalamine
d2580,mesoridazine
d2581,mestranol
d2582,metacresol
d2583,metaproterenol sulfate
d2584,metaraminol
d2585,metformin
d2586,methacholine
d2587,methadone
d2588,methadyl acetate
d2589,methamphetamine
d2590,methantheline
d2591,metharbital
d2592,methazolamide
d2593,methdilazine
d2594,methimazole
d2595,methionine
d2596,methionine sulfoxide
d2597,methixene
d2598,methocarbamol
d2599,methohexital
d2600,methotrexate
d2601,methoxamine
d2602,methoxsalen
d2603,methoxyarachidonoyl fluorophosphonate
d2604,methoxyflurane
d2605,methsuximide
d2606,methyclothiazide
d2607,methyl aminolevulinate
d2608,methyl nonyl ketone
d2609,methylcellulose
d2610,methylene blue
d2611,methylenedioxymethamphetamine
d2612,methylethylamine
d2613,methylglyoxal
d2614,methylnaltrexone
d2615,methylphenidate
d2616,methylprednisolone
d2617,methylpromazine
d2618,methyltestosterone
d2619,methylthioadenosine
d2620,methyprylon
d2621,methysergide
d2622,metiamide
d2623,metipranolol
d2624,metoclopramide
d2625,metocurine
d2626,metocurine iodide
d2627,metolazone
d2628,metoprine
d2629,metoprolol succinate
d2630,metreleptin
d2631,metribolone
d2632,metronidazole
d2633,metyrapone
d2634,metyrosine
d2635,mexiletine
d2636,mgcd-265
d2637,mianserin
d2638,mibefradil
d2639,micafungin
d2640,miconazole
d2641,midazolam
d2642,midostaurin
d2643,mifepristone
d2644,miglitol
d2645,miglustat
d2646,miltefosine
d2647,minaprine
d2648,mineral oil
d2649,minoxidil
d2650,mirabegron
d2651,mirtazapine
d2652,misonidazole
d2653,misoprostol
d2654,mitiglinide
d2655,mitomycin
d2656,mitotane
d2657,mitoxantrone
d2658,mivacurium
d2659,mk-2206
d2660,mm-302
d2661,mocetinostat
d2662,moclobemide
d2663,modafinil
d2664,momelotinib
d2665,mometasone furoate
d2666,monastrol
d2667,monobenzone
d2668,monothioglycerol
d2669,moricizine
d2670,morphine
d2671,motesanib
d2672,motuporin
d2673,moxifloxacin
d2674,moxonidine
d2675,msc-2363318a
d2676,muromonab-cd3
d2677,mycophenolate mofetil
d2678,mycophenolic acid
d2679,myeloperoxidase
d2680,myricetin
d2681,myristic acid
d2682,myxothiazol
d2687,nabilone
d2688,nabumetone
d2683,n-acetylglucosamine
d2689,nadolol
d2690,nadroparin calcium
d2691,nafarelin
d2692,nafoxidine
d2693,naloxegol
d2694,naloxone
d2695,naltrexone
d2696,nandrolone decanoate
d2697,nandrolone phenpropionate
d2698,naphazoline
d2699,naphthalene trisulfonate
d2700,naproxen
d2701,natalizumab
d2702,nateglinide
d2703,navitoclax
d2704,nebivolol
d2705,nebularine
d2706,necitumumab
d2707,nelarabine
d2708,nelfinavir
d2709,neomycin
d2710,nepafenac
d2711,neratinib
d2712,nesiritide
d2684,n-ethylmaleimide
d2713,netupitant
d2714,nevirapine
d2715,niacin
d2716,niacinamide
d2717,nialamide
d2718,nicardipine
d2719,nicergoline
d2720,niclosamide
d2721,nicotine
d2722,nifedipine
d2723,niflumic acid
d2724,nilotinib
d2725,nilutamide
d2726,nilvadipine
d2727,nimesulide
d2728,nimodipine
d2729,nimotuzumab
d2730,nimustine hydrochloride
d2731,nintedanib
d2732,niraparib
d2733,nirogacestat
d2734,nisoldipine
d2735,nitisinone
d2736,nitrazepam
d2737,nitrendipine
d2738,nitric oxide
d2739,nitrilotriacetic acid
d2740,nitrofurantoin
d2741,nitroglycerin
d2742,nitroxoline
d2743,nivolumab
d2744,nizatidine
d2685,n-methyl-n-nitrosurea
d2686,"n,n-dimethyltryptamine"
d2745,nocodazole
d2746,nomifensine
d2747,nonacog alfa
d2748,nordihydroguaiaretic acid
d2749,norelgestromin
d2750,norepinephrine
d2751,norethindrone
d2752,norfloxacin
d2753,norgestimate
d2754,norgestrel
d2755,norleucine
d2756,norvaline
d2757,novobiocin
d2758,nutlin-2
d2759,nutlin-3
d2760,nvp-auy922
d2761,nystatin
d2763,obatoclax
d2762,o-benzyl-l-serine
d2764,obeticholic acid
d2765,obinutuzumab
d2766,ocimarin
d2767,ocriplasmin
d2769,octanoylcarnitine
d2768,octanoyl-coa
d2770,octreotide
d2771,ofatumumab
d2772,ofloxacin
d2773,olanzapine
d2774,olaparib
d2775,olaratumab
d2776,olcegepant
d2777,oleic acid
d2778,olodaterol
d2779,olomoucine
d2780,olomoucine ii
d2781,olsalazine
d2782,oltipraz
d2783,omacetaxine mepesuccinate
d2784,omalizumab
d2785,omapatrilat
d2786,omeprazole
d2787,omipalisib
d2788,onartuzumab
d2789,ondansetron
d2790,oprelvekin
d2791,oregovomab
d2792,orlistat
d2793,ornithine
d2794,orotic acid
d2795,osanetant
d2796,osi-027
d2797,osimertinib
d2798,ospemifene
d2799,ouabain
d2800,ovalicin
d2801,oxacillin
d2802,oxalic acid
d2803,oxaliplatin
d2804,oxaloacetate
d2805,oxamate
d2806,oxandrolone
d2807,oxaprozin
d2808,oxazepam
d2809,oxcarbazepine
d2810,oxibendazole
d2811,oxiglutatione
d2812,oxprenolol
d2813,oxtriphylline
d2814,oxymetholone
d2815,oxyphenbutazone
d2816,oxyphencyclimine
d2817,oxyphenonium
d2818,oxypurinol
d2819,oxytocin
d2823,pa-799
d2824,paclitaxel
d2825,pacritinib
d2826,pagoclone
d2827,pala
d2828,palbociclib
d2829,palifermin
d2830,paliperidone
d2831,palivizumab
d2832,palmitaldehyde
d2833,palmitic acid
d2834,palonosetron
d2835,palovarotene
d2836,pamidronate disodium
d2837,pamidronic acid
d2820,p-anisic acid
d2838,panitumumab
d2839,panobinostat
d2840,pantoprazole
d2841,panulisib
d2842,papaverine
d2843,para-hydroxymercuribenzoic acid
d2845,paramethadione
d2846,paramethasone
d2844,para-methoxyamphetamine
d2847,parathyroid hormone
d2848,paratoulene phosphate
d2849,parecoxib
d2850,pargyline
d2851,paricalcitol
d2852,pasireotide
d2853,patritumab
d2854,patupilone
d2855,pazopanib
d2856,pd-0325901
d2857,pd-173074
d2858,pefloxacin
d2859,pegademase bovine
d2860,pegfilgrastim
d2861,peginesatide
d2862,peginterferon alfa-2a
d2863,peginterferon alfa-2b
d2864,pegvisomant
d2865,peldesine
d2866,pelitinib
d2867,pembrolizumab
d2868,pemetrexed (chembl1201258)
d2869,penbutolol
d2870,penicillamine
d2871,penicillin g potassium
d2872,penicillin g sodium
d2873,pentagastrin
d2874,pentamidine
d2875,pentamidine isethionate
d2876,pentanal
d2877,pentolinium
d2878,pentosan polysulfate sodium
d2879,pentostatin
d2880,pentoxifylline
d2881,perampanel
d2882,perflubron
d2883,perfosfamide
d2884,perhexiline
d2885,periciazine
d2886,perifosine
d2887,perillyl alcohol
d2888,permethrin
d2889,perphenazine
d2890,pertuzumab
d2891,pf-00477736
d2892,pf-04217903
d2893,pf-04691502
d2894,ph-797804
d2895,pha-665752
d2896,pha-680632
d2897,phenacemide
d2898,phenacetin
d2899,phenazopyridine hydrochloride
d2900,phencyclidine
d2901,phenethylamine
d2902,phenethylboronic acid
d2903,phenformin
d2904,phenindamine
d2905,phenindione
d2906,pheniramine
d2907,phenmetrazine
d2908,phenobarbital
d2909,phenolphthalein
d2910,phenothiazine
d2911,phenprocoumon
d2912,phenserine
d2913,phentermine hydrochloride
d2914,phentolamine
d2915,phenyl dihydrogen phosphate
d2916,phenylalanine methyl ester
d2917,phenylalanylaminodi(ethyloxy)ethyl benzenesulfonamideaminocarbonylbenzenesulfonamide
d2918,phenylbutanoic acid
d2919,phenylbutazone
d2920,phenylephrine
d2921,phenylpropanolamine
d2922,phenylpyruvate
d2923,phenylthiourea
d2924,phenytoin
d2925,phorbol myristate acetate
d2926,phosphatidylcholine
d2927,phosphatidylethanolamine
d2928,phosphoaminophosphonic acid guanylate ester
d2929,phosphocholine
d2930,phosphoenolpyruvate
d2931,phosphoglycolic acid
d2932,phosphoglycolohydroxamate
d2933,phosphomethylphosphonic acid adenylate ester
d2934,phosphomethylphosphonic acid guanosyl ester
d2935,phosphonoacetohydroxamate
d2936,phosphoramidon
d2937,phosphoribosyl pyrophosphate
d2938,phosphorylisopropane
d2939,photofrin
d2940,physostigmine
d2941,phytonadione
d2942,pi-103
d2943,piboserod
d2944,piceatannol
d2945,piclamilast
d2946,picrotin
d2947,picrotoxin
d2948,pictilisib
d2949,pilaralisib (chembl3218575)
d2950,pilocarpine
d2951,pimagedine hydrochloride
d2952,pimasertib
d2953,pimavanserin
d2954,pimecrolimus
d2955,pimonidazole
d2956,pimozide
d2957,pindolol
d2958,pioglitazone
d2959,pipecuronium
d2960,piperazine
d2961,pipotiazine
d2962,piracetam
d2963,pirarubicin
d2964,pirbuterol
d2965,pirenzepine
d2966,piretanide
d2967,pirfenidone
d2968,piritrexim
d2969,piroxicam
d2970,pitavastatin
d2971,pj34 (chembl372303)
d2972,pki-179
d2973,platelet activating factor
d2974,plerixafor
d2975,plevitrexed
d2976,plicamycin
d2977,plx-3397
d2978,plx-4720
d2979,plx-8394
d2821,p-nitrophenol
d2822,p-nitrophenylphosphate
d2980,podofilox
d2981,polyestradiol phosphate
d2982,polyethylene glycol
d2983,polythiazide
d2984,pomalidomide
d2985,ponatinib
d2986,posaconazole
d2987,potassium acetate
d2988,potassium chloride
d2989,potassium citrate
d2990,poziotinib
d2991,practolol
d2992,pralatrexate
d2993,pralnacasan
d2994,pramlintide
d2995,pranlukast
d2996,prasterone
d2997,prasugrel
d2998,pravastatin
d2999,prazepam
d3000,prazosin
d3001,prazosin hydrochloride
d3002,prednicarbate
d3003,prednisolone
d3004,prednisone
d3005,pregabalin
d3006,pregnenolone
d3007,prenylamine
d3008,prexasertib
d3009,pridinol
d3010,primaquine
d3011,primidone
d3012,prinaberel
d3013,probenecid
d3014,probucol
d3015,procaine
d3016,procarbazine
d3017,procaterol
d3018,prochlorperazine
d3019,procyclidine
d3020,prodigiosin
d3021,proflavine
d3022,progabide
d3023,progesterone
d3024,promazine
d3025,promethazine
d3026,propanol
d3027,propidium
d3028,propiomazine
d3029,propionic acid
d3030,propofol
d3031,propoxyphene hydrochloride
d3032,propoxyphene napsylate
d3033,propranolol
d3034,propylene glycol
d3035,propylhexedrine
d3036,propylthiouracil
d3037,protoporphyrin ix
d3038,proxyphylline
d3039,prucalopride
d3040,psoralen
d3041,puromycin
d3042,purvalanola
d3043,putrescine
d3044,pyrazinamide
d3045,pyrazole
d3046,pyridoxal
d3047,pyridoxal phosphate
d3048,pyridoxamine phosphate
d3049,pyridoxine
d3050,pyrilamine
d3051,pyrimethamine
d3052,pyroglutamic acid
d3053,pyrotinib
d3054,pyroxamide
d3055,pyruvate
d3056,pyrvinium
d3057,quarfloxin
d3058,quazepam
d3059,quercetin
d3060,quinacrine
d3061,quinacrine dihydrochloride
d3062,quinalizarin
d3063,quinapril
d3064,"quinazoline-2,4,6-triamine"
d3065,quinestrol
d3066,quinethazone
d3067,quinine
d3068,quisqualate
d3069,quizartinib
d3070,rabeprazole
d3071,radicicol
d3072,ragaglitazar
d3073,ralimetinib
d3074,raloxifene
d3075,raloxifene core
d3076,raloxifene hydrochloride
d3077,raltitrexed
d3078,ramelteon
d3079,ramipril
d3080,ramucirumab
d3081,ranibizumab
d3082,ranitidine
d3083,ranolazine
d3084,ravidasvir
d3085,razoxane
d6,(r)-bicalutamide
d3086,rebamipide
d3087,rebastinib
d3088,rebimastat
d3089,reboxetine
d3090,refametinib
d3091,regadenoson
d3092,regorafenib
d3093,regramostim
d3094,remifentanil
d3095,remikiren
d3096,remoxipride
d3097,renzapride
d3098,repaglinide
d3099,rescinnamine
d3100,reserpine
d3101,resiniferatoxin
d3102,resorcinol
d3103,resveratrol
d3104,reteplase
d3105,retinol
d3106,retinyl acetate
d3107,reversine
d3108,rg-547
d3109,rg-7602
d3110,rg-7666
d3111,ribavirin
d3112,ribociclib
d3113,ribostamycin
d3114,ridaforolimus
d3115,ridogrel
d3116,rifabutin
d3117,rifampicin
d3118,rifaximin
d3119,rigosertib
d3120,rilonacept
d3121,rilotumumab
d3122,rilpivirine
d3123,riluzole
d3124,rimexolone
d3125,rimonabant
d3126,rindopepimut
d3127,riociguat
d3128,risedronic acid
d3129,risperidone
d3130,ritodrine
d3131,ritonavir
d3132,rituximab
d3133,rivanicline
d3134,rivaroxaban
d3135,rizatriptan
d15,[r]-mesopram
d7,(r)-mexiletine
d8,(r)-mon-97
d3136,ro-3201195
d3137,ro-4987655
d3138,rociletinib
d3139,rofecoxib
d3140,roflumilast
d3141,rolicyclidine
d1,(-)-rolipram
d3142,rolipram
d3143,rolofylline (chembl52333)
d3144,romidepsin
d3145,ropinirole
d3146,roquinimex
d3147,rosiglitazone
d3148,rotigotine
d3149,roxatidine acetate
d3150,roxithromycin
d3151,rucaparib
d3152,rufinamide
d3153,rutin
d3154,ruxolitinib
d3155,s-222611
d3157,s-adenosylhomocysteine
d3156,s-adenosyl-l-methionine
d3158,safinamide
d3159,salicylic acid
d3160,salinomycin
d3161,salirasib
d3162,salmeterol
d3163,salsalate
d9,(s)-ampa
d3164,sapitinib
d3165,saprisartan potassium
d3166,sapropterin
d3167,saquinavir
d3168,saquinavir mesylate
d3169,sar-125844
d3170,sar-260301
d3171,saracatinib
d3172,sarcnu
d3173,sargramostim
d3174,saridegib
d3175,savolitinib
d3176,saxagliptin
d3177,sb-203580
d3178,sb-220025
d3179,sb590885
d3180,scopolamine
d3181,sd-0006
d3182,sebacic acid
d3183,secobarbital
d3184,secretin
d3185,secukinumab
d3186,selenocysteine
d3187,selenomethionine
d3188,selexipag
d3189,seliciclib
d3190,selumetinib
d3191,semaxanib
d3192,seocalcitol
d3193,serine
d3194,sermorelin acetate
d3195,sertindole
d3196,sertraline hydrochloride
d3197,sevoflurane
d3198,sf-1126
d3199,sgi-1776
d3200,sgx-523
d3201,sibutramine
d3202,silodosin
d3203,siltuximab
d3204,simvastatin
d3205,sipuleucel-t
d3206,sirolimus
d3207,sitaxentan
d3208,sns-314
d3209,sobetirome
d3210,sodium beta-nicotinamide adenine dinucleotide phosphate
d3211,sodium butyrate
d3212,sodium carbonate
d3213,sodium chloride
d3214,sodium heparin
d3215,sodium lauryl sulfate
d3216,sodium molybdate
d3217,sodium monofluorophosphate
d3218,sodium phenylbutyrate
d3219,sodium salicylate
d3220,sodium stibogluconate
d3221,sodium tetradecyl sulfate
d3222,solabegron
d3223,somatropin
d3224,sonepiprazole
d3225,sonolisib
d3226,sorafenib
d3227,soraphen a
d3228,sorbinil
d3229,sorbitol
d3230,soybean oil
d3231,sp-600125
d3232,sparfloxacin
d3233,spermidine
d3234,spermine
d3235,sphingosine
d3236,sphinxolide b
d3237,spirapril
d3238,spironolactone
d3239,squalamine
d11,"(s,r)-fidarestat"
d12,"(s,s)-fidarestat"
d3240,stanolone
d3241,staurosporine
d3242,stavudine
d3243,stavudine triphosphate
d3244,stearic acid
d3245,streptokinase
d3246,streptol
d3247,streptomycin
d3248,streptonigrin
d3249,streptozotocin
d3250,su-11652
d3251,succinic acid
d3252,sucralfate
d3253,sucrose
d3254,sucrosofate
d3255,sulfasalazine
d3256,sulfinpyrazone
d3257,sulforaphane
d3258,sulfuric acid
d3259,sulindac
d3260,sulindac sulfide
d3261,sulodexide
d3262,sulthiame
d3263,sumatriptan
d3264,sunitinib
d3265,suprofen
d3266,suramin
d3267,suvorexant
d10,(s)-willardiine
d3269,t091317
d3270,tacrine
d3271,tacrolimus
d3272,tadalafil
d3273,tae-684
d3274,tafluprost
d3275,tak-285
d3276,tak-441
d3277,tak-733
d3278,taladegib
d3279,talampanel
d3280,talazoparib
d3281,talbutal
d3282,talc
d3283,tamatinib
d3284,tamibarotene
d3285,tamoxifen
d3286,tanaproget
d3287,tandutinib
d3288,tanespimycin
d3289,tapentadol
d3290,tarenflurbil
d3291,targinine
d3292,tas-115
d3293,taselisib
d3294,tasimelteon
d3295,tasosartan
d3296,taurocholic acid
d3297,tazarotene
d3268,t-dm1
d3298,tecadenoson
d3299,tectorigenin
d3300,teduglutide
d3301,tegafur
d3302,tegaserod
d3303,telmisartan
d3304,temazepam
d3305,temocapril
d3306,temozolomide
d3307,temsirolimus
d3308,tenecteplase
d3309,teniposide
d3310,tenocyclidine
d3311,tenoxicam
d3312,tepotinib
d3313,teprotumumab
d3314,terbinafine
d3315,terfenadine
d3316,teriflunomide
d3317,teriparatide
d3318,terlipressin
d3319,tert-butanol
d3320,tesamorelin
d3321,tesevatinib
d3322,tesmilifene
d3323,tesmilifene hydrochloride
d3324,testolactone
d3325,testosterone
d3326,testosterone enanthate
d3327,testosterone propionate
d3328,testosterone undecanoate
d3329,tetanus toxoid
d3330,tetrabenazine
d3331,tetrabromobenzotriazole
d3332,tetracycline
d3333,tetradecanoyl-coa
d3334,tetrahydrofolate
d3335,tetrahydrouridine
d3336,tetrahydrozoline
d3337,tetramethylammonium ion
d3338,tetrodotoxin
d3339,tetrylammonium
d3340,tezacitabine
d3341,tg-02
d3342,thalidomide
d3343,theobromine
d3344,theophylline
d3345,thiabendazole
d3346,thiacloprid
d3347,thiamine
d3348,thiamylal
d3349,thiethylperazine
d3350,thiocolchicoside
d3351,thiodigalactoside
d3352,thioguanine
d3353,thiomerosal
d3354,thiopental
d3355,thioproline
d3356,thioproperazine
d3357,thiorphan
d3358,thiotepa
d3359,thiothixene
d3360,thiouracil
d3361,threonine
d3362,thrombin
d3363,thrombomodulin alfa
d3364,thymidine
d3365,thymidine monophosphate
d3366,thymidine_triphosphate
d3367,thyroglobulin
d3368,thyrotropin
d3369,thyroxine
d3370,tiapride
d3371,tiaprofenic acid
d3372,tibolone
d3373,ticagrelor
d3374,ticarcillin
d3375,tifluadom
d3376,tiludronic acid
d3377,timolol maleate
d3378,tinidazole
d3379,tinzaparin sodium
d3380,tioconazole
d3381,tipifarnib
d3382,tipiracil
d3383,tirapazamine
d3384,tiratricol
d3385,tirofiban
d3386,tivozanib
d3387,tocainide
d3388,tocilizumab
d3389,tocopherol acetate
d3390,tofacitinib
d3391,tofisopam
d3392,tolazamide
d3393,tolazoline
d3394,tolbutamide
d3395,tolcapone
d3396,tolmetin
d3397,tolrestat
d3398,tolterodine
d3399,tolvaptan
d3400,topiramate
d3401,topotecan
d3402,toremifene
d3403,torin1
d3404,torsemide
d3405,tositumomab
d3406,trabectedin
d3407,tramadol
d3408,trametinib
d3409,trandolapril
d3410,tranexamic acid
d3411,tranilast
d3,(+)-tranylcypromine
d3412,trastuzumab
d3413,trastuzumab emtansine
d3414,travoprost
d3415,treprostinil
d3416,tretazicar
d3417,tretinoin
d3418,triamcinolone
d3419,triamterene
d3420,triazolam
d3421,tributylstannanyl
d3422,tributyrin
d3423,tricarballylic acid
d3424,tricetin
d3425,trichlormethiazide
d3426,trichostatin
d3427,triciribine
d3428,tridecanoate
d3429,tridihexethyl
d3430,tridolgosir
d3431,trifluoperazine
d3432,trifluoroethanol
d3433,triflupromazine
d3434,trifluridine
d3435,triflusal
d3436,trilostane
d3437,trimetazidine
d3438,trimethadione
d3439,trimethaphan
d3440,trimethoprim
d3441,trimethyllysine
d3442,trimetrexate
d3443,tripelennamine
d3444,triphosphate
d3445,triptorelin
d3446,trodusquemine
d3447,trofosfamide
d3448,troglitazone
d3449,tromethamine
d3450,tropicamide
d3451,tropisetron
d3452,trovafloxacin
d3453,troxacitabine
d3454,tryptophan
d3455,tubastatin a
d3456,tubocurarine
d3457,tylosin
d3458,tyloxapol
d3459,tyrosine
d3460,tyrphostin a9
d3461,tyrphostin ag 879
d3462,u-0126
d3463,ubenimex
d3464,udenafil
d3465,ulimorelin hydrochloride
d3466,ulipristal
d3467,ulixertinib
d3468,umeclidinium
d3469,uprosertib
d3470,uracil
d3471,urea
d3472,uric acid
d3473,uridine
d3474,uridine diphosphate glucose
d3475,uridine triphosphate
d3476,uridine_diphosphate
d3477,urofollitropin
d3478,urokinase
d3479,ursodiol
d3480,ustekinumab
d3481,valdecoxib
d3482,valerian
d3483,valine
d3484,valinomycin
d3485,valproic acid
d3486,valrubicin
d3487,valsartan
d3488,valspodar
d3489,vandetanib
d3490,vantictumab
d3491,vapreotide
d3492,vardenafil
d3493,varenicline
d3494,variolin b
d3495,vasopressin
d3496,vatalanib
d3497,vedolizumab
d3498,vedotin
d3499,velcalcetide
d3500,veliparib
d3501,vemurafenib
d3502,venetoclax
d3503,venlafaxine
d3504,verapamil
d3505,verpasep caltespen
d3506,verteporfin
d3507,vesnarinone
d3508,vigabatrin
d3509,vilazodone
d3510,vildagliptin
d3511,vinblastine
d3512,vincristine
d3513,vindesine
d3514,vinorelbin ditartrate
d3515,vinorelbine base
d3516,vinorelbine tartrate
d3517,virginiamycin factor m1
d3518,virginiamycin factor s
d3519,vismodegib
d3520,vitamin b12
d3521,vitamin e
d3522,vitamin k
d3523,voacamine
d3524,voglibose
d3525,volanesorsen sodium
d3526,volasertib
d3527,vorapaxar
d3528,voriconazole
d3529,vorinostat
d3530,vortioxetine
d3531,voxtalisib
d3532,vs-5584
d3533,vx-745
d3534,vx-970
d3535,warfarin
d3536,wortmannin
d3537,x-396
d3538,ximelagatran
d3539,xylometazoline
d3540,xylose
d3541,y-27632
d3542,yohimbine
d3543,yondelis
d3545,zafirlukast
d3546,zalcitabine
d3547,zaleplon
d3548,zanamivir
d3549,zanapezil
d3550,zardaverine
d3551,zebularine
d3552,zenarestat
d3553,zidovudine
d3554,zileuton
d3555,zimeldine
d3556,zinc chloride
d3557,zinc sulfate
d3558,zm-241385
d3559,zofenopril
d3560,zofenoprilat
d3561,zoledronic acid
d3562,zolmitriptan
d3563,zomepirac
d3564,zonisamide
d3565,zopiclone
d3566,zopolrestat
d3544,z-pro-prolinal
d3567,zstk-474
d3568,zuclopenthixol