g1,a2m
g2,aadacl2
g3,aadat
g4,aanat
g5,aars
g6,aars2
g7,aass
g8,abat
g9,abca1
g10,abcb1
g11,abcb11
g12,abcb4
g13,abcc1
g14,abcc10
g15,abcc2
g16,abcc3
g17,abcc4
g18,abcc6
g19,abcc8
g20,abcc9
g21,abcg1
g22,abcg2
g23,abl1
g24,abl2
g25,abo
g26,acaa1
g27,acaca
g28,acacb
g29,acad8
g30,acadm
g31,acads
g32,acadsb
g33,acan
g34,acat1
g35,acat2
g36,ace
g37,ace2
g38,ache
g39,acly
g40,aco1
g41,aco2
g42,acot13
g43,acox1
g44,acp1
g45,acp5
g46,acpp
g47,acsl1
g48,acsl3
g49,acsl4
g50,acss1
g51,acss2
g52,acta1
g53,actb
g54,actc1
g55,actr2
g56,acvr1
g57,acvr1b
g58,acvrl1
g59,acy1
g60,acy3
g61,acyp2
g62,ada
g63,adam17
g64,adam28
g65,adamts4
g66,adamts5
g67,adcy1
g68,adcy2
g69,adcy5
g70,adcyap1
g71,adcyap1r1
g72,adh1a
g73,adh1b
g74,adh1c
g75,adh4
g76,adh5
g77,adh7
g78,adipoq
g79,adk
g80,adm
g81,adora1
g82,adora2a
g83,adora2b
g84,adora3
g85,adra1a
g86,adra1b
g87,adra1d
g88,adra2a
g89,adra2b
g90,adra2c
g91,adrb1
g92,adrb2
g93,adrb3
g94,adss
g95,adssl1
g96,afg3l2
g97,afp
g98,ager
g99,agt
g100,agtr1
g101,agtr2
g102,agxt
g103,agxt2
g104,ahcy
g105,ahr
g106,aifm1
g107,ak1
g108,ak2
g109,ak8
g110,akr1a1
g111,akr1b1
g112,akr1b10
g113,akr1c1
g114,akr1c2
g115,akr1c3
g116,akr1c4
g117,akr1d1
g118,akt1
g119,akt2
g120,akt3
g121,alad
g122,alas1
g123,alas2
g124,alb
g125,alcam
g126,aldh18a1
g127,aldh1a1
g128,aldh1a2
g129,aldh1a3
g130,aldh1b1
g131,aldh1l1
g132,aldh2
g133,aldh3a1
g134,aldh3a2
g135,aldh3b1
g136,aldh3b2
g137,aldh4a1
g138,aldh5a1
g139,aldh6a1
g140,aldh7a1
g141,aldh9a1
g142,aldoa
g143,aldob
g144,alk
g145,alkbh2
g146,alkbh3
g147,alox5
g148,alpl
g149,alpp
g150,alppl2
g151,ambp
g152,amd1
g153,amh
g154,amhr2
g155,amn
g156,amt
g157,amy1a
g158,amy2a
g159,amy2b
g160,ang
g161,angpt2
g162,ano1
g163,anpep
g164,anxa1
g165,anxa2
g166,anxa5
g167,aoc1
g168,aox1
g169,apaf1
g170,apc
g171,apex1
g172,apln
g173,apoa1
g174,apoa2
g175,apob
g176,apod
g177,apoe
g178,app
g179,aprt
g180,aqp1
g181,aqp8
g182,aqp9
g183,ar
g184,araf
g185,areg
g186,arf1
g187,arf6
g188,arg1
g189,arg2
g190,arid1a
g191,arl1
g192,arl3
g193,arl5b
g194,arnt
g195,arsb
g196,asic3
g197,asl
g198,asmt
g199,asna1
g200,asns
g201,aspa
g202,asph
g203,asrgl1
g204,ass1
g205,asxl1
g206,atf2
g207,atf3
g208,atf4
g209,atic
g210,atm
g211,atox1
g212,atp1a1
g213,atp2a1
g214,atp2c1
g215,atp4a
g216,atp5a1
g217,atp5b
g218,atp5c1
g219,atp5d
g220,atp6v1a
g221,atp6v1b2
g222,atp7a
g223,atp7b
g224,atp8a1
g225,atrx
g226,atxn1l
g227,aurka
g228,aurkb
g229,avpr1a
g230,avpr1b
g231,avpr2
g232,azin2
g233,b2m
g234,b3gat1
g235,b3gat3
g236,b4galt1
g237,b4galt2
g238,b4galt3
g239,b4galt4
g240,baat
g241,bace1
g242,bag1
g243,bap1
g244,bax
g245,bbox1
g246,bcat1
g247,bcat2
g248,bche
g249,bckdk
g250,bcl2
g251,bcl2l1
g252,bcl2l11
g253,bcl2l2
g254,bcl6
g255,bcor
g256,bcr
g257,bdh1
g258,bdkrb2
g259,bdnf
g260,bglap
g261,bhlhe40
g262,bhmt
g263,bhmt2
g264,birc5
g265,blm
g266,blvra
g267,blvrb
g268,braf
g269,brca1
g270,brca2
g271,brd2
g272,brd4
g273,bst1
g274,btf3p11
g275,btk
g276,c1qa
g277,c1qb
g278,c1qbp
g279,c1qc
g280,c1r
g281,c1s
g282,c3
g283,c4a
g284,c4b
g285,c5
g286,c8g
g287,ca1
g288,ca10
g289,ca11
g290,ca12
g291,ca13
g292,ca14
g293,ca2
g294,ca3
g295,ca4
g296,ca5a
g297,ca5b
g298,ca6
g299,ca7
g300,ca8
g301,ca9
g302,cacna1a
g303,cacna1b
g304,cacna1c
g305,cacna1d
g306,cacna1f
g307,cacna1g
g308,cacna1h
g309,cacna1i
g310,cacna1s
g311,cacna2d1
g312,cacna2d2
g313,cacna2d3
g314,cacnb1
g315,cacnb2
g316,cacnb3
g317,cacnb4
g318,cacng1
g319,cad
g320,calca
g321,calcr
g322,calm1
g323,calr
g324,caly
g325,camk1d
g326,camk1g
g327,camk2b
g328,camk2d
g329,camk2g
g330,camk4
g331,camlg
g332,camp
g333,cant1
g334,canx
g335,capns1
g336,card9
g337,cars
g338,cars2
g339,cartpt
g340,casp1
g341,casp3
g342,casp8
g343,casr
g344,cast
g345,cat
g346,cav1
g347,cbl
g348,cblb
g349,cblc
g350,cbs
g351,cck
g352,cckar
g353,cckbr
g354,ccl11
g355,ccl17
g356,ccl18
g357,ccl2
g358,ccl21
g359,ccl22
g360,ccl25
g361,ccl3
g362,ccl4
g363,ccl5
g364,ccl7
g365,ccna2
g366,ccnd1
g367,ccnd2
g368,ccnd3
g369,ccne1
g370,ccr2
g371,ccr5
g372,cct3
g373,cd14
g374,cd163
g375,cd19
g376,cd1a
g377,cd2
g378,cd22
g379,cd247
g380,cd274
g381,cd28
g382,cd33
g383,cd34
g384,cd38
g385,cd3d
g386,cd3e
g387,cd3g
g388,cd4
g389,cd40
g390,cd40lg
g391,cd44
g392,cd5
g393,cd52
g394,cd55
g395,cd58
g396,cd80
g397,cd83
g398,cd86
g399,cd9
g400,cda
g401,cdc25c
g402,cdc42
g403,cdh1
g404,cdh17
g405,cdh5
g406,cdipt
g407,cdk1
g408,cdk12
g409,cdk15
g410,cdk2
g411,cdk4
g412,cdk5
g413,cdk5r1
g414,cdk6
g415,cdk7
g416,cdk8
g417,cdk9
g418,cdkn1a
g419,cdkn1b
g420,cdkn1c
g421,cdkn2a
g422,cdkn2b
g423,cdkn2d
g424,cdo1
g425,cdx2
g426,ceacam1
g427,ceacam5
g428,cel
g429,cela1
g430,ces1
g431,ces1p1
g432,cetp
g433,cfb
g434,cfd
g435,cfl1
g436,cflar
g437,cftr
g438,cga
g439,cgb5
g440,chat
g441,chd1
g442,chek1
g443,chek2
g444,chit1
g445,chka
g446,chrfam7a
g447,chrm1
g448,chrm2
g449,chrm3
g450,chrm4
g451,chrm5
g452,chrna1
g453,chrna10
g454,chrna2
g455,chrna3
g456,chrna4
g457,chrna6
g458,chrna7
g459,chrna9
g460,chrnb2
g461,chrnb4
g462,chst11
g463,chuk
g464,cic
g465,cip2a
g466,cish
g467,ckb
g468,ckm
g469,ckmt1a
g470,ckmt2
g471,clc
g472,clcn2
g473,clcnka
g474,clec3b
g475,clk1
g476,clk3
g477,clu
g478,cmpk1
g479,cnr1
g480,cnr2
g481,coil
g482,col18a1
g483,col1a1
g484,col1a2
g485,col2a1
g486,col3a1
g487,comt
g488,comtd1
g489,cort
g490,cox4i1
g491,cox5a
g492,cox5b
g493,cox6a2
g494,cox6b1
g495,cox6c
g496,cox7a1
g497,cox7b
g498,cox7c
g499,cox8a
g500,cp
g501,cpa1
g502,cpb1
g503,cpb2
g504,cpd
g505,cpe
g506,cpq
g507,cps1
g508,cpt1a
g509,cpt2
g510,cr1
g511,cr2
g512,crabp2
g513,crat
g514,crbn
g515,creb1
g516,crebbp
g517,crh
g518,crmp1
g519,crot
g520,crp
g521,cryz
g522,cs
g523,csad
g524,csf1
g525,csf1r
g526,csf2
g527,csf2ra
g528,csf2rb
g529,csf3r
g530,csk
g531,csnk1a1
g532,csnk1g1
g533,csnk1g2
g534,csnk1g3
g535,csnk2a1
g536,csnk2a2
g537,cspg4
g538,cst3
g539,ctag1b
g540,ctbp1
g541,ctdsp1
g542,ctgf
g543,cth
g544,ctla4
g545,ctnnb1
g546,ctps1
g547,ctrb1
g548,ctsb
g549,ctsc
g550,ctsd
g551,ctsf
g552,ctsg
g553,ctsh
g554,ctsk
g555,ctsl
g556,ctss
g557,cubn
g558,cx3cl1
g559,cxcl10
g560,cxcl12
g561,cxcl2
g562,cxcl8
g563,cxcr1
g564,cxcr2
g565,cxcr4
g566,cyb5r1
g567,cyb5r3
g568,cyc1
g569,cycs
g570,cyp11a1
g571,cyp11b1
g572,cyp11b2
g573,cyp17a1
g574,cyp19a1
g575,cyp1a1
g576,cyp1a2
g577,cyp1b1
g578,cyp20a1
g579,cyp21a2
g580,cyp27a1
g581,cyp27b1
g582,cyp2a6
g583,cyp2b6
g584,cyp2c18
g585,cyp2c19
g586,cyp2c8
g587,cyp2c9
g588,cyp2d6
g589,cyp2e1
g590,cyp3a4
g591,cyp3a43
g592,cyp3a5
g593,cyp3a7
g594,cyp4a11
g595,cyp4b1
g596,cyp51a1
g597,cyp7b1
g598,cyr61
g599,cysltr1
g600,cyth2
g601,cyth3
g602,dao
g603,dapk1
g604,dapk3
g605,dapp1
g606,dars
g607,dars2
g608,dbh
g609,dbi
g610,dbp
g611,dck
g612,dcn
g613,dcps
g614,dct
g615,dcxr
g616,ddah1
g617,ddah2
g618,ddc
g619,ddit3
g620,ddr2
g621,ddx43
g622,decr1
g623,defa1
g624,defa5
g625,des
g626,dffb
g627,dgka
g628,dgkd
g629,dgkg
g630,dhcr7
g631,dhfr
g632,dhfr2
g633,dhodh
g634,dhrs3
g635,dhrs4
g636,dhrs4l1
g637,dhrs4l2
g638,diablo
g639,dkk1
g640,dlat
g641,dld
g642,dlg4
g643,dmpk
g644,dnmt1
g645,dnmt3a
g646,dnpep
g647,dntt
g648,dock10
g649,dpep1
g650,dph5
g651,dpp4
g652,dpyd
g653,dpys
g654,dpysl3
g655,drd1
g656,drd2
g657,drd3
g658,drd4
g659,drd5
g660,dsg1
g661,dsp
g662,dstn
g663,dtymk
g664,dusp1
g665,dusp23
g666,dusp6
g667,dut
g668,e2f1
g669,ears2
g670,ebp
g671,echs1
g672,eci1
g673,eci2
g674,edn1
g675,edn3
g676,ednra
g677,ednrb
g678,eef1a1
g679,eef2
g680,efl1
g681,egf
g682,egfr
g683,egln1
g684,egln2
g685,egln3
g686,egr2
g687,ehhadh
g688,eif2ak2
g689,eif2b1
g690,eif2s1
g691,eif2s3
g692,eif4e
g693,eif4ebp1
g694,elane
g695,elavl1
g696,elk1
g697,eln
g698,elovl4
g699,elspbp1
g700,eml4
g701,emp1
g702,eno2
g703,eno3
g704,enosf1
g705,enox2
g706,enpep
g707,enpp1
g708,epcam
g709,epha2
g710,epha7
g711,epha8
g712,ephb1
g713,ephb2
g714,ephb4
g715,ephx2
g716,epn1
g717,epo
g718,epor
g719,eprs
g720,epx
g721,erbb2
g722,erbb3
g723,erbb4
g724,ercc1
g725,ercc2
g726,ercc6
g727,ereg
g728,ero1b
g729,esd
g730,esr1
g731,esr2
g732,esrra
g733,esrrg
g734,etv1
g735,etv4
g736,etv5
g737,etv6
g738,extl2
g739,ezh2
g740,ezr
g741,f10
g742,f11
g743,f12
g744,f13a1
g745,f2
g746,f2r
g747,f2rl1
g748,f3
g749,f5
g750,f7
g751,f8
g752,f9
g753,faah
g754,fabp1
g755,fabp6
g756,fadd
g757,fads1
g758,fads2
g759,fah
g760,fancc
g761,fars2
g762,farsa
g763,farsb
g764,fas
g765,fasn
g766,fbp1
g767,fbxw7
g768,fcer1a
g769,fcer1g
g770,fcgr1a
g771,fcgr1b
g772,fcgr2a
g773,fcgr2b
g774,fcgr2c
g775,fcgr3a
g776,fcgr3b
g777,fdft1
g778,fdps
g779,fdx1
g780,fdxr
g781,fech
g782,fen1
g783,ffar1
g784,fga
g785,fgb
g786,fgf1
g787,fgf2
g788,fgf3
g789,fgf4
g790,fgf6
g791,fgfr1
g792,fgfr2
g793,fgfr3
g794,fgfr4
g795,fgg
g796,fh
g797,fhit
g798,fkbp1a
g799,fkbp4
g800,flt1
g801,flt3
g802,flt4
g803,fn1
g804,fnta
g805,fntb
g806,folh1
g807,folr1
g808,folr2
g809,folr3
g810,fos
g811,fosl1
g812,foxo1
g813,foxp3
g814,fpgs
g815,fshr
g816,fst
g817,ftcd
g818,fth1
g819,ftl
g820,furin
g821,fus
g822,fxn
g823,fxyd2
g824,fyn
g825,g6pd
g826,gaa
g827,gabbr1
g828,gabbr2
g829,gabpa
g830,gabra1
g831,gabra2
g832,gabra3
g833,gabra4
g834,gabra5
g835,gabra6
g836,gabrb1
g837,gabrb2
g838,gabrb3
g839,gabrd
g840,gabre
g841,gabrg1
g842,gabrg2
g843,gabrg3
g844,gabrp
g845,gabrq
g846,gabrr1
g847,gabrr2
g848,gabrr3
g849,gad1
g850,gad2
g851,gadd45a
g852,gadl1
g853,gal
g854,galc
g855,gale
g856,galp
g857,galr1
g858,gamt
g859,ganab
g860,ganc
g861,gapdh
g862,gapdhs
g863,gars
g864,gas6
g865,gata1
g866,gata2
g867,gatb
g868,gatm
g869,gba
g870,gc
g871,gcat
g872,gcdh
g873,gcg
g874,gcgr
g875,gch1
g876,gck
g877,gclc
g878,gclm
g879,gcsh
g880,gda
g881,gdf15
g882,gdnf
g883,gfap
g884,gfer
g885,ggact
g886,ggcx
g887,ggh
g888,ggps1
g889,ggt1
g890,ghr
g891,ghrh
g892,ghrhr
g893,ghrl
g894,ghsr
g895,gja1
g896,gldc
g897,gli1
g898,glo1
g899,glp1r
g900,glp2r
g901,glra1
g902,glra2
g903,glra3
g904,glrb
g905,glrx
g906,glrx2
g907,gls
g908,gls2
g909,glt6d1
g910,gltp
g911,glud1
g912,glud2
g913,glul
g914,glyat
g915,glyatl1
g916,glyatl2
g917,gm2a
g918,gmds
g919,gmpr
g920,gmps
g921,gna11
g922,gnai1
g923,gnaq
g924,gnas
g925,gnat1
g926,gng2
g927,gnly
g928,gnmt
g929,gnpda1
g930,gnrh1
g931,gnrhr
g932,gnrhr2
g933,got1
g934,got2
g935,gpd1
g936,gpd2
g937,gphn
g938,gpi
g939,gpr18
g940,gprc5a
g941,gpt
g942,gpt2
g943,gpx1
g944,gpx2
g945,gpx3
g946,gpx4
g947,gpx5
g948,gpx6
g949,gpx7
g950,gpx8
g951,grb2
g952,gria1
g953,gria2
g954,gria3
g955,gria4
g956,grid1
g957,grid2
g958,grik1
g959,grik2
g960,grik3
g961,grik4
g962,grik5
g963,grin1
g964,grin2a
g965,grin2b
g966,grin2c
g967,grin2d
g968,grin3a
g969,grin3b
g970,grk2
g971,grk3
g972,grm1
g973,grm4
g974,grm5
g975,grm7
g976,grm8
g977,grp
g978,gsk3b
g979,gsn
g980,gspt1
g981,gsr
g982,gss
g983,gsta1
g984,gsta2
g985,gsta3
g986,gsta4
g987,gsta5
g988,gstk1
g989,gstm1
g990,gstm2
g991,gstm3
g992,gstm4
g993,gstm5
g994,gsto1
g995,gsto2
g996,gstp1
g997,gstt1
g998,gstt2
g999,gstz1
g1000,guca1a
g1001,guca2a
g1002,guca2b
g1003,gucy1a2
g1004,gucy2c
g1005,guk1
g1006,gyg1
g1007,gypa
g1008,gzma
g1009,h2afx
g1010,h6pd
g1011,habp2
g1012,habp4
g1013,hadh
g1014,hadha
g1015,hagh
g1016,hal
g1017,hao1
g1018,hapln1
g1019,hapln3
g1020,hapln4
g1021,hars
g1022,has3
g1023,haspin
g1024,hba1
g1025,hbb
g1026,hcar2
g1027,hcar3
g1028,hck
g1029,hcn2
g1030,hcrt
g1031,hcrtr1
g1032,hcrtr2
g1033,hdac1
g1034,hdac2
g1035,hdac3
g1036,hdac4
g1037,hdac6
g1038,hdac7
g1039,hdac8
g1040,hdc
g1041,herc2
g1042,hes1
g1043,hexb
g1044,hgf
g1045,hgs
g1046,hibadh
g1047,hibch
g1048,hif1a
g1049,hif1an
g1050,hint1
g1051,hist3h2a
g1052,hist4h4
g1053,hk1
g1054,hla-a
g1055,hla-b
g1056,hla-dra
g1057,hla-drb1
g1058,hlcs
g1059,hmgb1
g1060,hmgcr
g1061,hmmr
g1062,hmox1
g1063,hmox2
g1064,hnf1a
g1065,hnf4a
g1066,hnmt
g1067,hoxa9
g1068,hoxb1
g1069,hoxd1
g1070,hp
g1071,hpd
g1072,hpgd
g1073,hpgds
g1074,hpn
g1075,hprt1
g1076,hpse
g1077,hras
g1078,hrh1
g1079,hrh2
g1080,hrh3
g1081,hrh4
g1082,hs3st1
g1083,hs3st3a1
g1084,hsd11b1
g1085,hsd11b2
g1086,hsd17b1
g1087,hsd17b10
g1088,hsd17b11
g1089,hsd17b2
g1090,hsd17b3
g1091,hsd17b4
g1092,hsd17b6
g1093,hsd17b7
g1094,hsd17b8
g1095,hsd3b1
g1096,hsd3b2
g1097,hsp90aa1
g1098,hsp90ab1
g1099,hsp90b1
g1100,hspa4
g1101,hspa5
g1102,hspa8
g1103,hspa9
g1104,hspb1
g1105,hspb2
g1106,hspd1
g1107,hspg2
g1108,htr1a
g1109,htr1b
g1110,htr1d
g1111,htr1e
g1112,htr1f
g1113,htr2a
g1114,htr2b
g1115,htr2c
g1116,htr3a
g1117,htr4
g1118,htr5a
g1119,htr6
g1120,htr7
g1121,htra1
g1122,hus1
g1123,hyal2
g1124,iars
g1125,iars2
g1126,ibsp
g1127,icam1
g1128,icam3
g1129,ide
g1130,idh1
g1131,idh2
g1132,idh3a
g1133,idh3b
g1134,idh3g
g1135,idi1
g1136,ifi27
g1137,ifna1
g1138,ifnar1
g1139,ifnar2
g1140,ifnb1
g1141,ifng
g1142,ifngr1
g1143,ifngr2
g1144,igf1
g1145,igf1r
g1146,igf2
g1147,igf2r
g1148,igfbp1
g1149,igfbp4
g1150,igfbp5
g1151,igfbp7
g1152,ighg1
g1153,ighg2
g1154,ighv3-23
g1155,igkc
g1156,igkv2-30
g1157,iglc1
g1158,igsf10
g1159,ikbkb
g1160,ikzf1
g1161,il10
g1162,il11
g1163,il11ra
g1164,il12b
g1165,il15
g1166,il17a
g1167,il17f
g1168,il18
g1169,il1a
g1170,il1b
g1171,il1r1
g1172,il1rn
g1173,il2
g1174,il2ra
g1175,il2rb
g1176,il2rg
g1177,il3
g1178,il3ra
g1179,il4i1
g1180,il5
g1181,il6
g1182,il6r
g1183,il7
g1184,il7r
g1185,ilf3
g1186,impdh1
g1187,impdh2
g1188,impg2
g1189,incenp
g1190,inhbe
g1191,inpp1
g1192,inpp5b
g1193,ins
g1194,insr
g1195,irak4
g1196,irf2
g1197,irgc
g1198,irs1
g1199,irs2
g1200,isg20
g1201,isyna1
g1202,itga2b
g1203,itga4
g1204,itga5
g1205,itgal
g1206,itgam
g1207,itgav
g1208,itgax
g1209,itgb2
g1210,itgb3
g1211,itgb7
g1212,itk
g1213,itpa
g1214,itpka
g1215,itpr1
g1216,ivd
g1217,ivl
g1218,jag1
g1219,jak1
g1220,jak2
g1221,jak3
g1222,jun
g1223,junb
g1224,jund
g1225,kars
g1226,kat2a
g1227,kat2b
g1228,kat5
g1229,kcna1
g1230,kcna10
g1231,kcna2
g1232,kcna3
g1233,kcna4
g1234,kcna5
g1235,kcna6
g1236,kcna7
g1237,kcnb1
g1238,kcnb2
g1239,kcnc1
g1240,kcnc2
g1241,kcnc3
g1242,kcnd1
g1243,kcnd2
g1244,kcnd3
g1245,kcne1
g1246,kcnh2
g1247,kcnh6
g1248,kcnh7
g1249,kcnj1
g1250,kcnj11
g1251,kcnj12
g1252,kcnj3
g1253,kcnj5
g1254,kcnj6
g1255,kcnj8
g1256,kcnk2
g1257,kcnk3
g1258,kcnk9
g1259,kcnma1
g1260,kcnmb1
g1261,kcnmb2
g1262,kcnmb3
g1263,kcnmb4
g1264,kcnn1
g1265,kcnn2
g1266,kcnn3
g1267,kcnn4
g1268,kcnq1
g1269,kcnq2
g1270,kcnq3
g1271,kcnq4
g1272,kcnq5
g1273,kdm5d
g1274,kdr
g1275,keap1
g1276,kif11
g1277,kif1a
g1278,kif2c
g1279,kit
g1280,klk1
g1281,klk3
g1282,klk6
g1283,klkb1
g1284,kmt2a
g1285,kras
g1286,krt12
g1287,krt18
g1288,krt19
g1289,krt20
g1290,krt7
g1291,krt8
g1292,krtap5-2
g1293,krtap5-3
g1294,kyat1
g1295,kyat3
g1296,kynu
g1297,l3hypdh
g1298,lalba
g1299,lama5
g1300,lamp1
g1301,lap3
g1302,lars
g1303,lars2
g1304,layn
g1305,lcat
g1306,lck
g1307,lcmt1
g1308,lcmt2
g1309,lcn2
g1310,lcn9
g1311,lct
g1312,lctl
g1313,ldha
g1314,ldhal6a
g1315,ldhal6b
g1316,ldhb
g1317,ldhc
g1318,ldlr
g1319,lep
g1320,lepr
g1321,lgals1
g1322,lgals2
g1323,lgals7
g1324,lgsn
g1325,lhcgr
g1326,lias
g1327,lif
g1328,lipa
g1329,lipc
g1330,lipe
g1331,lipf
g1332,lipt1
g1333,lmo2
g1334,loh19cr1
g1335,lpa
g1336,lpar2
g1337,lpl
g1338,lpo
g1339,lrat
g1340,lrp1
g1341,lrp1b
g1342,lrp2
g1343,lsm6
g1344,lss
g1345,lta
g1346,lta4h
g1347,ltc4s
g1348,ltf
g1349,lum
g1350,ly96
g1351,lyn
g1352,lyz
g1353,m6pr
g1354,magea1
g1355,man1b1
g1356,man2a1
g1357,maoa
g1358,maob
g1359,map1a
g1360,map2
g1361,map2k1
g1362,map2k2
g1363,map2k3
g1364,map3k2
g1365,map4
g1366,mapk1
g1367,mapk10
g1368,mapk14
g1369,mapk3
g1370,mapk8
g1371,mapk8ip1
g1372,mapk9
g1373,mapkapk2
g1374,mapkapk3
g1375,mapt
g1376,marcksl1
g1377,mark2
g1378,mat1a
g1379,mat2a
g1380,matk
g1381,mb
g1382,mbl2
g1383,mbp
g1384,mc1r
g1385,mc2r
g1386,mccc1
g1387,mccc2
g1388,mcl1
g1389,mdh1
g1390,mdh2
g1391,mdk
g1392,mdm2
g1393,me1
g1394,me2
g1395,me3
g1396,med1
g1397,mertk
g1398,met
g1399,metap1
g1400,metap2
g1401,mgam
g1402,mgat1
g1403,mgea5
g1404,mgmt
g1405,mgst1
g1406,mgst2
g1407,mgst3
g1408,mia
g1409,mif
g1410,mitf
g1411,mkl1
g1412,mlana
g1413,mlh1
g1414,mmaa
g1415,mmab
g1416,mmachc
g1417,mme
g1418,mmp1
g1419,mmp10
g1420,mmp11
g1421,mmp12
g1422,mmp13
g1423,mmp14
g1424,mmp15
g1425,mmp16
g1426,mmp17
g1427,mmp19
g1428,mmp2
g1429,mmp20
g1430,mmp21
g1431,mmp23a
g1432,mmp24
g1433,mmp25
g1434,mmp26
g1435,mmp27
g1436,mmp28
g1437,mmp3
g1438,mmp7
g1439,mmp8
g1440,mmp9
g1441,mocos
g1442,mpl
g1443,mpo
g1444,mpst
g1445,ms4a1
g1446,ms4a2
g1447,msh2
g1448,msh3
g1449,msh6
g1450,msmo1
g1451,msr1
g1452,mst1
g1464,mt1e
g1465,mt1f
g1466,mt1g
g1467,mt1h
g1468,mt1ip
g1469,mt1jp
g1470,mt2a
g1471,mtap
g1453,mt-co1
g1454,mt-co2
g1455,mt-co3
g1456,mt-cyb
g1472,mtfmt
g1473,mthfd1
g1474,mthfd2
g1475,mthfr
g1457,mt-nd1
g1458,mt-nd2
g1459,mt-nd3
g1460,mt-nd4
g1461,mt-nd4l
g1462,mt-nd5
g1463,mt-nd6
g1476,mtnr1a
g1477,mtnr1b
g1478,mtor
g1479,mtr
g1480,mtrr
g1481,mttp
g1482,muc1
g1483,muc16
g1484,muc2
g1485,mut
g1486,myb
g1487,myc
g1488,mycn
g1489,myd88
g1490,myh14
g1491,mylk2
g1492,myo9b
g1493,myod1
g1494,nadsyn1
g1495,nae1
g1496,naga
g1497,nagk
g1498,naglu
g1499,nagpa
g1500,nags
g1501,napepld
g1502,naprt
g1503,nars
g1504,nars2
g1505,nat1
g1506,nat2
g1507,ncan
g1508,ncf1
g1509,ncf2
g1510,ncoa1
g1511,ncoa2
g1512,ncoa3
g1513,ncoa5
g1514,ndufa1
g1515,ndufa10
g1516,ndufa11
g1517,ndufa12
g1518,ndufa13
g1519,ndufa2
g1520,ndufa3
g1521,ndufa4
g1522,ndufa4l2
g1523,ndufa5
g1524,ndufa6
g1525,ndufa7
g1526,ndufa8
g1527,ndufa9
g1528,ndufab1
g1529,ndufb1
g1530,ndufb10
g1531,ndufb2
g1532,ndufb3
g1533,ndufb4
g1534,ndufb5
g1535,ndufb6
g1536,ndufb7
g1537,ndufb8
g1538,ndufb9
g1539,ndufc1
g1540,ndufc2
g1541,ndufs1
g1542,ndufs2
g1543,ndufs3
g1544,ndufs4
g1545,ndufs5
g1546,ndufs6
g1547,ndufs7
g1548,ndufs8
g1549,ndufv1
g1550,ndufv2
g1551,ndufv3
g1552,neu2
g1553,neurod1
g1554,nf1
g1555,nf2
g1556,nfe2
g1557,nfe2l1
g1558,nfe2l2
g1559,nfkb1
g1560,nfkb2
g1561,nfkbia
g1562,nfs1
g1563,ngb
g1564,ngf
g1565,nid1
g1566,nisch
g1567,nlrp3
g1568,nme1
g1569,nme2
g1570,nmnat1
g1571,nmnat3
g1572,nmral1
g1573,nmt1
g1574,nmt2
g1575,nnmt
g1576,nnt
g1577,nos1
g1578,nos2
g1579,nos3
g1580,notch1
g1581,nov
g1582,noxo1
g1583,npc1l1
g1584,npm1
g1585,nppb
g1586,nppc
g1587,npr1
g1588,npr2
g1589,npsr1
g1590,npy
g1591,npy2r
g1592,nqo1
g1593,nqo2
g1594,nr0b1
g1595,nr1h2
g1596,nr1h3
g1597,nr1h4
g1598,nr1i2
g1599,nr1i3
g1600,nr2c1
g1601,nr3c1
g1602,nr3c2
g1603,nr4a1
g1604,nr5a1
g1605,nras
g1606,nrg1
g1607,nrip1
g1608,nrp1
g1609,nsdhl
g1610,nsf
g1611,nt5c2
g1612,nt5e
g1613,nt5m
g1614,ntf3
g1615,ntrk1
g1616,ntrk2
g1617,ntrk3
g1618,nts
g1619,ntsr2
g1620,nudt9
g1621,oat
g1622,oaz1
g1623,oaz2
g1624,oaz3
g1625,ocln
g1626,odc1
g1627,ogdh
g1628,ogfod1
g1629,ogfod2
g1630,ogg1
g1631,oplah
g1632,oprd1
g1633,oprk1
g1634,oprl1
g1635,oprm1
g1636,orm1
g1637,osm
g1638,otc
g1639,oxct1
g1640,oxct2
g1641,oxt
g1642,oxtr
g1643,p2rx1
g1644,p2rx4
g1645,p2ry12
g1646,p2ry2
g1647,p3h1
g1648,p3h2
g1649,p3h3
g1650,p4ha1
g1651,p4ha2
g1652,p4hb
g1653,p4htm
g1654,padi1
g1655,padi2
g1656,padi3
g1657,padi4
g1658,padi6
g1659,paep
g1660,pah
g1661,paics
g1662,palb2
g1663,pam
g1664,panx1
g1665,papola
g1666,papss1
g1667,parp1
g1668,parp15
g1669,parp2
g1670,parp3
g1671,pars2
g1672,pax2
g1673,pbk
g1674,pc
g1675,pcap
g1676,pcbd1
g1677,pcca
g1678,pccb
g1679,pck1
g1680,pcmt1
g1681,pcna
g1682,pcsk1
g1683,pcsk2
g1684,pcsk9
g1685,pctp
g1686,pcyt1a
g1687,pcyt1b
g1688,pdcd1
g1689,pdcd4
g1690,pde10a
g1691,pde11a
g1692,pde1a
g1693,pde1b
g1694,pde2a
g1695,pde3a
g1696,pde3b
g1697,pde4a
g1698,pde4b
g1699,pde4c
g1700,pde4d
g1701,pde5a
g1702,pde6g
g1703,pde6h
g1704,pde7a
g1705,pde7b
g1706,pde8a
g1707,pde9a
g1708,pdf
g1709,pdgfra
g1710,pdgfrb
g1711,pdha1
g1712,pdha2
g1713,pdhb
g1714,pdk1
g1715,pdk2
g1716,pdk3
g1717,pdk4
g1718,pdpk1
g1719,pdxdc1
g1720,pdxk
g1721,pdxp
g1722,pdyn
g1723,pebp1
g1724,pecam1
g1725,per1
g1726,pf4
g1727,pfas
g1728,pfkfb1
g1729,pfkfb4
g1730,pfn1
g1731,pfn2
g1732,pgam2
g1733,pgd
g1734,pgf
g1735,pggt1b
g1736,pgk1
g1737,pgr
g1738,phex
g1739,phgdh
g1740,phospho1
g1741,phyh
g1742,phykpl
g1743,pi3
g1744,pik3c3
g1745,pik3ca
g1746,pik3cb
g1747,pik3cd
g1748,pik3cg
g1749,pik3r1
g1750,pik3r2
g1751,pik3r3
g1752,pim1
g1753,pip
g1754,pipox
g1755,pisd
g1756,pkia
g1757,pklr
g1758,pkm
g1759,pla2g1b
g1760,pla2g2a
g1761,pla2g2d
g1762,pla2g2e
g1763,pla2g4a
g1764,pla2g6
g1765,pla2g7
g1766,plat
g1767,plau
g1768,plaur
g1769,plcd1
g1770,plcg2
g1771,plcl1
g1772,pld1
g1773,pld2
g1774,plekha4
g1775,plg
g1776,plin3
g1777,plk1
g1778,plod1
g1779,plod2
g1780,plod3
g1781,plpbp
g1782,pltp
g1783,pmaip1
g1784,pmel
g1785,pml
g1786,pmp2
g1787,pmp22
g1788,pms2
g1789,pnlip
g1790,pnliprp2
g1791,pnmt
g1792,pnp
g1793,pnpo
g1794,pola1
g1795,pola2
g1796,polb
g1797,pole
g1798,pole2
g1799,pole3
g1800,pole4
g1801,pomc
g1802,por
g1803,pou5f1
g1804,ppa1
g1805,ppara
g1806,ppard
g1807,pparg
g1808,ppat
g1809,ppia
g1810,ppib
g1811,ppic
g1812,ppif
g1813,ppig
g1814,ppih
g1815,ppp1cc
g1816,ppp1r1b
g1817,ppp2ca
g1818,ppp2cb
g1819,ppp3ca
g1820,ppp3r1
g1821,ppp3r2
g1822,ppt1
g1823,ppy
g1824,prdx1
g1825,prdx2
g1826,prdx5
g1827,prep
g1828,prg2
g1829,prim1
g1830,prkaa1
g1831,prkab1
g1832,prkab2
g1833,prkaca
g1834,prkacb
g1835,prkar1a
g1836,prkar2b
g1837,prkca
g1838,prkcb
g1839,prkcd
g1840,prkci
g1841,prkcq
g1842,prkd1
g1843,prl
g1844,prlr
g1845,prmt1
g1846,prmt3
g1847,proc
g1848,procr
g1849,prodh
g1850,pros1
g1851,proz
g1852,prss1
g1853,prss2
g1854,prss3
g1855,prtn3
g1856,psat1
g1857,psen1
g1858,psma7
g1859,psmb1
g1860,psmb10
g1861,psmb2
g1862,psmb5
g1863,psmb8
g1864,psmb9
g1865,psmd4
g1866,psph
g1867,ptch1
g1868,ptdss1
g1869,ptdss2
g1870,pten
g1871,ptgdr2
g1872,ptger1
g1873,ptger2
g1874,ptger3
g1875,ptger4
g1876,ptges
g1877,ptges3
g1878,ptgfr
g1879,ptgir
g1880,ptgis
g1881,ptgr1
g1882,ptgr2
g1883,ptgs1
g1884,ptgs2
g1885,pth
g1886,pth1r
g1887,pth2r
g1888,pthlh
g1889,ptk2
g1890,ptk2b
g1891,ptp4a1
g1892,ptp4a3
g1893,ptpn1
g1894,ptpn11
g1895,ptpn6
g1896,ptprb
g1897,ptprc
g1898,ptprd
g1899,ptprf
g1900,ptprz1
g1901,pvalb
g1902,pvr
g1903,pvt1
g1904,pxn
g1905,pycr1
g1906,pycr2
g1907,pycr3
g1908,pygb
g1909,pygl
g1910,pygm
g1911,pzp
g1912,qdpr
g1913,qprt
g1914,rab11a
g1915,rab5a
g1916,rab7a
g1917,rab8b
g1918,rab9a
g1919,rabggta
g1920,rabggtb
g1921,rac1
g1922,rad50
g1923,rad51
g1924,raf1
g1925,rala
g1926,ramp1
g1927,ramp2
g1928,ramp3
g1929,ran
g1930,rap2a
g1931,rara
g1932,rarb
g1933,rarg
g1934,rarres1
g1935,rb1
g1936,rbl1
g1937,rbl2
g1938,rbp1
g1939,rbp3
g1940,rbp4
g1941,rcvrn
g1942,rdh11
g1943,rdh12
g1944,rdh13
g1945,rdh14
g1946,rdh5
g1947,rdh8
g1948,reg1a
g1949,reg3a
g1950,ren
g1951,renbp
g1952,ret
g1953,retsat
g1954,rheb
g1955,rho
g1956,rhoa
g1957,rictor
g1958,rida
g1959,ripk1
g1960,rit1
g1961,rlbp1
g1962,rln2
g1963,rnase1
g1964,rnase2
g1965,rnase3
g1966,rnaseh2a
g1967,rnd3
g1968,rnf112
g1969,rock1
g1970,rock2
g1971,rora
g1972,rorb
g1973,ros1
g1974,rpe65
g1975,rpl10l
g1976,rpl11
g1977,rpl13a
g1978,rpl15
g1979,rpl19
g1980,rpl23
g1981,rpl23a
g1982,rpl26l1
g1983,rpl3
g1984,rpl37
g1985,rpl8
g1986,rps19
g1987,rps6ka1
g1988,rps6ka3
g1989,rps6kb1
g1990,rpsa
g1991,rrm1
g1992,rrm2
g1993,rrm2b
g1994,rsl24d1
g1995,rtcb
g1996,runx1
g1997,runx3
g1998,rxra
g1999,rxrb
g2000,rxrg
g2001,ryr1
g2002,s100a10
g2003,s100a12
g2004,s100a13
g2005,s100a7
g2006,s100a8
g2007,s100b
g2008,s1pr5
g2009,saa1
g2010,sag
g2011,sar1b
g2012,sars
g2013,scarb1
g2014,scd
g2015,scg5
g2016,scly
g2017,scmh1
g2018,scn10a
g2019,scn11a
g2020,scn1a
g2021,scn1b
g2022,scn2a
g2023,scn2b
g2024,scn3a
g2025,scn3b
g2026,scn4a
g2027,scn4b
g2028,scn5a
g2029,scn8a
g2030,scn9a
g2031,scnn1a
g2032,scnn1b
g2033,scnn1d
g2034,scnn1g
g2035,sctr
g2036,sdc1
g2037,sdc2
g2038,sdf4
g2039,sdha
g2040,sdhb
g2041,sdhc
g2042,sdhd
g2043,sds
g2044,sdsl
g2045,sec14l2
g2046,sec14l3
g2047,sec14l4
g2048,sele
g2049,selp
g2050,sepsecs
g2051,serpina1
g2052,serpina5
g2053,serpinb2
g2054,serpinb3
g2055,serpinb6
g2056,serpinc1
g2057,serpind1
g2058,serpine1
g2059,sf3b1
g2060,sftpa1
g2061,sftpb
g2062,sftpd
g2063,sgk1
g2064,sgpl1
g2065,sh2b3
g2066,shbg
g2067,shh
g2068,shmt1
g2069,shmt2
g2070,si
g2071,siglec1
g2072,sigmar1
g2073,sirt5
g2074,skp1
g2075,slamf1
g2076,slamf6
g2077,slamf7
g2078,slc12a1
g2079,slc12a2
g2080,slc12a3
g2081,slc12a4
g2082,slc12a5
g2083,slc12a6
g2084,slc12a7
g2085,slc13a1
g2086,slc13a2
g2087,slc13a3
g2088,slc15a1
g2089,slc15a2
g2090,slc16a1
g2091,slc16a2
g2092,slc16a3
g2093,slc16a4
g2094,slc16a5
g2095,slc16a6
g2096,slc16a7
g2097,slc16a8
g2098,slc18a1
g2099,slc18a2
g2100,slc19a2
g2101,slc19a3
g2102,slc1a1
g2103,slc1a2
g2104,slc1a3
g2105,slc1a4
g2106,slc1a5
g2107,slc1a6
g2108,slc1a7
g2109,slc22a11
g2110,slc22a3
g2111,slc22a4
g2112,slc22a5
g2113,slc22a6
g2114,slc22a7
g2115,slc22a8
g2116,slc23a1
g2117,slc25a10
g2118,slc25a12
g2119,slc25a13
g2120,slc25a15
g2121,slc25a18
g2122,slc25a2
g2123,slc25a20
g2124,slc25a22
g2125,slc25a29
g2126,slc25a4
g2127,slc25a5
g2128,slc25a6
g2129,slc28a1
g2130,slc28a2
g2131,slc29a1
g2132,slc29a2
g2133,slc2a1
g2134,slc2a2
g2135,slc2a4
g2136,slc2a5
g2137,slc32a1
g2138,slc36a1
g2139,slc38a3
g2140,slc5a1
g2141,slc5a2
g2142,slc5a6
g2143,slc6a1
g2144,slc6a11
g2145,slc6a12
g2146,slc6a13
g2147,slc6a14
g2148,slc6a2
g2149,slc6a3
g2150,slc6a4
g2151,slc6a5
g2152,slc6a7
g2153,slc6a8
g2154,slc6a9
g2155,slc7a1
g2156,slc7a11
g2157,slc7a2
g2158,slc7a3
g2159,slc7a4
g2160,slc7a8
g2161,slc8a1
g2162,slc9a3
g2163,slco1a2
g2164,slco1b1
g2165,slco1b3
g2166,slco2b1
g2167,slk
g2168,slpi
g2169,smad2
g2170,smad3
g2171,smad4
g2172,smad7
g2173,smarca4
g2174,smarca5
g2175,smarcb1
g2176,smn1
g2177,smo
g2178,smox
g2179,smpd3
g2180,smpd4
g2181,sms
g2182,snap25
g2183,snu13
g2184,soat1
g2185,soat2
g2186,sord
g2187,sox10
g2188,sp3
g2189,sp7
g2190,spint1
g2191,spire2
g2192,spp1
g2193,spr
g2194,sptlc1
g2195,sptlc2
g2196,sptlc3
g2197,sqle
g2198,src
g2199,srd5a1
g2200,srd5a2
g2201,srgn
g2202,sri
g2203,srpk2
g2204,srr
g2205,sst
g2206,sstr1
g2207,sstr2
g2208,sstr3
g2209,sstr5
g2210,st14
g2211,stab2
g2212,stag2
g2213,stag3
g2214,stat2
g2215,stat4
g2216,stat5b
g2217,stat6
g2218,stk11
g2219,stk17b
g2220,stmn1
g2221,stmn4
g2222,sts
g2223,sucla2
g2224,suclg1
g2225,suclg2
g2226,sucnr1
g2227,sufu
g2228,sult1a1
g2229,sult1a2
g2230,sult1e1
g2231,sult2a1
g2232,sult2b1
g2233,sv2a
g2234,syk
g2235,syn1
g2236,syp
g2237,syt2
g2238,sytl4
g2239,taar1
g2240,tac1
g2241,tac3
g2242,tacr1
g2243,tacr3
g2244,taf1
g2245,tagln
g2246,taok2
g2247,tars
g2248,tars2
g2249,tas1r2
g2250,tat
g2251,tbp
g2252,tbx21
g2253,tbxa2r
g2254,tbxas1
g2255,tcn1
g2256,tdo2
g2257,tead1
g2258,tec
g2259,tek
g2260,terc
g2261,tert
g2262,tet2
g2263,tfap2a
g2264,tff2
g2265,tff3
g2266,tfpi
g2267,tfpi2
g2268,tg
g2269,tgfb1
g2270,tgfb3
g2271,tgfbr1
g2272,tgfbr2
g2273,tgfbr3
g2274,tgm2
g2275,tgm3
g2276,th
g2277,thbd
g2278,thbs1
g2279,thbs2
g2280,thbs4
g2281,thnsl1
g2282,thpo
g2283,thra
g2284,thrb
g2285,thrsp
g2286,tjp1
g2287,tk1
g2288,tk2
g2289,tlr3
g2290,tlr4
g2291,tlr7
g2292,tlr8
g2293,tlr9
g2294,tmlhe
g2295,tmsb10
g2296,tnf
g2297,tnfaip6
g2298,tnfrsf10a
g2299,tnfrsf11b
g2300,tnfrsf1a
g2301,tnfrsf1b
g2302,tnfrsf8
g2303,tnfsf10
g2304,tnfsf11
g2305,tnfsf13b
g2306,tnk2
g2307,tnnc1
g2308,tnnc2
g2309,tnni3
g2310,top1
g2311,top2a
g2312,top2b
g2313,tp53
g2314,tp73
g2315,tph1
g2316,tpi1
g2317,tpk1
g2318,tpm3
g2319,tpmt
g2320,tpo
g2321,tpsab1
g2322,tpsb2
g2323,tpsd1
g2324,tpt1
g2325,trac
g2326,trappc3
g2327,trbc1
g2328,trh
g2329,trim13
g2330,trit1
g2331,trpa1
g2332,trpc1
g2333,trpm7
g2334,trpm8
g2335,trpv1
g2336,trpv3
g2337,tsc1
g2338,tsc2
g2339,tsc22d3
g2340,tshb
g2341,tshr
g2342,tspo
g2343,tspyl2
g2344,tsta3
g2345,ttk
g2346,tuba1a
g2347,tuba1b
g2348,tuba1c
g2349,tuba3c
g2350,tuba4a
g2351,tuba8
g2352,tubb
g2353,tubb1
g2354,tubb3
g2355,tubb4a
g2356,tubb4b
g2357,tubd1
g2358,tube1
g2359,tubg1
g2360,tufm
g2361,txndc12
g2362,txnip
g2363,txnrd1
g2364,tyk2
g2365,tymp
g2366,tyms
g2367,tyr
g2368,uap1
g2369,ube2d1
g2370,ubr1
g2371,ubr4
g2372,uck2
g2373,uckl1
g2374,ucp1
g2375,ucp2
g2376,ugcg
g2377,ugdh
g2378,ugt1a
g2379,ugt1a1
g2380,ugt1a10
g2381,ugt1a4
g2382,ugt1a5
g2383,ugt1a6
g2384,ugt1a7
g2385,ugt1a9
g2386,ugt3a1
g2387,umod
g2388,umps
g2389,ung
g2390,uox
g2391,upp1
g2392,uqcr10
g2393,uqcr11
g2394,uqcrb
g2395,uqcrc1
g2396,uqcrc2
g2397,uqcrfs1
g2398,uqcrh
g2399,uqcrq
g2400,urod
g2401,usp9y
g2402,vamp1
g2403,vamp2
g2404,vars
g2405,vav1
g2406,vcam1
g2407,vcan
g2408,vcp
g2409,vdac1
g2410,vdac2
g2411,vdac3
g2412,vdr
g2413,vegfa
g2414,vegfb
g2415,vhl
g2416,vim
g2417,vip
g2418,vkorc1
g2419,vkorc1l1
g2420,vldlr
g2421,vps37a
g2422,vtn
g2423,vwf
g2424,wars
g2425,wars2
g2426,wee1
g2427,wnt7a
g2428,wrn
g2429,wt1
g2430,wwox
g2431,xdh
g2432,xiap
g2433,xrcc1
g2434,xrcc5
g2435,yars
g2436,yars2
g2437,yes1
g2438,zap70
g2439,zeb1
g2440,zfp36l2